customer_id,first_name,last_name,age,gender,email,city,state,customer_segment,annual_income,credit_score,registration_date
1,Joseph,Anderson,65,M,joseph.anderson402@email.com,Dallas,AZ,Basic,122449,662,2021-01-21
2,Thomas,Martinez,60,F,thomas.martinez95@email.com,Jacksonville,CA,Standard,189677,830,2021-04-18
3,Thomas,Brown,72,F,thomas.brown579@email.com,San Jose,WA,Standard,99448,593,2023-04-09
4,Daniel,Williams,56,F,daniel.williams562@email.com,Dallas,IL,Basic,118465,692,2021-01-06
5,Nancy,Brown,65,F,nancy.brown483@email.com,Houston,IL,Standard,45167,610,2023-02-17
6,Joseph,Anderson,63,M,joseph.anderson295@email.com,Los Angeles,WA,Standard,168303,780,2022-04-17
7,Karen,Jones,27,F,karen.jones249@email.com,Phoenix,OH,Premium,108880,607,2023-02-06
8,Patricia,Garcia,70,F,patricia.garcia811@email.com,Chicago,PA,Basic,146534,819,2021-09-10
9,John,Williams,66,M,john.williams905@email.com,Phoenix,OH,Basic,122298,558,2022-08-07
10,Sarah,Moore,49,M,sarah.moore181@email.com,Chicago,TX,Basic,50703,847,2022-10-25
11,Sarah,Miller,58,F,sarah.miller963@email.com,Houston,WA,VIP,175704,801,2021-07-05
12,Lisa,Garcia,67,F,lisa.garcia754@email.com,Philadelphia,OH,VIP,182814,734,2022-04-30
13,Charles,Johnson,65,M,charles.johnson509@email.com,Philadelphia,AZ,Standard,139612,799,2022-09-29
14,Richard,Taylor,19,M,richard.taylor536@email.com,Phoenix,IL,Standard,111508,689,2023-03-07
15,Barbara,Rodriguez,20,F,barbara.rodriguez949@email.com,Chicago,OH,Standard,96731,727,2023-09-23
16,Patricia,Moore,28,M,patricia.moore776@email.com,Los Angeles,OH,Basic,142513,746,2022-11-19
17,Nancy,Martinez,54,M,nancy.martinez724@email.com,Austin,CA,Basic,42730,666,2021-06-29
18,Robert,Jones,19,M,robert.jones280@email.com,Chicago,OH,Standard,190739,697,2021-04-08
19,William,Miller,24,F,william.miller267@email.com,Phoenix,PA,Standard,197403,723,2021-07-07
20,Nancy,Smith,68,M,nancy.smith231@email.com,Los Angeles,TX,Basic,105603,619,2023-01-29
21,Charles,Brown,58,M,charles.brown690@email.com,Jacksonville,NY,Basic,147561,738,2022-05-28
22,Linda,Thomas,66,F,linda.thomas256@email.com,Dallas,FL,Premium,117797,726,2022-05-18
23,Susan,Garcia,37,M,susan.garcia914@email.com,Houston,OH,Standard,38986,574,2021-03-21
24,James,Wilson,26,M,james.wilson642@email.com,Chicago,NC,Premium,101661,758,2022-05-15
25,John,Johnson,19,M,john.johnson532@email.com,San Diego,TX,Premium,36530,633,2021-02-01
26,Lisa,Davis,21,F,lisa.davis421@email.com,Phoenix,PA,Standard,108413,602,2023-10-11
27,Jennifer,Brown,72,M,jennifer.brown76@email.com,Austin,CA,Basic,118047,758,2021-05-15
28,Linda,Anderson,42,F,linda.anderson369@email.com,Phoenix,TX,Standard,94000,610,2023-08-06
29,Joseph,Wilson,66,M,joseph.wilson920@email.com,Phoenix,NC,Basic,162446,662,2023-01-31
30,Richard,Johnson,65,M,richard.johnson554@email.com,Austin,CA,Standard,162757,650,2021-08-03
31,John,Rodriguez,60,M,john.rodriguez582@email.com,Chicago,PA,VIP,109430,626,2021-04-20
32,Charles,Thomas,28,M,charles.thomas993@email.com,Austin,AZ,Standard,148857,644,2021-05-12
33,Jessica,Johnson,48,M,jessica.johnson334@email.com,Chicago,FL,Standard,46591,592,2022-11-01
34,Jennifer,Wilson,67,M,jennifer.wilson282@email.com,San Antonio,NY,VIP,191438,738,2022-01-30
35,Daniel,Johnson,53,F,daniel.johnson468@email.com,Phoenix,OH,Standard,97397,657,2023-11-26
36,Robert,Miller,23,M,robert.miller79@email.com,Philadelphia,FL,Premium,91222,646,2023-10-07
37,Robert,Smith,46,F,robert.smith747@email.com,San Antonio,NC,Basic,64453,752,2022-03-31
38,John,Davis,62,F,john.davis517@email.com,New York,OH,Basic,129531,808,2021-05-18
39,Richard,Anderson,55,M,richard.anderson224@email.com,San Antonio,OH,Standard,87768,807,2023-07-28
40,Jessica,Miller,70,M,jessica.miller424@email.com,San Diego,IL,Standard,121121,822,2021-08-09
41,Linda,Rodriguez,62,F,linda.rodriguez974@email.com,Austin,CA,Basic,30660,706,2021-08-31
42,Patricia,Miller,27,F,patricia.miller873@email.com,San Jose,NY,Standard,112947,597,2023-05-28
43,Patricia,Anderson,29,F,patricia.anderson321@email.com,Houston,WA,Standard,164423,828,2021-11-19
44,Jennifer,Jones,35,F,jennifer.jones140@email.com,Jacksonville,FL,Basic,186936,567,2023-02-20
45,Patricia,Moore,31,M,patricia.moore30@email.com,Chicago,NC,VIP,30124,698,2023-11-04
46,Patricia,Williams,36,F,patricia.williams70@email.com,Jacksonville,NY,Standard,188877,694,2022-07-06
47,Sarah,Anderson,26,F,sarah.anderson147@email.com,Philadelphia,PA,Basic,160154,767,2021-11-28
48,John,Brown,70,M,john.brown798@email.com,Chicago,WA,Premium,109514,741,2021-01-06
49,William,Miller,22,M,william.miller267@email.com,Phoenix,WA,Standard,61638,573,2022-07-12
50,James,Garcia,46,M,james.garcia55@email.com,San Jose,TX,VIP,134455,814,2022-08-26
51,Susan,Taylor,50,F,susan.taylor458@email.com,San Antonio,WA,Premium,178515,572,2023-04-16
52,David,Jones,39,M,david.jones635@email.com,San Diego,CA,Standard,35121,693,2023-07-04
53,Robert,Wilson,23,M,robert.wilson510@email.com,San Diego,TX,Basic,157774,823,2021-06-27
54,Patricia,Thomas,30,F,patricia.thomas369@email.com,Phoenix,OH,Premium,177944,599,2022-03-01
55,Joseph,Rodriguez,71,F,joseph.rodriguez444@email.com,Houston,FL,Premium,127291,804,2022-04-12
56,Daniel,Davis,72,M,daniel.davis545@email.com,Philadelphia,NY,Standard,165778,630,2021-05-29
57,Joseph,Rodriguez,71,F,joseph.rodriguez541@email.com,Philadelphia,TX,Basic,147204,673,2021-10-05
58,James,Davis,52,M,james.davis935@email.com,Dallas,AZ,Premium,54085,620,2023-10-05
59,Richard,Garcia,49,F,richard.garcia732@email.com,New York,NY,Basic,133381,842,2022-05-09
60,Lisa,Wilson,64,F,lisa.wilson537@email.com,San Antonio,WA,Basic,125622,686,2021-04-08
61,Sarah,Miller,43,M,sarah.miller326@email.com,Houston,AZ,Standard,89362,557,2022-12-07
62,Joseph,Smith,63,M,joseph.smith913@email.com,Philadelphia,TX,Premium,37401,651,2023-10-02
63,Karen,Jones,71,M,karen.jones362@email.com,Philadelphia,IL,Standard,96601,646,2022-11-15
64,Jessica,Thomas,66,M,jessica.thomas799@email.com,Jacksonville,AZ,Standard,41956,656,2022-07-02
65,Robert,Wilson,42,F,robert.wilson317@email.com,Houston,PA,Premium,107137,837,2022-08-30
66,Mary,Davis,46,M,mary.davis186@email.com,Dallas,WA,Premium,111907,612,2023-07-17
67,Elizabeth,Davis,30,F,elizabeth.davis643@email.com,San Jose,NC,Premium,192965,838,2021-04-19
68,Patricia,Johnson,33,M,patricia.johnson761@email.com,Phoenix,CA,Standard,30598,768,2023-02-13
69,Mary,Wilson,36,F,mary.wilson175@email.com,Phoenix,WA,Basic,65418,798,2022-10-16
70,Richard,Garcia,50,M,richard.garcia224@email.com,Houston,FL,Standard,96462,823,2023-03-01
71,Christopher,Smith,30,M,christopher.smith466@email.com,San Antonio,IL,Basic,100009,768,2021-11-29
72,Daniel,Miller,24,F,daniel.miller941@email.com,Austin,TX,Standard,110292,676,2023-07-30
73,Nancy,Williams,27,M,nancy.williams681@email.com,Chicago,FL,Standard,65163,688,2022-05-26
74,Patricia,Davis,52,M,patricia.davis220@email.com,San Diego,OH,VIP,175906,695,2021-07-26
75,Richard,Jones,50,F,richard.jones489@email.com,San Diego,NY,Standard,64828,561,2021-01-17
76,Robert,Davis,33,F,robert.davis653@email.com,Dallas,NY,VIP,128741,674,2021-03-28
77,Richard,Martinez,70,F,richard.martinez14@email.com,Chicago,CA,Premium,162057,800,2022-03-14
78,Jessica,Anderson,24,M,jessica.anderson618@email.com,Chicago,WA,VIP,182611,621,2021-10-02
79,James,Brown,64,M,james.brown286@email.com,New York,NC,VIP,86302,710,2021-09-03
80,Christopher,Jones,58,M,christopher.jones219@email.com,San Diego,WA,Standard,154769,777,2021-02-08
81,Susan,Wilson,33,F,susan.wilson356@email.com,Phoenix,AZ,Basic,96153,577,2021-07-23
82,Karen,Brown,34,F,karen.brown330@email.com,Jacksonville,TX,Standard,113771,691,2021-02-06
83,Sarah,Miller,22,M,sarah.miller219@email.com,San Diego,CA,Standard,103012,651,2021-08-02
84,John,Brown,31,F,john.brown525@email.com,San Antonio,FL,Basic,32360,650,2023-02-20
85,Elizabeth,Brown,60,F,elizabeth.brown690@email.com,Los Angeles,WA,Premium,37322,601,2022-09-11
86,Christopher,Taylor,58,F,christopher.taylor147@email.com,Los Angeles,OH,Standard,173937,768,2021-04-14
87,Joseph,Wilson,22,F,joseph.wilson289@email.com,Houston,NY,Premium,131413,573,2022-03-16
88,Richard,Moore,70,F,richard.moore810@email.com,San Jose,AZ,Standard,162249,576,2021-10-21
89,Thomas,Anderson,44,M,thomas.anderson51@email.com,Los Angeles,CA,Standard,128485,566,2022-01-06
90,Jennifer,Wilson,40,F,jennifer.wilson457@email.com,Austin,OH,Standard,87409,601,2021-12-26
91,Sarah,Garcia,60,M,sarah.garcia459@email.com,San Jose,PA,Standard,75548,784,2022-10-29
92,Patricia,Garcia,25,M,patricia.garcia321@email.com,Austin,TX,Basic,148267,623,2022-12-31
93,John,Anderson,18,F,john.anderson803@email.com,San Diego,FL,Standard,159046,694,2023-03-05
94,Sarah,Rodriguez,24,M,sarah.rodriguez925@email.com,Jacksonville,PA,Standard,64429,772,2023-02-23
95,Christopher,Thomas,22,F,christopher.thomas957@email.com,Chicago,OH,Premium,137576,605,2023-01-19
96,Mary,Martinez,62,M,mary.martinez321@email.com,Dallas,NY,Basic,138092,801,2023-02-25
97,Elizabeth,Moore,66,F,elizabeth.moore127@email.com,Los Angeles,PA,Standard,90636,689,2021-07-08
98,Susan,Thomas,44,F,susan.thomas466@email.com,Austin,CA,Premium,88921,599,2023-07-18
99,Joseph,Moore,18,F,joseph.moore525@email.com,Philadelphia,AZ,Standard,175562,845,2021-01-05
100,Thomas,Williams,28,F,thomas.williams867@email.com,Dallas,FL,Basic,97833,692,2021-10-02
101,William,Smith,51,M,william.smith916@email.com,Chicago,NC,Basic,97749,586,2022-03-12
102,Karen,Garcia,47,M,karen.garcia635@email.com,San Jose,NY,Basic,84047,625,2022-02-15
103,Richard,Smith,27,F,richard.smith39@email.com,Dallas,WA,Premium,105524,708,2023-08-26
104,Jessica,Wilson,74,F,jessica.wilson224@email.com,Jacksonville,IL,Basic,149598,584,2023-09-21
105,Michael,Johnson,68,F,michael.johnson917@email.com,Dallas,PA,Standard,193399,664,2021-10-31
106,John,Jones,28,M,john.jones403@email.com,Dallas,FL,Basic,192352,743,2022-08-25
107,Richard,Wilson,53,F,richard.wilson75@email.com,San Antonio,IL,Basic,138883,623,2021-04-01
108,William,Anderson,40,M,william.anderson801@email.com,San Antonio,IL,Standard,117974,600,2023-09-17
109,Michael,Miller,32,M,michael.miller395@email.com,Los Angeles,WA,Basic,90755,813,2023-09-15
110,Linda,Rodriguez,33,F,linda.rodriguez37@email.com,Jacksonville,NC,Basic,143058,659,2021-03-13
111,Jennifer,Johnson,68,M,jennifer.johnson554@email.com,San Diego,TX,Basic,105621,790,2022-07-17
112,John,Miller,55,F,john.miller139@email.com,Jacksonville,NC,Standard,151233,655,2023-07-09
113,Patricia,Martinez,27,M,patricia.martinez549@email.com,Dallas,WA,Basic,130875,794,2021-01-10
114,Patricia,Brown,29,F,patricia.brown934@email.com,Houston,OH,Standard,146565,629,2023-07-07
115,Thomas,Taylor,48,F,thomas.taylor762@email.com,San Diego,AZ,Standard,144276,849,2022-12-28
116,Daniel,Davis,32,F,daniel.davis809@email.com,Los Angeles,NC,Standard,68675,805,2023-11-22
117,Richard,Brown,61,F,richard.brown144@email.com,Houston,IL,Standard,134225,832,2023-08-03
118,Sarah,Rodriguez,55,F,sarah.rodriguez664@email.com,Dallas,TX,Basic,65836,617,2023-04-23
119,Robert,Wilson,37,F,robert.wilson35@email.com,Chicago,NY,Standard,39718,645,2021-02-11
120,Nancy,Jones,72,M,nancy.jones865@email.com,New York,AZ,Standard,198583,607,2021-03-28
121,Jessica,Jones,60,M,jessica.jones484@email.com,New York,NC,Basic,175004,799,2021-08-02
122,Christopher,Thomas,28,F,christopher.thomas295@email.com,San Antonio,CA,VIP,146388,682,2023-02-21
123,Elizabeth,Williams,52,F,elizabeth.williams235@email.com,Chicago,WA,VIP,163671,595,2023-11-01
124,Karen,Brown,64,F,karen.brown371@email.com,Chicago,NC,Basic,188620,627,2021-11-10
125,Michael,Garcia,22,M,michael.garcia964@email.com,San Diego,TX,Basic,30777,801,2021-04-18
126,Jennifer,Martinez,42,F,jennifer.martinez878@email.com,Houston,FL,Basic,131097,607,2021-03-18
127,Daniel,Rodriguez,42,F,daniel.rodriguez977@email.com,Dallas,AZ,Standard,157722,810,2022-12-07
128,Christopher,Smith,59,M,christopher.smith509@email.com,Houston,PA,Standard,181320,648,2023-11-10
129,Thomas,Rodriguez,68,F,thomas.rodriguez555@email.com,New York,WA,Standard,58827,683,2022-04-09
130,Robert,Davis,37,M,robert.davis800@email.com,San Antonio,AZ,Basic,89628,587,2023-10-15
131,Joseph,Davis,49,M,joseph.davis244@email.com,Austin,TX,Basic,160014,810,2023-05-19
132,Jessica,Jones,58,M,jessica.jones742@email.com,Dallas,AZ,Standard,49740,826,2023-04-08
133,Mary,Moore,46,F,mary.moore892@email.com,Dallas,WA,Standard,183845,583,2022-05-21
134,Robert,Johnson,36,M,robert.johnson777@email.com,San Diego,FL,VIP,74359,707,2021-12-28
135,Jessica,Rodriguez,42,F,jessica.rodriguez126@email.com,Chicago,FL,Basic,115757,770,2023-04-25
136,Karen,Miller,22,F,karen.miller567@email.com,Dallas,NY,Premium,173600,622,2021-04-18
137,Elizabeth,Moore,56,M,elizabeth.moore953@email.com,San Diego,CA,Basic,38784,767,2022-12-03
138,Charles,Brown,31,M,charles.brown21@email.com,Houston,CA,Standard,121174,718,2021-06-30
139,Patricia,Moore,46,F,patricia.moore436@email.com,Phoenix,NY,Premium,185743,632,2022-01-03
140,Mary,Garcia,72,F,mary.garcia706@email.com,Austin,OH,Basic,30820,560,2021-02-01
141,Nancy,Johnson,70,F,nancy.johnson922@email.com,Los Angeles,WA,Standard,40471,692,2023-09-16
142,Barbara,Davis,26,M,barbara.davis528@email.com,Chicago,PA,Basic,55093,817,2022-10-25
143,Mary,Garcia,74,F,mary.garcia107@email.com,Houston,NC,Standard,78708,802,2021-02-18
144,William,Rodriguez,20,F,william.rodriguez449@email.com,San Jose,OH,Standard,33899,827,2022-10-09
145,David,Wilson,31,F,david.wilson781@email.com,Chicago,PA,Basic,72592,665,2021-06-24
146,Sarah,Martinez,39,M,sarah.martinez623@email.com,Austin,NC,Standard,127898,826,2022-11-19
147,John,Moore,47,F,john.moore372@email.com,Austin,NC,Basic,75252,630,2021-07-05
148,Daniel,Johnson,40,M,daniel.johnson395@email.com,Austin,WA,Standard,167808,613,2023-09-18
149,Richard,Miller,25,F,richard.miller356@email.com,San Diego,AZ,Basic,96927,792,2023-09-13
150,Robert,Davis,31,M,robert.davis395@email.com,Phoenix,NC,Standard,143563,557,2022-07-22
151,Jessica,Smith,38,F,jessica.smith907@email.com,Dallas,WA,Basic,101894,711,2021-12-01
152,Mary,Williams,49,F,mary.williams108@email.com,San Jose,AZ,Standard,114396,848,2021-06-18
153,Sarah,Johnson,42,F,sarah.johnson940@email.com,New York,AZ,Standard,139872,577,2023-10-02
154,Jessica,Davis,55,F,jessica.davis200@email.com,Austin,WA,Standard,119034,730,2023-11-15
155,David,Wilson,27,M,david.wilson649@email.com,San Jose,CA,Basic,121138,830,2022-07-03
156,Karen,Miller,36,F,karen.miller217@email.com,Houston,AZ,Basic,153107,847,2022-02-13
157,James,Smith,64,M,james.smith701@email.com,Phoenix,OH,Basic,63317,730,2023-06-29
158,Linda,Davis,51,F,linda.davis535@email.com,San Antonio,NC,Standard,62527,572,2023-06-26
159,William,Brown,45,M,william.brown198@email.com,San Diego,WA,Premium,146295,840,2023-01-31
160,Robert,Martinez,27,F,robert.martinez755@email.com,San Antonio,AZ,Standard,82035,713,2023-09-27
161,Richard,Wilson,65,M,richard.wilson540@email.com,Austin,NC,Premium,72490,606,2023-07-24
162,Lisa,Thomas,63,M,lisa.thomas201@email.com,Houston,IL,Standard,153870,788,2022-08-02
163,Linda,Wilson,42,M,linda.wilson940@email.com,San Diego,NC,Basic,68696,833,2022-02-08
164,Sarah,Garcia,64,F,sarah.garcia339@email.com,Chicago,FL,Basic,146702,805,2022-07-01
165,Susan,Miller,54,M,susan.miller373@email.com,Phoenix,NC,Basic,108839,819,2021-10-29
166,Christopher,Taylor,47,F,christopher.taylor579@email.com,Houston,NY,Standard,138767,834,2023-03-01
167,William,Jones,36,F,william.jones942@email.com,San Jose,TX,Standard,116228,654,2023-11-10
168,Susan,Smith,54,M,susan.smith798@email.com,Phoenix,WA,Basic,78231,580,2023-12-27
169,Sarah,Jones,40,F,sarah.jones669@email.com,San Diego,AZ,Standard,198606,822,2021-05-06
170,Richard,Wilson,35,M,richard.wilson324@email.com,San Antonio,CA,Basic,77144,648,2021-06-30
171,Karen,Jones,48,F,karen.jones772@email.com,San Jose,NY,Basic,58188,819,2022-06-19
172,William,Williams,39,M,william.williams328@email.com,Los Angeles,NC,Premium,108049,720,2022-08-07
173,David,Wilson,56,M,david.wilson173@email.com,San Jose,AZ,Standard,145789,588,2022-06-08
174,Joseph,Taylor,25,F,joseph.taylor99@email.com,Chicago,IL,Basic,127414,731,2023-04-06
175,William,Williams,19,F,william.williams348@email.com,Phoenix,NC,Basic,68056,799,2023-12-21
176,Lisa,Brown,43,M,lisa.brown359@email.com,San Jose,TX,Basic,163469,602,2022-03-24
177,Thomas,Garcia,35,M,thomas.garcia883@email.com,Philadelphia,NY,Standard,59802,564,2022-09-03
178,Barbara,Rodriguez,27,M,barbara.rodriguez203@email.com,New York,PA,Standard,63430,670,2023-09-03
179,Jennifer,Brown,46,F,jennifer.brown923@email.com,Philadelphia,AZ,Standard,67774,649,2022-12-16
180,Barbara,Brown,69,F,barbara.brown196@email.com,San Antonio,WA,Standard,178857,557,2021-09-15
181,Robert,Taylor,35,F,robert.taylor705@email.com,New York,CA,Standard,184029,641,2023-02-11
182,David,Jones,22,F,david.jones880@email.com,Los Angeles,PA,Basic,154302,834,2021-04-29
183,Thomas,Martinez,73,F,thomas.martinez745@email.com,San Antonio,WA,Premium,51645,827,2021-09-16
184,Michael,Rodriguez,35,M,michael.rodriguez921@email.com,San Antonio,CA,Standard,36985,657,2021-01-15
185,Sarah,Garcia,55,M,sarah.garcia353@email.com,Jacksonville,FL,VIP,40520,727,2021-07-06
186,Thomas,Williams,49,F,thomas.williams976@email.com,Austin,PA,Standard,106886,704,2023-02-28
187,Charles,Smith,72,M,charles.smith275@email.com,Los Angeles,NC,Standard,144827,747,2021-05-08
188,Thomas,Moore,70,F,thomas.moore830@email.com,Philadelphia,CA,Standard,63931,823,2022-01-21
189,Nancy,Taylor,42,F,nancy.taylor384@email.com,New York,TX,Basic,171911,704,2023-10-28
190,Thomas,Thomas,61,F,thomas.thomas572@email.com,Chicago,TX,Premium,146200,727,2023-03-10
191,Nancy,Taylor,31,M,nancy.taylor234@email.com,San Diego,PA,VIP,110490,782,2023-10-17
192,Thomas,Miller,39,F,thomas.miller739@email.com,Jacksonville,WA,Basic,117586,719,2023-06-13
193,William,Thomas,68,M,william.thomas808@email.com,San Jose,AZ,Standard,163148,746,2022-09-03
194,Jessica,Davis,42,M,jessica.davis177@email.com,Philadelphia,OH,Standard,90205,735,2023-12-08
195,Barbara,Rodriguez,34,M,barbara.rodriguez492@email.com,Phoenix,TX,Basic,77694,814,2022-04-06
196,James,Rodriguez,47,M,james.rodriguez738@email.com,San Antonio,PA,Basic,82761,806,2023-07-11
197,Mary,Jones,46,F,mary.jones955@email.com,Houston,NY,VIP,171719,554,2023-10-12
198,Christopher,Taylor,63,F,christopher.taylor368@email.com,San Diego,NC,Standard,147158,658,2022-07-12
199,Elizabeth,Jones,20,M,elizabeth.jones196@email.com,San Jose,NC,Standard,174726,660,2023-10-03
200,Elizabeth,Taylor,52,M,elizabeth.taylor782@email.com,San Antonio,WA,Standard,147643,634,2021-08-26
201,John,Martinez,30,F,john.martinez739@email.com,Philadelphia,TX,Standard,109443,813,2021-03-08
202,David,Williams,34,F,david.williams941@email.com,Austin,FL,Premium,189602,716,2021-01-19
203,Patricia,Taylor,22,F,patricia.taylor711@email.com,Phoenix,FL,Basic,100240,570,2023-06-28
204,Susan,Wilson,61,M,susan.wilson172@email.com,Philadelphia,NY,Premium,38493,811,2022-06-08
205,Sarah,Williams,63,M,sarah.williams117@email.com,Houston,NY,Standard,46954,671,2022-05-31
206,Charles,Jones,60,M,charles.jones97@email.com,San Jose,PA,Premium,30401,657,2023-04-08
207,Mary,Taylor,33,F,mary.taylor684@email.com,San Jose,NY,Standard,182019,788,2023-05-28
208,Charles,Miller,22,F,charles.miller707@email.com,Dallas,NC,Standard,145720,774,2022-10-19
209,Michael,Anderson,25,F,michael.anderson775@email.com,Austin,CA,Basic,150792,649,2023-08-20
210,Michael,Rodriguez,45,F,michael.rodriguez593@email.com,Dallas,WA,Basic,89860,745,2022-12-30
211,Elizabeth,Johnson,49,M,elizabeth.johnson589@email.com,Jacksonville,PA,VIP,89916,740,2023-10-24
212,Lisa,Wilson,63,M,lisa.wilson715@email.com,Philadelphia,CA,Standard,113053,716,2023-09-18
213,Karen,Moore,52,M,karen.moore894@email.com,Phoenix,TX,Standard,182829,624,2022-08-01
214,Joseph,Anderson,69,M,joseph.anderson320@email.com,Austin,NY,Basic,79546,598,2021-02-03
215,Richard,Moore,65,F,richard.moore605@email.com,Austin,NC,Premium,90326,820,2023-08-09
216,Nancy,Moore,53,F,nancy.moore654@email.com,San Diego,TX,Standard,135173,814,2023-06-20
217,Jennifer,Davis,25,M,jennifer.davis616@email.com,Austin,NC,Basic,175407,700,2021-03-31
218,Susan,Williams,27,M,susan.williams199@email.com,Austin,AZ,Basic,99222,778,2021-01-08
219,Sarah,Wilson,52,F,sarah.wilson375@email.com,San Antonio,WA,Premium,149430,786,2022-08-08
220,Elizabeth,Moore,72,F,elizabeth.moore84@email.com,Chicago,CA,Standard,107879,713,2022-04-17
221,Jessica,Wilson,57,F,jessica.wilson804@email.com,Houston,CA,Basic,77802,733,2021-01-02
222,Joseph,Wilson,66,M,joseph.wilson638@email.com,Chicago,OH,Basic,187308,745,2021-09-16
223,Thomas,Moore,30,F,thomas.moore285@email.com,Austin,WA,VIP,105835,825,2023-08-28
224,Lisa,Brown,72,F,lisa.brown183@email.com,Austin,NC,VIP,100015,825,2023-10-28
225,Joseph,Wilson,70,M,joseph.wilson827@email.com,San Antonio,FL,Basic,153319,711,2023-10-31
226,Robert,Garcia,38,M,robert.garcia573@email.com,Los Angeles,PA,Basic,191355,554,2021-04-12
227,Linda,Williams,70,M,linda.williams913@email.com,Dallas,AZ,VIP,41004,550,2023-09-08
228,John,Johnson,66,F,john.johnson113@email.com,Philadelphia,IL,Basic,195225,839,2023-11-20
229,Charles,Wilson,28,M,charles.wilson49@email.com,Los Angeles,NY,VIP,58207,599,2021-10-22
230,Nancy,Rodriguez,45,F,nancy.rodriguez786@email.com,San Antonio,IL,Standard,198925,587,2022-04-05
231,Linda,Rodriguez,45,F,linda.rodriguez550@email.com,San Jose,OH,Premium,186434,756,2022-03-31
232,David,Miller,42,F,david.miller159@email.com,Jacksonville,NY,Basic,43583,664,2021-07-19
233,Thomas,Davis,45,M,thomas.davis28@email.com,Houston,WA,Basic,163813,815,2023-10-17
234,Linda,Davis,26,F,linda.davis853@email.com,Los Angeles,TX,Standard,108653,706,2023-12-18
235,Jennifer,Davis,53,F,jennifer.davis543@email.com,New York,CA,VIP,55467,578,2022-10-17
236,Joseph,Garcia,70,F,joseph.garcia235@email.com,San Diego,CA,Standard,80724,621,2021-07-15
237,Linda,Moore,44,M,linda.moore855@email.com,Chicago,FL,VIP,199909,619,2021-06-05
238,Elizabeth,Miller,29,M,elizabeth.miller935@email.com,Phoenix,NC,Premium,161733,759,2022-07-20
239,David,Moore,51,F,david.moore599@email.com,Houston,AZ,Basic,54079,782,2023-04-29
240,Sarah,Moore,52,M,sarah.moore575@email.com,Austin,TX,VIP,56821,736,2021-04-30
241,William,Johnson,32,F,william.johnson999@email.com,Houston,NC,Standard,153518,783,2021-04-05
242,William,Moore,18,M,william.moore37@email.com,Chicago,NC,Standard,111444,738,2021-02-22
243,Susan,Rodriguez,62,F,susan.rodriguez116@email.com,New York,IL,Standard,63778,578,2021-05-29
244,Nancy,Moore,46,M,nancy.moore739@email.com,San Jose,TX,Standard,177964,659,2023-05-16
245,Robert,Williams,22,M,robert.williams699@email.com,Austin,WA,Premium,180864,750,2022-10-26
246,Karen,Thomas,73,M,karen.thomas373@email.com,San Diego,WA,Premium,182088,728,2023-12-15
247,Charles,Rodriguez,58,M,charles.rodriguez322@email.com,New York,NC,Standard,57553,726,2023-05-02
248,Jessica,Moore,58,F,jessica.moore794@email.com,San Antonio,OH,Standard,72584,582,2023-09-10
249,Michael,Garcia,68,M,michael.garcia943@email.com,Los Angeles,PA,Standard,168940,827,2022-06-10
250,John,Smith,64,M,john.smith135@email.com,San Jose,AZ,Standard,79812,727,2022-11-03
251,Christopher,Garcia,39,F,christopher.garcia462@email.com,Austin,TX,Basic,66443,613,2023-02-02
252,Christopher,Williams,74,F,christopher.williams33@email.com,San Jose,FL,Basic,44644,849,2022-10-11
253,Michael,Williams,22,M,michael.williams993@email.com,San Antonio,IL,Basic,49641,585,2021-11-14
254,John,Martinez,23,F,john.martinez132@email.com,San Diego,TX,Standard,62664,677,2022-04-05
255,Robert,Taylor,43,M,robert.taylor580@email.com,Austin,CA,Standard,178364,600,2022-10-29
256,Sarah,Davis,69,F,sarah.davis445@email.com,Austin,IL,Basic,180728,787,2022-10-22
257,Susan,Thomas,31,M,susan.thomas282@email.com,San Diego,NC,Standard,88817,735,2021-10-25
258,Michael,Anderson,52,F,michael.anderson514@email.com,Philadelphia,WA,Basic,191300,731,2023-12-07
259,James,Johnson,34,M,james.johnson298@email.com,San Diego,OH,Standard,126890,616,2021-03-23
260,Karen,Wilson,33,F,karen.wilson330@email.com,New York,IL,VIP,93958,702,2023-05-04
261,Thomas,Miller,28,M,thomas.miller48@email.com,Houston,FL,Standard,145454,634,2021-08-12
262,William,Smith,44,M,william.smith110@email.com,San Diego,NC,Premium,68055,633,2021-02-12
263,Robert,Jones,51,M,robert.jones154@email.com,Phoenix,OH,VIP,71932,613,2023-11-15
264,Christopher,Miller,67,F,christopher.miller108@email.com,New York,IL,Basic,71488,638,2021-09-19
265,Joseph,Williams,32,M,joseph.williams74@email.com,Chicago,NC,VIP,34616,676,2023-06-09
266,Daniel,Taylor,60,M,daniel.taylor798@email.com,Jacksonville,CA,VIP,124870,823,2021-12-20
267,Nancy,Brown,73,F,nancy.brown49@email.com,San Diego,TX,Standard,51859,646,2022-10-29
268,Nancy,Miller,28,F,nancy.miller199@email.com,Dallas,NC,Premium,161913,624,2023-09-27
269,Christopher,Wilson,58,F,christopher.wilson933@email.com,Austin,AZ,Premium,144210,658,2021-02-01
270,Jessica,Brown,22,F,jessica.brown72@email.com,New York,PA,Standard,113062,776,2022-08-16
271,Karen,Garcia,49,M,karen.garcia557@email.com,Los Angeles,PA,Standard,156033,722,2022-05-31
272,James,Williams,32,F,james.williams720@email.com,San Jose,FL,VIP,168085,607,2021-12-20
273,David,Rodriguez,74,M,david.rodriguez364@email.com,San Jose,OH,Basic,54694,798,2022-04-06
274,Robert,Wilson,67,F,robert.wilson694@email.com,New York,FL,Basic,60289,563,2022-09-03
275,Sarah,Anderson,23,M,sarah.anderson979@email.com,Dallas,NY,Standard,184942,600,2022-04-29
276,Joseph,Johnson,44,M,joseph.johnson859@email.com,Dallas,WA,VIP,189511,576,2022-09-23
277,Jennifer,Taylor,46,M,jennifer.taylor519@email.com,Phoenix,OH,Standard,171228,809,2022-12-20
278,Lisa,Anderson,60,M,lisa.anderson700@email.com,San Antonio,IL,Premium,73395,655,2023-05-13
279,Charles,Moore,40,F,charles.moore52@email.com,Austin,TX,Standard,193577,727,2023-10-31
280,Linda,Taylor,46,M,linda.taylor772@email.com,Phoenix,AZ,Basic,172359,675,2023-05-04
281,Nancy,Williams,69,M,nancy.williams823@email.com,Jacksonville,WA,Standard,58186,782,2023-06-02
282,John,Johnson,42,F,john.johnson518@email.com,San Diego,CA,Premium,155494,622,2023-09-15
283,Jennifer,Brown,36,M,jennifer.brown160@email.com,San Antonio,PA,Standard,93250,709,2021-04-09
284,Sarah,Moore,29,F,sarah.moore314@email.com,New York,NY,Standard,123305,776,2022-05-06
285,Daniel,Moore,20,M,daniel.moore746@email.com,Houston,AZ,Basic,173882,691,2023-03-30
286,Jessica,Jones,36,F,jessica.jones529@email.com,San Antonio,NY,VIP,127430,680,2021-08-02
287,Linda,Moore,28,F,linda.moore427@email.com,Chicago,OH,Basic,94682,659,2023-11-09
288,Christopher,Moore,48,F,christopher.moore751@email.com,Houston,NY,Basic,31602,786,2022-06-21
289,Daniel,Miller,44,M,daniel.miller668@email.com,Austin,OH,Basic,171129,789,2022-05-03
290,Susan,Thomas,46,M,susan.thomas270@email.com,Austin,CA,Basic,123851,574,2022-10-26
291,Daniel,Moore,38,M,daniel.moore86@email.com,New York,NC,Standard,117645,649,2023-10-23
292,Jessica,Johnson,18,M,jessica.johnson711@email.com,Chicago,NC,Premium,146958,621,2022-07-08
293,William,Anderson,44,F,william.anderson283@email.com,San Jose,NC,Basic,33796,553,2023-02-19
294,Thomas,Martinez,31,M,thomas.martinez86@email.com,Jacksonville,NY,Basic,81157,790,2023-09-26
295,Richard,Brown,62,F,richard.brown393@email.com,Jacksonville,CA,Basic,86596,583,2023-01-25
296,Richard,Martinez,30,F,richard.martinez616@email.com,Houston,TX,Standard,145390,843,2021-04-14
297,Karen,Miller,42,F,karen.miller48@email.com,Dallas,FL,Basic,161162,619,2023-12-25
298,Barbara,Davis,38,F,barbara.davis357@email.com,Dallas,CA,Basic,78165,588,2021-08-01
299,David,Davis,36,M,david.davis977@email.com,San Diego,NY,Premium,90419,814,2023-06-26
300,Christopher,Jones,72,M,christopher.jones70@email.com,Chicago,NY,Basic,47271,749,2021-09-15
301,Joseph,Jones,61,F,joseph.jones576@email.com,Phoenix,AZ,VIP,134351,680,2023-12-23
302,Thomas,Anderson,28,F,thomas.anderson977@email.com,Jacksonville,PA,Standard,155109,555,2023-07-17
303,Karen,Moore,20,M,karen.moore693@email.com,Dallas,FL,Standard,62381,720,2021-05-02
304,William,Anderson,68,F,william.anderson646@email.com,San Antonio,FL,Standard,153955,617,2021-01-10
305,Lisa,Garcia,55,F,lisa.garcia92@email.com,Austin,PA,Standard,139437,646,2021-12-29
306,Karen,Martinez,49,M,karen.martinez557@email.com,San Jose,AZ,Standard,163714,793,2023-01-01
307,Elizabeth,Anderson,29,M,elizabeth.anderson183@email.com,Houston,CA,Standard,86577,576,2021-04-11
308,Richard,Moore,52,F,richard.moore87@email.com,Phoenix,OH,Standard,67104,666,2021-11-19
309,Mary,Anderson,21,F,mary.anderson872@email.com,San Jose,AZ,Basic,174787,729,2021-04-12
310,Richard,Anderson,49,M,richard.anderson259@email.com,Dallas,CA,VIP,74521,778,2021-05-18
311,John,Brown,60,M,john.brown988@email.com,Houston,NY,Basic,60666,821,2022-12-25
312,Patricia,Jones,47,M,patricia.jones202@email.com,San Jose,IL,Premium,81257,708,2023-11-29
313,Barbara,Smith,18,M,barbara.smith995@email.com,Philadelphia,NC,Standard,107515,757,2022-08-20
314,Susan,Martinez,35,M,susan.martinez686@email.com,New York,FL,VIP,49965,800,2022-10-09
315,Mary,Jones,66,F,mary.jones841@email.com,San Jose,WA,Standard,42026,669,2021-01-13
316,Linda,Garcia,24,F,linda.garcia921@email.com,Chicago,OH,Basic,167802,612,2023-12-12
317,Elizabeth,Moore,48,F,elizabeth.moore932@email.com,Houston,AZ,Premium,51766,847,2022-09-05
318,Robert,Martinez,40,F,robert.martinez6@email.com,Phoenix,FL,Premium,196462,706,2023-11-25
319,Jennifer,Johnson,32,M,jennifer.johnson803@email.com,Austin,PA,Premium,144814,817,2023-02-03
320,Linda,Williams,20,M,linda.williams327@email.com,Jacksonville,OH,Basic,103969,592,2023-02-17
321,David,Smith,56,F,david.smith515@email.com,Houston,CA,Premium,65234,659,2022-10-13
322,Jennifer,Garcia,27,F,jennifer.garcia603@email.com,San Diego,TX,Premium,93683,822,2021-07-30
323,Lisa,Johnson,53,F,lisa.johnson570@email.com,San Antonio,PA,Premium,143315,802,2022-08-04
324,Joseph,Jones,62,M,joseph.jones666@email.com,New York,CA,VIP,159689,829,2023-07-01
325,David,Garcia,58,M,david.garcia637@email.com,Houston,AZ,Basic,133718,708,2021-12-18
326,Mary,Williams,50,M,mary.williams240@email.com,Philadelphia,WA,Basic,63969,818,2022-08-24
327,Patricia,Miller,28,M,patricia.miller855@email.com,Austin,NC,Standard,72435,665,2022-04-17
328,Nancy,Smith,67,M,nancy.smith545@email.com,San Diego,TX,Basic,187009,568,2022-03-24
329,Lisa,Rodriguez,28,F,lisa.rodriguez597@email.com,Chicago,FL,Basic,72566,590,2022-02-07
330,Nancy,Johnson,33,F,nancy.johnson600@email.com,San Antonio,FL,Standard,127118,620,2023-03-06
331,Nancy,Wilson,61,F,nancy.wilson646@email.com,Chicago,IL,Standard,196921,774,2021-03-25
332,Karen,Smith,40,F,karen.smith478@email.com,Houston,OH,Standard,51214,842,2021-06-09
333,Susan,Garcia,69,F,susan.garcia817@email.com,Houston,CA,Standard,196518,818,2023-06-29
334,Sarah,Rodriguez,43,M,sarah.rodriguez758@email.com,Dallas,WA,Standard,117304,560,2023-05-21
335,Sarah,Taylor,70,M,sarah.taylor969@email.com,Phoenix,WA,Standard,43004,848,2022-07-23
336,Barbara,Brown,20,F,barbara.brown245@email.com,Phoenix,PA,Basic,123297,619,2023-03-20
337,William,Anderson,52,M,william.anderson843@email.com,Dallas,PA,Basic,91951,617,2023-11-10
338,David,Thomas,48,F,david.thomas645@email.com,Austin,IL,Premium,164538,772,2021-12-16
339,Joseph,Martinez,32,F,joseph.martinez847@email.com,Houston,NY,Basic,72710,555,2022-02-01
340,Sarah,Taylor,67,F,sarah.taylor83@email.com,San Diego,TX,Standard,186415,815,2023-03-31
341,Susan,Brown,57,F,susan.brown15@email.com,San Diego,WA,Basic,166135,748,2023-12-25
342,Nancy,Jones,37,M,nancy.jones139@email.com,San Diego,AZ,VIP,79279,711,2021-07-08
343,Robert,Wilson,48,F,robert.wilson55@email.com,Dallas,PA,Basic,60944,840,2021-03-17
344,Susan,Rodriguez,61,F,susan.rodriguez497@email.com,San Jose,IL,Standard,124435,797,2023-12-01
345,Karen,Anderson,51,F,karen.anderson257@email.com,Chicago,CA,Premium,53721,757,2022-07-16
346,Karen,Taylor,64,F,karen.taylor985@email.com,Chicago,NC,Basic,55790,819,2022-04-04
347,James,Rodriguez,30,M,james.rodriguez790@email.com,Philadelphia,PA,Standard,149170,834,2022-03-25
348,Mary,Jones,51,M,mary.jones765@email.com,Houston,TX,VIP,158643,810,2022-07-09
349,Mary,Davis,33,M,mary.davis417@email.com,Austin,FL,Standard,178058,626,2021-12-11
350,Elizabeth,Smith,70,F,elizabeth.smith70@email.com,Chicago,AZ,Standard,180608,631,2023-12-01
351,Elizabeth,Taylor,60,F,elizabeth.taylor889@email.com,Dallas,OH,Basic,33815,849,2021-08-21
352,Richard,Johnson,23,F,richard.johnson58@email.com,Chicago,NY,Standard,61320,735,2023-11-22
353,John,Johnson,54,F,john.johnson198@email.com,Chicago,PA,Premium,111860,664,2022-09-30
354,Daniel,Miller,55,F,daniel.miller708@email.com,Los Angeles,NY,Standard,112104,805,2022-12-02
355,Patricia,Garcia,32,M,patricia.garcia272@email.com,San Diego,NY,Standard,149963,688,2021-06-19
356,Susan,Garcia,56,F,susan.garcia451@email.com,Los Angeles,CA,Standard,81198,791,2021-07-29
357,Susan,Taylor,37,M,susan.taylor194@email.com,Austin,CA,Basic,97531,759,2021-08-15
358,Susan,Davis,42,F,susan.davis560@email.com,Los Angeles,AZ,Basic,113707,705,2022-05-12
359,William,Brown,71,F,william.brown942@email.com,Los Angeles,NY,Basic,137384,683,2023-08-21
360,Jessica,Moore,73,M,jessica.moore821@email.com,Dallas,AZ,VIP,36902,804,2023-02-22
361,Richard,Wilson,42,M,richard.wilson822@email.com,Philadelphia,PA,Standard,154808,621,2021-01-26
362,Patricia,Williams,73,F,patricia.williams858@email.com,San Jose,AZ,Basic,143767,599,2023-02-10
363,Sarah,Jones,23,M,sarah.jones399@email.com,Austin,WA,Standard,162057,795,2021-05-09
364,Christopher,Anderson,32,F,christopher.anderson217@email.com,Chicago,FL,Standard,114613,745,2022-12-15
365,William,Moore,23,F,william.moore882@email.com,Houston,FL,Standard,63983,804,2022-02-24
366,Michael,Brown,48,F,michael.brown353@email.com,Los Angeles,TX,Basic,40075,607,2021-10-31
367,Thomas,Taylor,24,F,thomas.taylor197@email.com,Jacksonville,TX,Standard,151401,710,2021-04-27
368,Michael,Anderson,67,M,michael.anderson907@email.com,Austin,OH,Premium,132972,579,2021-07-18
369,Lisa,Williams,67,M,lisa.williams307@email.com,Los Angeles,WA,Standard,138117,638,2021-06-02
370,Mary,Garcia,36,F,mary.garcia106@email.com,Dallas,CA,Standard,50471,742,2023-05-10
371,Jennifer,Williams,53,F,jennifer.williams592@email.com,San Diego,CA,Standard,83162,764,2021-11-03
372,William,Smith,73,F,william.smith284@email.com,San Antonio,WA,Standard,163537,773,2023-08-20
373,Thomas,Moore,40,M,thomas.moore61@email.com,Dallas,IL,Basic,83962,748,2023-10-28
374,Michael,Jones,51,F,michael.jones499@email.com,Phoenix,FL,Standard,89165,844,2021-03-15
375,John,Davis,21,F,john.davis135@email.com,Dallas,NC,Basic,74460,707,2021-02-18
376,Lisa,Rodriguez,27,F,lisa.rodriguez446@email.com,Jacksonville,PA,Standard,57032,666,2022-12-25
377,James,Miller,38,F,james.miller992@email.com,Philadelphia,NC,Basic,133515,612,2021-08-18
378,David,Garcia,32,F,david.garcia503@email.com,Los Angeles,AZ,Premium,123845,675,2021-05-04
379,Robert,Brown,64,F,robert.brown992@email.com,Los Angeles,OH,Basic,116233,832,2023-09-11
380,John,Martinez,38,F,john.martinez307@email.com,Jacksonville,TX,Standard,137067,670,2022-12-07
381,Joseph,Jones,22,M,joseph.jones99@email.com,Houston,WA,Basic,132174,806,2021-02-11
382,John,Jones,53,F,john.jones779@email.com,Dallas,TX,Standard,188876,615,2023-04-28
383,James,Davis,69,F,james.davis472@email.com,Philadelphia,FL,Standard,76017,776,2021-04-08
384,Charles,Thomas,53,F,charles.thomas304@email.com,Los Angeles,CA,Standard,129609,660,2023-12-25
385,Joseph,Smith,39,F,joseph.smith825@email.com,Los Angeles,TX,Standard,47301,832,2021-02-03
386,Michael,Martinez,29,M,michael.martinez839@email.com,Phoenix,AZ,Standard,88145,628,2022-07-29
387,James,Davis,28,M,james.davis385@email.com,Houston,NC,Basic,143167,800,2022-08-29
388,Nancy,Miller,73,M,nancy.miller678@email.com,Jacksonville,OH,Basic,172046,712,2021-02-16
389,Nancy,Miller,35,M,nancy.miller354@email.com,New York,FL,Premium,165213,798,2021-07-06
390,Mary,Wilson,74,M,mary.wilson162@email.com,Austin,FL,Standard,56297,581,2022-05-28
391,Patricia,Smith,39,M,patricia.smith217@email.com,Dallas,AZ,Standard,91219,596,2023-06-02
392,Mary,Martinez,46,F,mary.martinez351@email.com,San Jose,TX,Standard,90850,666,2023-02-13
393,Jessica,Smith,56,M,jessica.smith497@email.com,Los Angeles,TX,VIP,150987,553,2022-08-10
394,Charles,Davis,73,F,charles.davis778@email.com,Dallas,FL,Basic,53674,781,2022-01-20
395,Mary,Davis,50,M,mary.davis802@email.com,San Jose,CA,Premium,143633,610,2023-02-22
396,Lisa,Johnson,24,F,lisa.johnson587@email.com,Chicago,WA,Standard,56903,620,2021-08-22
397,Joseph,Wilson,68,M,joseph.wilson776@email.com,Houston,AZ,Basic,98078,588,2023-05-13
398,Linda,Martinez,59,M,linda.martinez49@email.com,Phoenix,FL,VIP,72099,831,2021-10-09
399,Karen,Anderson,26,F,karen.anderson774@email.com,Austin,PA,Standard,139566,673,2022-11-07
400,Barbara,Williams,32,M,barbara.williams857@email.com,San Diego,CA,Premium,103564,843,2023-06-23
401,Joseph,Thomas,73,M,joseph.thomas209@email.com,San Diego,IL,Standard,67298,559,2023-11-21
402,Joseph,Davis,64,F,joseph.davis388@email.com,Chicago,IL,Basic,65319,676,2023-04-23
403,Barbara,Taylor,28,M,barbara.taylor238@email.com,Chicago,PA,Standard,32595,763,2023-08-14
404,Barbara,Taylor,19,M,barbara.taylor826@email.com,San Antonio,WA,Premium,122688,835,2022-07-06
405,Joseph,Taylor,26,F,joseph.taylor782@email.com,Dallas,NC,Basic,71612,683,2021-01-23
406,Thomas,Miller,20,M,thomas.miller271@email.com,Los Angeles,WA,Standard,183948,652,2022-08-14
407,Daniel,Smith,56,F,daniel.smith334@email.com,Los Angeles,NC,Premium,38135,791,2021-07-23
408,Robert,Moore,69,F,robert.moore757@email.com,Chicago,CA,VIP,48490,676,2021-09-08
409,Barbara,Garcia,29,F,barbara.garcia214@email.com,San Antonio,FL,Premium,73604,693,2021-08-09
410,James,Rodriguez,70,M,james.rodriguez822@email.com,Chicago,PA,Standard,91604,833,2023-12-30
411,Mary,Wilson,47,M,mary.wilson267@email.com,Los Angeles,AZ,Basic,199297,786,2022-10-31
412,Jessica,Johnson,55,M,jessica.johnson977@email.com,New York,PA,Basic,148841,706,2021-12-09
413,James,Thomas,43,M,james.thomas258@email.com,Chicago,OH,Basic,30650,575,2021-10-12
414,Linda,Thomas,63,M,linda.thomas345@email.com,Philadelphia,PA,Standard,95424,648,2021-10-03
415,John,Smith,20,M,john.smith965@email.com,Philadelphia,FL,VIP,176270,813,2022-01-27
416,Thomas,Johnson,53,F,thomas.johnson507@email.com,San Jose,IL,Basic,91214,686,2022-06-09
417,James,Taylor,39,M,james.taylor267@email.com,New York,IL,Premium,196723,578,2021-02-28
418,Daniel,Johnson,45,M,daniel.johnson449@email.com,Philadelphia,CA,Standard,176444,557,2022-12-26
419,David,Miller,29,F,david.miller908@email.com,New York,CA,Basic,114275,763,2023-08-26
420,Susan,Smith,64,F,susan.smith245@email.com,Austin,CA,Premium,57974,751,2023-04-23
421,William,Martinez,30,M,william.martinez243@email.com,San Diego,IL,Basic,144662,639,2022-10-27
422,Susan,Martinez,64,F,susan.martinez483@email.com,Austin,CA,Standard,33470,822,2021-11-14
423,Barbara,Rodriguez,49,F,barbara.rodriguez813@email.com,San Jose,IL,Basic,117412,750,2023-01-02
424,Jennifer,Martinez,65,M,jennifer.martinez214@email.com,Philadelphia,OH,Basic,47571,760,2022-04-24
425,James,Davis,31,F,james.davis844@email.com,San Antonio,AZ,Standard,71215,581,2022-08-02
426,John,Anderson,36,F,john.anderson292@email.com,Philadelphia,AZ,Standard,146348,790,2023-10-08
427,Linda,Rodriguez,24,F,linda.rodriguez345@email.com,New York,CA,Premium,194458,737,2021-01-21
428,Jessica,Martinez,23,M,jessica.martinez886@email.com,San Antonio,CA,Basic,126487,787,2022-05-11
429,David,Miller,61,F,david.miller351@email.com,Dallas,IL,VIP,59556,831,2023-02-03
430,Christopher,Davis,50,F,christopher.davis40@email.com,Austin,PA,Standard,58430,708,2023-04-18
431,Patricia,Davis,33,F,patricia.davis957@email.com,San Jose,CA,Premium,196054,629,2022-04-18
432,Christopher,Anderson,39,F,christopher.anderson741@email.com,Los Angeles,CA,Standard,153861,636,2021-01-19
433,Sarah,Moore,32,F,sarah.moore629@email.com,San Jose,WA,Basic,106697,761,2022-02-07
434,Charles,Anderson,54,F,charles.anderson659@email.com,Jacksonville,FL,Standard,72040,815,2022-12-10
435,Charles,Jones,62,F,charles.jones900@email.com,San Jose,NC,Premium,109005,562,2023-12-21
436,Christopher,Thomas,73,M,christopher.thomas894@email.com,Phoenix,TX,VIP,168200,613,2023-01-15
437,Michael,Jones,27,F,michael.jones849@email.com,Philadelphia,NC,VIP,160258,790,2023-04-27
438,Patricia,Thomas,22,M,patricia.thomas695@email.com,Houston,WA,Standard,74758,847,2021-09-13
439,Richard,Rodriguez,21,F,richard.rodriguez904@email.com,Chicago,IL,Standard,175564,818,2022-08-03
440,Karen,Moore,39,F,karen.moore838@email.com,San Jose,TX,Premium,97302,593,2021-08-24
441,Richard,Miller,48,F,richard.miller315@email.com,Jacksonville,NY,Premium,196000,719,2022-12-13
442,Nancy,Moore,27,M,nancy.moore128@email.com,Philadelphia,OH,Standard,82780,617,2023-01-16
443,Jessica,Wilson,33,F,jessica.wilson492@email.com,San Antonio,IL,Standard,139678,804,2021-03-26
444,Susan,Thomas,65,F,susan.thomas390@email.com,San Antonio,NY,Basic,66596,672,2023-09-26
445,Lisa,Smith,58,M,lisa.smith124@email.com,Houston,NC,VIP,154044,582,2021-11-20
446,Lisa,Jones,23,F,lisa.jones438@email.com,Chicago,NC,Standard,125018,777,2022-02-16
447,Joseph,Rodriguez,46,F,joseph.rodriguez935@email.com,Jacksonville,CA,Basic,42591,654,2021-01-13
448,Daniel,Smith,36,M,daniel.smith537@email.com,Phoenix,PA,Premium,128903,754,2023-05-23
449,Daniel,Taylor,26,F,daniel.taylor208@email.com,San Antonio,AZ,Premium,194425,765,2023-01-02
450,Karen,Rodriguez,51,F,karen.rodriguez3@email.com,San Antonio,TX,Standard,191728,802,2021-10-11
451,Lisa,Smith,38,M,lisa.smith571@email.com,Los Angeles,PA,Standard,190321,718,2022-07-17
452,Patricia,Taylor,19,M,patricia.taylor202@email.com,Austin,TX,Premium,33032,819,2021-02-23
453,Karen,Williams,60,M,karen.williams657@email.com,Phoenix,WA,Basic,89276,721,2021-08-17
454,Daniel,Thomas,36,F,daniel.thomas659@email.com,San Diego,IL,Basic,129402,579,2022-04-02
455,Barbara,Thomas,72,F,barbara.thomas934@email.com,New York,PA,Standard,103175,568,2022-02-05
456,Charles,Smith,69,M,charles.smith293@email.com,Phoenix,AZ,Standard,30464,746,2022-01-05
457,James,Taylor,71,M,james.taylor497@email.com,San Jose,AZ,Premium,43271,794,2022-05-28
458,Charles,Davis,33,F,charles.davis692@email.com,San Jose,NC,VIP,160486,767,2023-09-06
459,Nancy,Thomas,37,F,nancy.thomas482@email.com,San Diego,IL,Standard,182634,638,2023-10-27
460,Thomas,Williams,37,M,thomas.williams363@email.com,Philadelphia,TX,Standard,162483,755,2023-09-21
461,James,Davis,70,F,james.davis759@email.com,Dallas,NY,Basic,119532,564,2021-09-08
462,Jennifer,Rodriguez,47,M,jennifer.rodriguez798@email.com,San Antonio,PA,Standard,35962,567,2023-12-31
463,Karen,Davis,61,M,karen.davis216@email.com,San Diego,CA,Premium,142040,697,2023-01-16
464,Barbara,Johnson,35,F,barbara.johnson789@email.com,Chicago,NY,Standard,34802,630,2022-10-13
465,Sarah,Garcia,69,F,sarah.garcia995@email.com,Jacksonville,PA,Premium,69866,655,2023-08-06
466,Sarah,Williams,67,M,sarah.williams248@email.com,San Antonio,FL,VIP,44542,635,2022-03-09
467,Barbara,Anderson,40,F,barbara.anderson213@email.com,Jacksonville,AZ,Standard,115221,570,2023-08-31
468,Lisa,Miller,57,M,lisa.miller78@email.com,Phoenix,OH,Standard,185221,735,2023-10-07
469,Linda,Johnson,65,F,linda.johnson393@email.com,Dallas,TX,Standard,181006,736,2022-07-15
470,Sarah,Garcia,26,M,sarah.garcia7@email.com,San Diego,OH,Standard,118261,808,2022-03-13
471,Patricia,Taylor,48,M,patricia.taylor334@email.com,Phoenix,OH,Basic,86396,642,2023-04-07
472,Robert,Thomas,51,M,robert.thomas399@email.com,Philadelphia,NY,Standard,80977,683,2021-10-12
473,Jennifer,Brown,44,M,jennifer.brown857@email.com,Philadelphia,NY,Basic,134875,674,2021-04-29
474,John,Smith,48,F,john.smith758@email.com,Philadelphia,TX,Standard,189221,839,2021-12-18
475,Robert,Taylor,34,F,robert.taylor376@email.com,Los Angeles,NY,VIP,71854,677,2021-12-02
476,Patricia,Taylor,74,M,patricia.taylor414@email.com,Phoenix,PA,Basic,119026,628,2021-06-18
477,Richard,Davis,53,M,richard.davis516@email.com,Chicago,TX,Basic,173903,577,2023-08-02
478,James,Rodriguez,32,M,james.rodriguez916@email.com,Jacksonville,CA,Standard,164337,641,2023-07-28
479,Mary,Williams,67,M,mary.williams145@email.com,Chicago,TX,Standard,145785,782,2023-07-30
480,Elizabeth,Moore,40,F,elizabeth.moore169@email.com,Phoenix,NC,Basic,174106,806,2021-04-03
481,Richard,Johnson,21,F,richard.johnson796@email.com,San Diego,NC,Premium,110486,822,2021-02-19
482,James,Jones,74,F,james.jones703@email.com,Los Angeles,NY,Premium,81535,554,2023-12-18
483,Christopher,Wilson,18,M,christopher.wilson320@email.com,New York,TX,Premium,98871,724,2022-07-22
484,Susan,Miller,64,F,susan.miller613@email.com,San Jose,TX,Standard,93926,731,2022-02-24
485,Barbara,Taylor,74,F,barbara.taylor724@email.com,Philadelphia,FL,Premium,103820,840,2022-12-16
486,Elizabeth,Thomas,69,M,elizabeth.thomas601@email.com,San Jose,PA,Standard,30337,643,2023-07-18
487,David,Miller,36,M,david.miller505@email.com,New York,NY,Standard,156449,828,2023-06-10
488,John,Taylor,59,M,john.taylor730@email.com,Philadelphia,FL,Standard,46648,704,2023-01-07
489,Sarah,Jones,73,F,sarah.jones926@email.com,Phoenix,IL,VIP,95384,810,2022-12-21
490,Jennifer,Johnson,62,F,jennifer.johnson422@email.com,San Diego,NC,VIP,172831,732,2022-03-20
491,Michael,Jones,62,M,michael.jones383@email.com,Chicago,WA,Standard,191633,773,2021-12-01
492,William,Garcia,36,M,william.garcia528@email.com,San Diego,OH,Premium,124034,737,2023-12-03
493,Elizabeth,Brown,68,F,elizabeth.brown616@email.com,Austin,TX,Standard,170338,714,2021-05-26
494,Nancy,Brown,53,F,nancy.brown196@email.com,Austin,OH,Standard,199340,578,2022-06-05
495,Susan,Smith,50,F,susan.smith332@email.com,Phoenix,WA,Basic,109120,816,2021-06-21
496,Karen,Wilson,49,M,karen.wilson74@email.com,Austin,WA,Basic,94065,777,2021-04-17
497,Patricia,Jones,38,M,patricia.jones657@email.com,Philadelphia,IL,Standard,137723,675,2021-04-07
498,Jennifer,Taylor,42,F,jennifer.taylor280@email.com,Phoenix,NY,Standard,195676,739,2022-03-28
499,Robert,Moore,41,M,robert.moore605@email.com,Philadelphia,NC,Premium,99798,767,2023-06-20
500,Barbara,Williams,19,M,barbara.williams928@email.com,Philadelphia,NY,Basic,115238,597,2021-07-10
501,John,Taylor,57,F,john.taylor779@email.com,Jacksonville,NC,Standard,62620,683,2021-04-23
502,Lisa,Rodriguez,54,F,lisa.rodriguez398@email.com,Dallas,IL,Basic,106042,770,2022-07-24
503,Lisa,Brown,33,M,lisa.brown647@email.com,Austin,NY,Premium,33935,624,2022-11-14
504,Susan,Miller,20,M,susan.miller326@email.com,Houston,TX,Standard,64077,841,2023-03-27
505,Joseph,Moore,28,M,joseph.moore685@email.com,Philadelphia,OH,Standard,108120,670,2021-08-05
506,Christopher,Smith,42,M,christopher.smith707@email.com,Jacksonville,CA,Basic,105546,846,2021-06-17
507,Barbara,Davis,55,M,barbara.davis209@email.com,Phoenix,PA,Basic,196817,849,2021-10-04
508,David,Miller,52,F,david.miller13@email.com,Jacksonville,NC,Standard,48348,825,2022-09-24
509,Richard,Brown,65,F,richard.brown229@email.com,San Diego,AZ,Basic,151692,718,2021-05-12
510,Thomas,Anderson,51,M,thomas.anderson168@email.com,San Diego,NY,Basic,53836,816,2023-05-09
511,Elizabeth,Martinez,64,F,elizabeth.martinez950@email.com,Chicago,WA,Basic,103770,693,2022-08-22
512,Nancy,Garcia,71,F,nancy.garcia487@email.com,Austin,NC,Basic,67056,638,2021-09-13
513,William,Jones,31,F,william.jones761@email.com,Dallas,OH,Basic,42959,640,2023-08-06
514,Elizabeth,Miller,34,F,elizabeth.miller964@email.com,Phoenix,CA,Standard,179675,724,2021-12-23
515,Karen,Johnson,31,F,karen.johnson813@email.com,Dallas,FL,Standard,126485,819,2021-08-27
516,Barbara,Miller,27,M,barbara.miller790@email.com,Philadelphia,WA,Standard,40759,798,2023-05-29
517,Richard,Martinez,38,F,richard.martinez135@email.com,Phoenix,AZ,Standard,80427,650,2021-01-24
518,Sarah,Brown,26,M,sarah.brown257@email.com,Chicago,NY,Standard,172272,661,2023-10-02
519,Elizabeth,Taylor,59,M,elizabeth.taylor203@email.com,San Diego,TX,Basic,194515,563,2022-09-22
520,Robert,Thomas,61,F,robert.thomas479@email.com,Phoenix,NY,Standard,37832,620,2021-09-01
521,Patricia,Anderson,46,M,patricia.anderson134@email.com,Chicago,OH,Basic,118906,690,2023-03-24
522,William,Moore,67,F,william.moore553@email.com,San Jose,WA,Basic,142995,553,2023-08-25
523,Elizabeth,Jones,23,M,elizabeth.jones985@email.com,San Jose,TX,Basic,186237,724,2022-12-10
524,Susan,Jones,21,M,susan.jones753@email.com,San Diego,AZ,Basic,69212,825,2022-06-21
525,Thomas,Moore,29,M,thomas.moore684@email.com,Los Angeles,AZ,VIP,127387,834,2021-09-21
526,Barbara,Garcia,21,M,barbara.garcia536@email.com,Phoenix,FL,Standard,59090,574,2021-04-05
527,Richard,Anderson,20,F,richard.anderson502@email.com,Houston,FL,Premium,120233,728,2023-03-14
528,Jennifer,Anderson,30,F,jennifer.anderson944@email.com,Dallas,CA,Standard,157925,720,2022-05-16
529,Karen,Johnson,18,F,karen.johnson639@email.com,Dallas,NC,Basic,147023,659,2023-11-02
530,William,Miller,71,F,william.miller369@email.com,San Diego,FL,Standard,141254,708,2023-12-04
531,Lisa,Wilson,24,M,lisa.wilson138@email.com,Chicago,OH,Standard,121280,842,2021-10-07
532,Michael,Martinez,57,M,michael.martinez924@email.com,Houston,FL,Basic,189340,801,2021-09-16
533,Mary,Davis,60,F,mary.davis222@email.com,Dallas,WA,Basic,84139,811,2022-12-13
534,Lisa,Rodriguez,62,F,lisa.rodriguez97@email.com,Houston,AZ,Standard,126712,577,2022-07-07
535,Michael,Martinez,48,M,michael.martinez265@email.com,Los Angeles,AZ,Basic,192189,758,2023-06-10
536,Linda,Martinez,72,F,linda.martinez443@email.com,Philadelphia,CA,VIP,125292,650,2021-04-25
537,David,Thomas,39,F,david.thomas980@email.com,Austin,AZ,Premium,71546,625,2021-01-25
538,Susan,Garcia,27,F,susan.garcia251@email.com,Houston,NC,Premium,75265,781,2023-09-09
539,Patricia,Garcia,53,F,patricia.garcia563@email.com,San Diego,FL,Premium,137460,668,2023-07-23
540,Robert,Garcia,22,M,robert.garcia108@email.com,Dallas,FL,Standard,58242,628,2022-04-24
541,Barbara,Davis,34,M,barbara.davis105@email.com,Jacksonville,CA,VIP,146946,751,2022-11-05
542,Karen,Martinez,25,M,karen.martinez672@email.com,Chicago,AZ,Premium,173870,723,2023-04-10
543,Michael,Williams,57,F,michael.williams510@email.com,San Diego,IL,Basic,128414,790,2021-02-09
544,Karen,Jones,36,F,karen.jones324@email.com,Philadelphia,CA,Premium,136507,556,2023-01-12
545,Robert,Johnson,70,M,robert.johnson136@email.com,San Diego,CA,Standard,72533,747,2022-05-07
546,Joseph,Wilson,29,F,joseph.wilson457@email.com,Los Angeles,CA,Standard,111704,694,2023-05-15
547,William,Miller,47,M,william.miller213@email.com,Philadelphia,TX,VIP,174143,764,2023-01-19
548,Patricia,Martinez,72,M,patricia.martinez669@email.com,Dallas,NC,Standard,184479,764,2022-07-29
549,Thomas,Rodriguez,22,M,thomas.rodriguez871@email.com,San Diego,TX,Basic,34600,651,2021-10-03
550,John,Rodriguez,35,F,john.rodriguez958@email.com,San Jose,CA,Premium,50509,824,2021-04-10
551,Elizabeth,Taylor,73,M,elizabeth.taylor892@email.com,San Jose,IL,Standard,147482,575,2021-04-10
552,Elizabeth,Johnson,62,F,elizabeth.johnson953@email.com,Jacksonville,WA,Premium,113158,555,2021-02-24
553,Jennifer,Wilson,35,F,jennifer.wilson838@email.com,New York,AZ,Standard,58735,593,2021-03-26
554,Patricia,Williams,57,M,patricia.williams515@email.com,Jacksonville,TX,VIP,126754,622,2022-07-27
555,David,Williams,44,M,david.williams732@email.com,San Jose,FL,Standard,187590,705,2023-11-08
556,Jessica,Garcia,67,F,jessica.garcia10@email.com,New York,NY,Standard,88009,614,2022-07-27
557,John,Garcia,54,F,john.garcia616@email.com,San Jose,NY,Premium,192587,665,2022-08-03
558,Jessica,Davis,34,F,jessica.davis778@email.com,San Jose,FL,Basic,122447,550,2023-04-07
559,Barbara,Garcia,34,F,barbara.garcia434@email.com,Houston,CA,Standard,142399,825,2023-10-13
560,Sarah,Brown,71,M,sarah.brown713@email.com,Phoenix,NY,Standard,150820,583,2022-07-24
561,Thomas,Garcia,31,M,thomas.garcia669@email.com,Phoenix,AZ,VIP,186214,766,2023-11-13
562,Barbara,Rodriguez,58,M,barbara.rodriguez238@email.com,Jacksonville,CA,Basic,124436,759,2022-08-25
563,John,Moore,59,M,john.moore579@email.com,San Antonio,NY,Basic,194173,564,2023-08-15
564,Thomas,Smith,26,F,thomas.smith33@email.com,Dallas,NC,Standard,127340,795,2022-06-12
565,Daniel,Miller,48,M,daniel.miller385@email.com,New York,FL,Standard,108651,626,2021-09-28
566,Karen,Smith,26,M,karen.smith181@email.com,San Antonio,PA,Basic,32456,668,2021-04-14
567,David,Wilson,69,F,david.wilson541@email.com,San Antonio,NC,Premium,141537,631,2023-06-16
568,Daniel,Taylor,74,F,daniel.taylor587@email.com,Philadelphia,TX,VIP,183154,785,2022-12-30
569,Elizabeth,Anderson,41,F,elizabeth.anderson239@email.com,Houston,NC,Standard,161932,628,2021-02-18
570,Jennifer,Martinez,66,F,jennifer.martinez264@email.com,Chicago,NC,Standard,80940,599,2021-04-28
571,Jessica,Johnson,57,M,jessica.johnson473@email.com,Dallas,OH,Basic,134664,833,2023-07-17
572,William,Garcia,68,M,william.garcia697@email.com,Chicago,CA,VIP,178965,721,2021-05-04
573,Patricia,Garcia,26,F,patricia.garcia122@email.com,San Antonio,AZ,VIP,199057,629,2022-11-11
574,Linda,Moore,59,F,linda.moore592@email.com,San Jose,TX,Standard,160239,774,2023-11-21
575,Thomas,Miller,73,F,thomas.miller217@email.com,Los Angeles,AZ,Basic,157936,682,2023-07-27
576,Jennifer,Anderson,30,M,jennifer.anderson569@email.com,Houston,AZ,Standard,46998,651,2022-06-03
577,Patricia,Anderson,36,F,patricia.anderson293@email.com,San Antonio,OH,Premium,128441,619,2022-11-03
578,James,Martinez,59,M,james.martinez818@email.com,Los Angeles,AZ,Standard,151837,740,2022-10-18
579,Joseph,Thomas,40,F,joseph.thomas517@email.com,Phoenix,NC,Standard,90166,691,2023-07-30
580,John,Moore,31,M,john.moore266@email.com,Austin,IL,Standard,168099,690,2023-06-17
581,Sarah,Garcia,67,F,sarah.garcia812@email.com,San Jose,NY,Premium,116074,691,2021-08-16
582,John,Taylor,48,F,john.taylor236@email.com,San Antonio,IL,VIP,101793,588,2023-06-25
583,Barbara,Martinez,27,M,barbara.martinez791@email.com,Austin,FL,Standard,117945,611,2021-03-12
584,Barbara,Wilson,49,F,barbara.wilson12@email.com,Chicago,TX,Standard,135783,614,2022-03-19
585,Michael,Moore,48,F,michael.moore5@email.com,San Jose,FL,Standard,180436,650,2023-03-26
586,Christopher,Garcia,31,M,christopher.garcia465@email.com,Phoenix,NC,Premium,174198,659,2022-10-05
587,Patricia,Davis,24,M,patricia.davis553@email.com,Los Angeles,NC,Standard,179335,705,2023-03-15
588,Nancy,Johnson,22,F,nancy.johnson994@email.com,Dallas,AZ,Standard,199474,762,2021-01-01
589,Jessica,Rodriguez,73,M,jessica.rodriguez250@email.com,Jacksonville,FL,Premium,62416,848,2022-08-14
590,Linda,Smith,40,F,linda.smith515@email.com,Los Angeles,OH,Basic,116080,583,2021-07-30
591,Mary,Moore,57,F,mary.moore18@email.com,San Jose,PA,Basic,58814,628,2021-01-03
592,Barbara,Johnson,53,F,barbara.johnson75@email.com,Houston,CA,Basic,64894,664,2022-08-05
593,Elizabeth,Moore,58,M,elizabeth.moore313@email.com,Chicago,IL,Premium,173589,697,2022-05-29
594,Michael,Davis,71,F,michael.davis837@email.com,Jacksonville,PA,Standard,154658,713,2021-11-18
595,James,Taylor,19,M,james.taylor856@email.com,San Jose,FL,Standard,66852,846,2023-03-16
596,John,Smith,68,M,john.smith421@email.com,Houston,NY,Standard,154579,685,2022-10-19
597,Richard,Miller,20,F,richard.miller343@email.com,Dallas,WA,Basic,66258,823,2023-11-27
598,Christopher,Smith,23,F,christopher.smith606@email.com,Los Angeles,NC,Standard,157382,639,2023-12-20
599,David,Garcia,25,F,david.garcia600@email.com,San Antonio,FL,Basic,40386,797,2021-07-10
600,Richard,Moore,53,M,richard.moore107@email.com,Los Angeles,TX,Standard,161257,667,2022-11-17
601,Thomas,Thomas,39,F,thomas.thomas465@email.com,Dallas,TX,Standard,97412,784,2021-06-26
602,Nancy,Garcia,61,F,nancy.garcia610@email.com,Dallas,NY,Standard,175745,557,2022-03-19
603,Karen,Wilson,42,F,karen.wilson329@email.com,San Jose,PA,Basic,169151,752,2021-04-20
604,Jessica,Miller,19,F,jessica.miller320@email.com,San Diego,IL,Standard,177425,632,2022-05-27
605,Lisa,Taylor,24,M,lisa.taylor765@email.com,San Jose,PA,VIP,138105,556,2023-07-15
606,Elizabeth,Taylor,54,M,elizabeth.taylor975@email.com,San Antonio,NY,Standard,102758,594,2022-09-01
607,John,Miller,25,M,john.miller693@email.com,Houston,PA,Premium,149863,628,2022-02-12
608,Nancy,Jones,66,F,nancy.jones209@email.com,Phoenix,IL,Standard,47351,707,2022-02-23
609,Karen,Smith,45,F,karen.smith366@email.com,Phoenix,NY,Premium,64798,650,2023-04-10
610,James,Wilson,51,F,james.wilson900@email.com,Chicago,OH,Standard,39361,802,2023-09-22
611,Daniel,Anderson,72,M,daniel.anderson501@email.com,San Antonio,NC,Standard,123601,561,2022-04-23
612,Karen,Williams,72,M,karen.williams989@email.com,New York,NC,Standard,68135,582,2023-03-23
613,Karen,Moore,23,F,karen.moore465@email.com,Los Angeles,IL,Basic,190332,617,2022-08-09
614,Lisa,Moore,37,M,lisa.moore222@email.com,Los Angeles,PA,Basic,145307,685,2022-04-26
615,Nancy,Garcia,43,M,nancy.garcia927@email.com,San Jose,AZ,Standard,112708,749,2023-06-09
616,Joseph,Davis,62,F,joseph.davis995@email.com,Jacksonville,IL,Standard,173065,681,2022-12-13
617,David,Moore,58,F,david.moore768@email.com,Philadelphia,OH,VIP,77603,750,2021-11-20
618,Jessica,Miller,73,F,jessica.miller768@email.com,New York,PA,Standard,33165,614,2021-01-27
619,Richard,Thomas,52,F,richard.thomas573@email.com,Jacksonville,OH,Premium,31453,575,2022-11-30
620,Daniel,Thomas,72,F,daniel.thomas259@email.com,Dallas,IL,Basic,46961,847,2021-09-20
621,Christopher,Johnson,34,F,christopher.johnson191@email.com,New York,OH,Standard,148550,783,2022-04-18
622,Lisa,Davis,66,F,lisa.davis634@email.com,San Jose,PA,Basic,194597,755,2021-09-04
623,Jessica,Wilson,73,M,jessica.wilson964@email.com,Philadelphia,PA,VIP,180007,623,2023-11-15
624,Joseph,Brown,65,F,joseph.brown394@email.com,Jacksonville,IL,Premium,59264,628,2021-11-13
625,William,Anderson,19,F,william.anderson123@email.com,Philadelphia,OH,VIP,41759,785,2021-09-26
626,Charles,Smith,24,F,charles.smith145@email.com,Dallas,TX,Basic,126567,645,2023-02-17
627,Daniel,Miller,56,M,daniel.miller147@email.com,Jacksonville,TX,Standard,37927,608,2022-08-31
628,Susan,Wilson,50,F,susan.wilson834@email.com,Los Angeles,IL,Standard,186214,600,2024-01-01
629,Linda,Miller,64,F,linda.miller150@email.com,San Jose,FL,Basic,37577,619,2021-09-14
630,Daniel,Moore,58,F,daniel.moore797@email.com,Phoenix,IL,Standard,58555,753,2023-06-04
631,John,Moore,41,F,john.moore442@email.com,Philadelphia,IL,Standard,137567,724,2022-06-27
632,James,Miller,69,M,james.miller565@email.com,Los Angeles,CA,Standard,85549,825,2021-02-05
633,Charles,Johnson,40,M,charles.johnson505@email.com,Houston,PA,Basic,76399,616,2021-03-27
634,Michael,Smith,56,M,michael.smith729@email.com,Chicago,AZ,Basic,194008,616,2022-05-05
635,Lisa,Garcia,19,M,lisa.garcia913@email.com,Chicago,PA,Premium,109005,841,2022-01-08
636,Sarah,Williams,28,F,sarah.williams270@email.com,San Diego,NC,Premium,77135,636,2021-03-13
637,Linda,Johnson,67,F,linda.johnson96@email.com,San Diego,TX,Basic,39603,832,2021-09-25
638,David,Wilson,57,M,david.wilson832@email.com,New York,AZ,Standard,134864,716,2021-04-22
639,John,Davis,24,F,john.davis18@email.com,Jacksonville,IL,Standard,181105,812,2023-10-16
640,David,Smith,20,F,david.smith893@email.com,Jacksonville,TX,VIP,75789,820,2022-09-07
641,Richard,Martinez,60,F,richard.martinez520@email.com,San Diego,NC,VIP,111805,787,2021-02-12
642,Lisa,Wilson,37,F,lisa.wilson67@email.com,Dallas,AZ,Basic,166499,569,2022-01-18
643,Susan,Smith,68,F,susan.smith962@email.com,Austin,FL,Standard,174471,624,2022-11-26
644,Christopher,Wilson,52,M,christopher.wilson401@email.com,Chicago,PA,VIP,41524,583,2021-08-12
645,Elizabeth,Moore,47,F,elizabeth.moore670@email.com,Jacksonville,NC,Standard,194060,761,2021-03-26
646,Jessica,Moore,30,M,jessica.moore687@email.com,Phoenix,NY,Standard,111368,577,2023-12-20
647,Mary,Jones,21,F,mary.jones432@email.com,Phoenix,OH,Standard,162518,617,2023-12-30
648,Lisa,Davis,57,F,lisa.davis27@email.com,Los Angeles,NC,Premium,95237,849,2022-02-23
649,David,Martinez,63,M,david.martinez408@email.com,New York,NC,Basic,69986,728,2022-08-19
650,Charles,Garcia,47,F,charles.garcia86@email.com,Los Angeles,IL,Standard,48162,619,2021-03-26
651,Michael,Wilson,63,F,michael.wilson263@email.com,Dallas,FL,Standard,61190,767,2023-08-08
652,Elizabeth,Brown,44,F,elizabeth.brown215@email.com,Dallas,CA,Standard,155586,829,2021-12-17
653,Mary,Wilson,46,M,mary.wilson482@email.com,San Jose,PA,Standard,56350,574,2021-07-27
654,Jessica,Davis,50,F,jessica.davis665@email.com,Houston,OH,Basic,150295,737,2022-06-05
655,Lisa,Williams,70,F,lisa.williams894@email.com,Jacksonville,NC,Basic,182186,797,2023-04-06
656,Linda,Wilson,50,F,linda.wilson313@email.com,Jacksonville,IL,Standard,141032,797,2021-09-06
657,Nancy,Anderson,72,M,nancy.anderson860@email.com,San Antonio,IL,Basic,59488,650,2022-09-17
658,Elizabeth,Johnson,29,M,elizabeth.johnson645@email.com,Houston,IL,Basic,138972,605,2022-02-09
659,Jessica,Anderson,51,M,jessica.anderson251@email.com,Jacksonville,FL,Standard,33608,616,2022-03-09
660,Patricia,Davis,45,F,patricia.davis904@email.com,Philadelphia,NC,Premium,168183,781,2021-11-29
661,Joseph,Johnson,65,F,joseph.johnson695@email.com,New York,NY,Standard,65630,731,2021-07-28
662,Charles,Smith,25,M,charles.smith24@email.com,San Antonio,CA,VIP,43009,634,2022-05-25
663,Elizabeth,Moore,57,M,elizabeth.moore518@email.com,Phoenix,AZ,Standard,140566,672,2022-03-18
664,Robert,Rodriguez,66,M,robert.rodriguez633@email.com,Houston,OH,Standard,197279,658,2023-11-04
665,Sarah,Martinez,24,F,sarah.martinez43@email.com,San Diego,WA,Standard,46223,650,2021-12-22
666,Patricia,Johnson,44,M,patricia.johnson538@email.com,San Jose,PA,Basic,56682,615,2023-05-13
667,Barbara,Martinez,49,F,barbara.martinez923@email.com,Phoenix,WA,Basic,47168,806,2023-10-21
668,Linda,Thomas,73,M,linda.thomas554@email.com,Houston,NC,Standard,93303,821,2022-03-20
669,Michael,Davis,47,M,michael.davis785@email.com,San Jose,TX,Standard,65416,833,2021-01-23
670,Robert,Jones,22,F,robert.jones849@email.com,Dallas,AZ,Standard,152227,731,2022-02-05
671,William,Jones,55,M,william.jones872@email.com,Austin,OH,VIP,188305,605,2021-05-03
672,Nancy,Garcia,39,F,nancy.garcia467@email.com,Chicago,PA,Standard,144056,803,2022-03-01
673,Robert,Johnson,20,F,robert.johnson952@email.com,Austin,FL,Standard,35101,684,2022-09-16
674,Christopher,Brown,66,M,christopher.brown893@email.com,San Jose,NC,Standard,163632,663,2023-10-02
675,Lisa,Smith,31,M,lisa.smith148@email.com,San Antonio,FL,Standard,147491,821,2021-02-02
676,Richard,Johnson,38,F,richard.johnson237@email.com,Chicago,WA,Standard,49794,587,2022-11-30
677,John,Moore,62,M,john.moore714@email.com,Austin,OH,Premium,182911,592,2022-03-05
678,Robert,Williams,28,F,robert.williams771@email.com,Dallas,CA,Standard,104717,592,2022-10-08
679,Thomas,Taylor,68,M,thomas.taylor158@email.com,Los Angeles,CA,Standard,189337,803,2023-09-09
680,Susan,Davis,66,F,susan.davis309@email.com,Phoenix,FL,Basic,98568,818,2022-11-30
681,Karen,Davis,44,F,karen.davis381@email.com,Jacksonville,WA,Premium,50183,730,2021-08-17
682,Barbara,Smith,49,M,barbara.smith552@email.com,Austin,OH,Basic,103934,688,2023-07-01
683,John,Anderson,33,F,john.anderson330@email.com,San Jose,OH,Standard,167856,634,2022-05-11
684,Daniel,Brown,51,F,daniel.brown480@email.com,Austin,IL,VIP,176106,676,2023-01-20
685,Thomas,Williams,48,F,thomas.williams979@email.com,Phoenix,OH,Basic,86429,586,2023-06-18
686,Robert,Thomas,30,M,robert.thomas1@email.com,Houston,TX,Basic,61418,738,2021-08-01
687,Linda,Martinez,63,F,linda.martinez568@email.com,Austin,IL,Standard,171097,672,2021-05-11
688,Richard,Garcia,46,F,richard.garcia194@email.com,Philadelphia,NC,Premium,87063,682,2021-12-30
689,Linda,Martinez,69,M,linda.martinez192@email.com,Chicago,PA,Standard,175244,827,2023-02-18
690,Karen,Thomas,18,F,karen.thomas33@email.com,San Diego,FL,Premium,152910,711,2023-10-26
691,Linda,Anderson,69,F,linda.anderson241@email.com,Houston,WA,Standard,106817,777,2022-11-21
692,Mary,Williams,35,M,mary.williams217@email.com,Austin,NY,Standard,36684,767,2022-04-17
693,Thomas,Williams,49,F,thomas.williams992@email.com,Los Angeles,IL,Standard,33997,571,2023-06-28
694,Charles,Brown,60,F,charles.brown363@email.com,Jacksonville,NY,Premium,54307,637,2022-07-19
695,Daniel,Rodriguez,71,M,daniel.rodriguez448@email.com,Philadelphia,FL,Standard,75746,563,2023-10-10
696,Patricia,Moore,38,M,patricia.moore123@email.com,San Jose,IL,Standard,126131,579,2023-02-18
697,Charles,Smith,42,M,charles.smith823@email.com,Austin,FL,Premium,175875,727,2021-11-10
698,Barbara,Martinez,64,M,barbara.martinez21@email.com,Philadelphia,NC,Basic,44059,765,2022-05-19
699,Joseph,Brown,28,M,joseph.brown626@email.com,San Diego,WA,Basic,177255,713,2022-11-22
700,Robert,Moore,65,F,robert.moore181@email.com,Jacksonville,WA,Basic,32515,701,2023-11-18
701,Karen,Martinez,37,M,karen.martinez400@email.com,San Jose,AZ,Premium,169557,724,2022-05-29
702,Patricia,Miller,49,F,patricia.miller200@email.com,Philadelphia,WA,Standard,191796,612,2022-09-15
703,Richard,Smith,36,F,richard.smith57@email.com,San Jose,OH,Premium,141851,644,2021-09-25
704,Thomas,Moore,49,M,thomas.moore317@email.com,Dallas,CA,Standard,151896,582,2023-12-02
705,Nancy,Garcia,35,M,nancy.garcia385@email.com,Philadelphia,NC,Basic,170725,819,2022-02-07
706,William,Moore,22,M,william.moore256@email.com,San Jose,NC,VIP,173454,582,2021-02-23
707,William,Smith,44,M,william.smith4@email.com,New York,PA,Basic,97072,613,2023-07-13
708,Christopher,Johnson,44,F,christopher.johnson596@email.com,Philadelphia,AZ,Standard,176878,661,2023-07-29
709,Robert,Jones,55,M,robert.jones567@email.com,Philadelphia,IL,Basic,58411,605,2022-05-16
710,Charles,Johnson,48,F,charles.johnson310@email.com,Jacksonville,NY,Standard,132617,813,2023-08-30
711,Susan,Williams,59,M,susan.williams632@email.com,Dallas,WA,VIP,115044,796,2023-09-13
712,Linda,Thomas,28,F,linda.thomas55@email.com,Austin,OH,VIP,173929,562,2023-09-09
713,Susan,Wilson,33,M,susan.wilson769@email.com,Phoenix,TX,Premium,124012,578,2023-04-04
714,Christopher,Brown,42,F,christopher.brown298@email.com,Houston,FL,Standard,39208,708,2022-11-19
715,Thomas,Garcia,48,M,thomas.garcia887@email.com,Austin,NC,Basic,94223,675,2023-09-10
716,David,Smith,42,F,david.smith537@email.com,Chicago,PA,Basic,30978,836,2021-10-02
717,Elizabeth,Miller,18,M,elizabeth.miller296@email.com,Chicago,NC,VIP,124195,733,2021-09-07
718,Sarah,Davis,70,M,sarah.davis948@email.com,Austin,NY,Standard,51764,676,2021-03-29
719,Elizabeth,Smith,71,F,elizabeth.smith470@email.com,San Jose,NC,VIP,128918,592,2022-07-10
720,Mary,Davis,23,M,mary.davis363@email.com,Dallas,OH,Standard,125703,693,2023-11-28
721,Thomas,Rodriguez,38,M,thomas.rodriguez297@email.com,New York,IL,Standard,142185,761,2022-09-25
722,Susan,Taylor,59,M,susan.taylor985@email.com,Phoenix,NY,Standard,52271,678,2024-01-01
723,Daniel,Smith,65,F,daniel.smith536@email.com,Austin,NC,Standard,198121,836,2023-10-19
724,Linda,Brown,69,M,linda.brown758@email.com,Los Angeles,FL,Standard,138428,664,2023-07-28
725,David,Johnson,65,F,david.johnson289@email.com,New York,TX,Basic,56906,679,2021-08-27
726,Joseph,Miller,32,F,joseph.miller909@email.com,Los Angeles,IL,Standard,33905,806,2021-07-05
727,Thomas,Thomas,35,F,thomas.thomas362@email.com,San Jose,PA,Premium,129543,669,2022-01-15
728,Jessica,Martinez,54,F,jessica.martinez698@email.com,San Diego,NY,Basic,77247,747,2023-02-04
729,James,Miller,40,M,james.miller947@email.com,San Antonio,AZ,VIP,177045,680,2021-11-01
730,Jennifer,Jones,54,M,jennifer.jones613@email.com,Dallas,OH,Standard,82909,632,2023-05-18
731,Elizabeth,Williams,34,F,elizabeth.williams108@email.com,Chicago,NC,Standard,64153,807,2021-06-10
732,Robert,Williams,66,M,robert.williams924@email.com,Phoenix,NC,Basic,160355,662,2023-11-06
733,John,Brown,64,M,john.brown438@email.com,Los Angeles,CA,VIP,189126,601,2023-02-03
734,Christopher,Taylor,18,F,christopher.taylor8@email.com,San Diego,NY,VIP,71471,573,2021-11-03
735,Susan,Thomas,46,M,susan.thomas256@email.com,Philadelphia,TX,Standard,166318,607,2022-06-25
736,Michael,Miller,37,M,michael.miller207@email.com,Dallas,AZ,Standard,90741,797,2021-07-14
737,Robert,Rodriguez,35,M,robert.rodriguez770@email.com,Philadelphia,AZ,Standard,65484,816,2023-10-18
738,Linda,Jones,57,F,linda.jones504@email.com,Philadelphia,IL,VIP,74672,576,2023-01-21
739,James,Smith,21,F,james.smith933@email.com,Dallas,NY,Standard,96070,704,2021-10-16
740,Jessica,Garcia,50,F,jessica.garcia321@email.com,Phoenix,TX,Basic,114348,825,2023-06-04
741,Mary,Jones,20,M,mary.jones513@email.com,San Diego,OH,Standard,95731,739,2023-06-17
742,William,Brown,32,F,william.brown183@email.com,Austin,AZ,Basic,119550,648,2023-08-08
743,Barbara,Anderson,29,F,barbara.anderson617@email.com,Dallas,CA,Standard,180223,679,2021-01-10
744,Karen,Moore,48,M,karen.moore290@email.com,New York,WA,Standard,58317,787,2021-12-19
745,Linda,Rodriguez,39,F,linda.rodriguez775@email.com,Austin,NY,Standard,148752,684,2021-12-20
746,Jessica,Garcia,43,M,jessica.garcia682@email.com,Phoenix,OH,Premium,65834,648,2021-12-14
747,Jessica,Moore,39,M,jessica.moore849@email.com,Dallas,PA,Standard,180712,793,2023-07-12
748,Charles,Martinez,53,F,charles.martinez485@email.com,Austin,NY,Premium,133156,805,2023-01-16
749,Thomas,Wilson,25,M,thomas.wilson550@email.com,Dallas,FL,Premium,77129,685,2023-07-16
750,Joseph,Wilson,40,F,joseph.wilson883@email.com,Dallas,IL,Standard,86407,794,2022-06-03
751,Lisa,Smith,37,M,lisa.smith388@email.com,Los Angeles,NC,Standard,186596,690,2023-07-29
752,Robert,Jones,24,M,robert.jones532@email.com,Houston,FL,Basic,134174,808,2022-01-14
753,David,Brown,60,F,david.brown20@email.com,Los Angeles,FL,Standard,112845,844,2022-07-26
754,James,Jones,35,F,james.jones488@email.com,San Diego,FL,Basic,125990,626,2021-05-18
755,Mary,Brown,45,M,mary.brown342@email.com,Philadelphia,PA,Standard,74936,787,2021-05-19
756,David,Rodriguez,72,F,david.rodriguez722@email.com,Houston,FL,Premium,171161,833,2022-06-23
757,Joseph,Smith,48,F,joseph.smith170@email.com,Houston,PA,Basic,134956,657,2021-11-21
758,Barbara,Johnson,37,F,barbara.johnson576@email.com,Chicago,NY,Basic,55183,766,2021-05-09
759,Nancy,Taylor,42,F,nancy.taylor931@email.com,Houston,TX,Premium,152141,792,2023-03-23
760,Lisa,Jones,38,M,lisa.jones792@email.com,San Antonio,PA,Basic,111215,563,2022-03-01
761,Christopher,Garcia,48,M,christopher.garcia401@email.com,Austin,OH,Standard,151551,624,2021-08-09
762,Jessica,Moore,45,F,jessica.moore797@email.com,Los Angeles,NY,Premium,176404,801,2022-07-28
763,Daniel,Davis,43,F,daniel.davis847@email.com,Houston,OH,Basic,118494,699,2022-05-01
764,James,Moore,59,F,james.moore794@email.com,San Jose,FL,VIP,119592,571,2023-03-01
765,Barbara,Miller,24,F,barbara.miller122@email.com,Dallas,AZ,Premium,76703,559,2021-07-14
766,Elizabeth,Williams,39,F,elizabeth.williams973@email.com,San Diego,CA,Standard,103463,780,2023-09-07
767,Karen,Taylor,68,F,karen.taylor302@email.com,Austin,PA,Standard,128580,586,2022-04-06
768,Patricia,Brown,20,M,patricia.brown41@email.com,Los Angeles,NC,Standard,180061,749,2022-01-21
769,Susan,Moore,30,F,susan.moore343@email.com,Jacksonville,IL,Premium,72220,678,2021-04-05
770,Linda,Miller,58,M,linda.miller843@email.com,San Jose,WA,Standard,174442,557,2023-11-18
771,Joseph,Davis,48,F,joseph.davis833@email.com,Chicago,WA,Standard,141006,710,2021-05-04
772,Barbara,Rodriguez,39,M,barbara.rodriguez792@email.com,Houston,TX,Premium,76904,693,2021-12-17
773,John,Johnson,27,F,john.johnson402@email.com,Los Angeles,OH,Premium,129819,714,2021-09-22
774,Linda,Brown,67,F,linda.brown269@email.com,Jacksonville,FL,Standard,156036,839,2021-03-10
775,Barbara,Anderson,56,F,barbara.anderson101@email.com,Austin,AZ,Standard,77265,839,2021-06-05
776,Michael,Thomas,71,F,michael.thomas14@email.com,Houston,PA,Standard,157377,778,2022-03-31
777,Barbara,Taylor,54,M,barbara.taylor297@email.com,Philadelphia,WA,Standard,80109,629,2023-04-22
778,Susan,Garcia,34,M,susan.garcia255@email.com,Jacksonville,WA,Standard,52159,790,2023-11-16
779,Patricia,Rodriguez,18,F,patricia.rodriguez547@email.com,Austin,FL,Standard,108585,818,2023-12-20
780,Jessica,Martinez,44,F,jessica.martinez347@email.com,San Antonio,TX,Premium,132308,746,2023-10-09
781,Thomas,Brown,20,M,thomas.brown10@email.com,San Antonio,PA,Basic,61889,573,2023-02-04
782,Robert,Wilson,58,F,robert.wilson82@email.com,Houston,AZ,Standard,116199,750,2021-03-08
783,William,Miller,31,M,william.miller947@email.com,Los Angeles,IL,Standard,144311,589,2021-05-20
784,Daniel,Williams,69,M,daniel.williams800@email.com,Houston,NC,Basic,101675,621,2023-11-05
785,Susan,Davis,65,M,susan.davis804@email.com,San Diego,IL,Standard,114830,746,2023-04-10
786,Karen,Rodriguez,51,F,karen.rodriguez944@email.com,Los Angeles,FL,VIP,88917,632,2022-06-29
787,Mary,Wilson,45,M,mary.wilson327@email.com,San Jose,OH,Premium,173472,783,2022-02-26
788,Elizabeth,Wilson,51,M,elizabeth.wilson451@email.com,San Jose,NC,VIP,86083,579,2021-10-13
789,Mary,Davis,73,M,mary.davis716@email.com,Dallas,AZ,Standard,112424,806,2022-07-23
790,Thomas,Miller,71,M,thomas.miller323@email.com,Houston,NY,Basic,69832,591,2021-12-27
791,Richard,Anderson,31,M,richard.anderson321@email.com,Houston,NC,Standard,61687,814,2023-08-20
792,Barbara,Davis,74,F,barbara.davis205@email.com,New York,IL,Basic,53372,623,2021-08-01
793,Robert,Davis,42,F,robert.davis175@email.com,Philadelphia,IL,Standard,105235,645,2023-07-31
794,Linda,Williams,43,M,linda.williams97@email.com,San Diego,FL,Premium,45670,685,2023-07-09
795,John,Rodriguez,31,M,john.rodriguez514@email.com,New York,CA,Premium,139062,742,2022-03-15
796,Daniel,Taylor,26,F,daniel.taylor339@email.com,Houston,WA,VIP,159174,585,2023-02-06
797,Christopher,Brown,39,M,christopher.brown530@email.com,Chicago,IL,Standard,173566,661,2023-08-19
798,Robert,Johnson,46,F,robert.johnson993@email.com,Phoenix,TX,Basic,185190,589,2021-10-20
799,Jessica,Rodriguez,47,M,jessica.rodriguez931@email.com,Phoenix,FL,Basic,110426,682,2022-06-13
800,Lisa,Martinez,31,F,lisa.martinez882@email.com,Phoenix,FL,Standard,140375,642,2022-01-18
801,Barbara,Wilson,65,M,barbara.wilson962@email.com,San Jose,OH,Basic,67623,591,2021-11-08
802,Richard,Thomas,43,F,richard.thomas277@email.com,Jacksonville,NC,Basic,42714,572,2022-01-05
803,Thomas,Garcia,40,F,thomas.garcia228@email.com,Dallas,NY,Standard,57598,847,2023-08-20
804,William,Brown,33,F,william.brown588@email.com,Jacksonville,NC,Premium,106888,696,2023-01-07
805,Michael,Brown,29,F,michael.brown336@email.com,Austin,NC,Standard,79364,550,2022-02-26
806,Christopher,Johnson,20,M,christopher.johnson875@email.com,Jacksonville,NY,Standard,154783,801,2022-06-20
807,Sarah,Moore,38,M,sarah.moore436@email.com,San Diego,TX,Basic,49763,593,2021-12-16
808,Daniel,Jones,63,M,daniel.jones623@email.com,Dallas,AZ,Standard,193445,723,2022-03-19
809,Elizabeth,Rodriguez,48,M,elizabeth.rodriguez138@email.com,New York,OH,Premium,107904,722,2021-02-23
810,Nancy,Brown,27,F,nancy.brown574@email.com,Dallas,PA,Basic,80789,794,2021-08-10
811,Charles,Wilson,26,M,charles.wilson426@email.com,Austin,CA,Basic,86773,587,2022-02-09
812,Lisa,Thomas,63,M,lisa.thomas42@email.com,Austin,CA,Basic,110971,812,2022-05-31
813,Sarah,Davis,25,M,sarah.davis546@email.com,Austin,TX,Basic,99713,600,2022-03-07
814,Thomas,Rodriguez,48,F,thomas.rodriguez869@email.com,Jacksonville,AZ,Standard,111952,612,2023-09-02
815,Christopher,Brown,54,M,christopher.brown401@email.com,Chicago,NC,Standard,185483,610,2021-04-17
816,Karen,Moore,30,M,karen.moore832@email.com,Dallas,NY,Standard,122656,822,2021-04-15
817,Susan,Miller,63,M,susan.miller535@email.com,New York,PA,Basic,182997,849,2023-09-06
818,David,Moore,53,M,david.moore128@email.com,San Diego,FL,Standard,61108,550,2021-12-03
819,Michael,Rodriguez,24,F,michael.rodriguez117@email.com,Phoenix,PA,Basic,46236,711,2023-04-22
820,David,Garcia,52,F,david.garcia471@email.com,San Antonio,FL,Premium,135967,601,2021-04-09
821,James,Taylor,56,F,james.taylor855@email.com,Los Angeles,TX,Standard,136239,706,2021-02-28
822,Elizabeth,Taylor,50,M,elizabeth.taylor913@email.com,Dallas,TX,Standard,124756,737,2022-09-18
823,Karen,Anderson,60,F,karen.anderson152@email.com,San Diego,PA,Standard,80870,599,2021-06-29
824,Patricia,Miller,57,F,patricia.miller507@email.com,San Antonio,AZ,Basic,111226,833,2023-04-19
825,Charles,Johnson,49,M,charles.johnson826@email.com,San Antonio,CA,Standard,167602,638,2021-03-13
826,Barbara,Davis,22,F,barbara.davis758@email.com,San Diego,CA,Standard,40285,716,2023-05-06
827,Joseph,Martinez,74,M,joseph.martinez94@email.com,San Diego,WA,Standard,38560,724,2023-01-09
828,Barbara,Smith,23,F,barbara.smith913@email.com,Chicago,IL,Premium,78965,689,2021-03-31
829,Thomas,Smith,54,M,thomas.smith385@email.com,Jacksonville,TX,Basic,146811,726,2023-01-01
830,Jennifer,Jones,73,F,jennifer.jones301@email.com,New York,NY,Basic,135909,594,2022-08-23
831,John,Thomas,56,M,john.thomas451@email.com,Chicago,IL,Standard,113865,588,2023-07-01
832,John,Davis,27,M,john.davis698@email.com,Dallas,NC,Standard,52141,722,2022-09-10
833,Robert,Smith,26,M,robert.smith965@email.com,Philadelphia,NC,Premium,40092,625,2023-02-12
834,Robert,Rodriguez,55,F,robert.rodriguez553@email.com,Chicago,AZ,Basic,112397,550,2022-12-22
835,Christopher,Garcia,43,M,christopher.garcia546@email.com,San Diego,FL,Basic,35017,844,2022-05-04
836,Nancy,Taylor,74,F,nancy.taylor822@email.com,San Diego,NY,Standard,105030,710,2023-03-12
837,Susan,Rodriguez,59,F,susan.rodriguez970@email.com,New York,PA,Standard,94076,628,2021-12-01
838,David,Smith,72,M,david.smith27@email.com,San Antonio,NC,Basic,44620,817,2023-03-03
839,Karen,Wilson,50,M,karen.wilson9@email.com,Chicago,TX,Basic,144538,705,2023-09-06
840,Robert,Williams,47,M,robert.williams804@email.com,Chicago,AZ,Basic,167297,556,2022-05-07
841,Jennifer,Wilson,54,F,jennifer.wilson889@email.com,Houston,NY,VIP,153071,592,2023-05-22
842,Thomas,Davis,40,F,thomas.davis744@email.com,Dallas,NC,Basic,37120,595,2023-03-11
843,Charles,Smith,59,M,charles.smith603@email.com,San Antonio,IL,Basic,141857,579,2023-12-09
844,William,Brown,48,M,william.brown951@email.com,San Jose,NC,Premium,53516,564,2023-05-07
845,Robert,Rodriguez,37,F,robert.rodriguez407@email.com,Jacksonville,TX,Standard,61011,772,2022-12-07
846,Mary,Johnson,46,M,mary.johnson56@email.com,Austin,TX,Basic,34030,628,2022-01-17
847,Mary,Miller,58,F,mary.miller765@email.com,Los Angeles,PA,Premium,151080,674,2021-03-08
848,Christopher,Martinez,52,M,christopher.martinez348@email.com,New York,NC,Basic,56568,618,2023-10-12
849,Patricia,Smith,37,F,patricia.smith127@email.com,Houston,PA,Standard,143052,738,2023-08-21
850,Patricia,Thomas,48,M,patricia.thomas181@email.com,San Jose,NC,Basic,76311,599,2023-06-08
851,William,Jones,61,F,william.jones35@email.com,Austin,OH,Premium,42204,750,2023-04-09
852,Susan,Garcia,36,M,susan.garcia132@email.com,Chicago,FL,Premium,186559,564,2023-10-31
853,Joseph,Miller,73,M,joseph.miller364@email.com,Jacksonville,IL,Standard,146032,805,2022-09-08
854,Elizabeth,Williams,39,M,elizabeth.williams11@email.com,Los Angeles,AZ,Basic,94747,701,2023-07-27
855,Joseph,Rodriguez,30,F,joseph.rodriguez915@email.com,New York,NC,Standard,199323,846,2023-12-03
856,Jennifer,Martinez,38,F,jennifer.martinez185@email.com,Los Angeles,AZ,Premium,102344,836,2023-12-07
857,Nancy,Jones,55,F,nancy.jones536@email.com,Austin,NY,Basic,193626,677,2021-12-13
858,David,Rodriguez,71,M,david.rodriguez432@email.com,Austin,OH,Basic,170162,621,2022-07-17
859,Robert,Garcia,47,M,robert.garcia111@email.com,San Diego,NY,Standard,119241,651,2021-09-21
860,Nancy,Taylor,30,M,nancy.taylor123@email.com,New York,PA,Standard,114727,644,2022-05-13
861,Barbara,Davis,60,F,barbara.davis325@email.com,San Jose,NY,VIP,157558,706,2022-12-22
862,Daniel,Wilson,38,M,daniel.wilson525@email.com,San Diego,OH,Standard,154827,788,2023-10-16
863,Robert,Thomas,22,M,robert.thomas984@email.com,Houston,OH,Basic,31705,673,2021-07-09
864,Richard,Rodriguez,30,F,richard.rodriguez359@email.com,New York,TX,Standard,64599,589,2021-04-09
865,William,Martinez,32,M,william.martinez746@email.com,Philadelphia,FL,Standard,172649,662,2021-11-19
866,William,Anderson,46,M,william.anderson289@email.com,Philadelphia,TX,Standard,177479,777,2022-06-06
867,Richard,Davis,68,F,richard.davis584@email.com,Philadelphia,WA,Premium,186854,832,2022-10-02
868,John,Rodriguez,29,F,john.rodriguez977@email.com,Los Angeles,PA,Standard,157589,712,2021-06-11
869,Joseph,Martinez,28,F,joseph.martinez718@email.com,Jacksonville,WA,Basic,194099,554,2023-10-25
870,David,Davis,29,F,david.davis43@email.com,San Antonio,CA,Standard,94204,688,2023-02-09
871,Jessica,Moore,74,F,jessica.moore197@email.com,New York,WA,Premium,136127,827,2022-02-13
872,David,Smith,58,M,david.smith237@email.com,New York,OH,Standard,96969,575,2023-03-11
873,Sarah,Jones,48,F,sarah.jones140@email.com,Philadelphia,AZ,Standard,159172,769,2023-11-21
874,Richard,Martinez,62,M,richard.martinez899@email.com,Los Angeles,NY,Basic,179897,577,2021-09-11
875,Michael,Martinez,50,M,michael.martinez710@email.com,Phoenix,CA,Standard,30492,611,2022-01-16
876,Michael,Garcia,62,M,michael.garcia127@email.com,Phoenix,WA,VIP,98431,622,2022-07-14
877,Karen,Brown,41,M,karen.brown695@email.com,Chicago,FL,Basic,189074,732,2023-01-19
878,Barbara,Thomas,26,M,barbara.thomas164@email.com,Philadelphia,AZ,Standard,81213,774,2022-11-29
879,Karen,Smith,28,M,karen.smith952@email.com,San Diego,NC,Standard,69927,839,2021-08-09
880,Thomas,Brown,22,F,thomas.brown866@email.com,Phoenix,WA,Standard,84393,683,2023-11-14
881,Patricia,Williams,19,M,patricia.williams858@email.com,Chicago,FL,Standard,135762,565,2023-12-26
882,Daniel,Miller,35,F,daniel.miller904@email.com,Dallas,CA,Basic,162124,713,2021-12-09
883,Mary,Anderson,38,F,mary.anderson148@email.com,New York,WA,Basic,194138,660,2023-04-22
884,Joseph,Davis,21,F,joseph.davis680@email.com,Los Angeles,PA,Standard,116040,656,2023-07-18
885,Sarah,Thomas,66,F,sarah.thomas149@email.com,San Antonio,IL,Premium,86881,622,2021-07-16
886,Susan,Rodriguez,40,M,susan.rodriguez586@email.com,Los Angeles,OH,Standard,122899,819,2023-01-11
887,Patricia,Williams,26,M,patricia.williams831@email.com,San Jose,AZ,Standard,162930,812,2022-08-12
888,Joseph,Wilson,72,M,joseph.wilson302@email.com,Austin,IL,Standard,117093,635,2022-12-17
889,Christopher,Taylor,29,M,christopher.taylor575@email.com,Jacksonville,TX,Standard,46127,708,2023-08-09
890,David,Taylor,31,M,david.taylor443@email.com,San Antonio,NC,Basic,114336,661,2023-05-18
891,Jessica,Thomas,40,F,jessica.thomas846@email.com,Dallas,OH,VIP,120587,731,2022-09-08
892,Susan,Rodriguez,57,M,susan.rodriguez243@email.com,San Antonio,TX,Standard,151771,576,2022-06-16
893,Jennifer,Jones,68,F,jennifer.jones287@email.com,Dallas,OH,Premium,79933,718,2022-12-19
894,Joseph,Brown,29,M,joseph.brown613@email.com,Philadelphia,IL,Premium,44082,760,2022-11-17
895,Joseph,Martinez,64,M,joseph.martinez804@email.com,New York,NC,Standard,149050,553,2023-04-04
896,Jessica,Williams,35,F,jessica.williams281@email.com,Jacksonville,WA,Premium,182642,836,2022-01-16
897,Robert,Martinez,49,F,robert.martinez89@email.com,Houston,CA,Standard,41201,817,2022-12-16
898,Nancy,Garcia,33,M,nancy.garcia264@email.com,Phoenix,WA,VIP,159767,573,2021-01-07
899,Christopher,Wilson,60,F,christopher.wilson118@email.com,Chicago,NC,VIP,37654,782,2021-08-15
900,Nancy,Thomas,27,F,nancy.thomas406@email.com,San Diego,PA,Premium,183130,768,2023-04-21
901,Jessica,Smith,38,F,jessica.smith258@email.com,Dallas,IL,Standard,66988,790,2023-09-13
902,Mary,Williams,72,F,mary.williams522@email.com,Phoenix,NY,Standard,155161,574,2023-12-30
903,David,Anderson,36,F,david.anderson431@email.com,Houston,OH,Basic,103247,760,2023-06-27
904,James,Martinez,37,F,james.martinez547@email.com,Philadelphia,FL,Premium,91019,662,2022-02-09
905,Jessica,Martinez,51,M,jessica.martinez641@email.com,Los Angeles,IL,Premium,104112,619,2021-04-06
906,Karen,Taylor,67,F,karen.taylor524@email.com,San Diego,WA,Basic,95501,611,2023-06-06
907,Charles,Jones,19,F,charles.jones360@email.com,New York,CA,Standard,112807,787,2022-09-09
908,Christopher,Johnson,49,M,christopher.johnson421@email.com,Philadelphia,NC,Premium,140560,643,2023-11-19
909,Patricia,Rodriguez,65,M,patricia.rodriguez677@email.com,San Antonio,PA,Standard,52242,608,2022-02-10
910,Jessica,Davis,58,F,jessica.davis988@email.com,San Diego,WA,Premium,71870,782,2022-09-01
911,John,Wilson,56,F,john.wilson401@email.com,Austin,NY,Standard,69672,596,2021-03-04
912,Charles,Thomas,24,F,charles.thomas175@email.com,Phoenix,TX,VIP,30567,837,2023-03-07
913,Michael,Miller,52,M,michael.miller350@email.com,Austin,TX,Standard,80713,588,2022-04-29
914,Daniel,Williams,40,M,daniel.williams825@email.com,San Jose,IL,Standard,184837,824,2022-05-19
915,John,Rodriguez,74,F,john.rodriguez390@email.com,Los Angeles,CA,VIP,114674,684,2022-02-15
916,Thomas,Martinez,37,F,thomas.martinez345@email.com,San Jose,WA,Basic,95516,746,2021-09-22
917,Christopher,Jones,38,F,christopher.jones405@email.com,Phoenix,CA,Standard,100005,718,2021-07-06
918,David,Taylor,45,M,david.taylor601@email.com,Phoenix,NY,Standard,40135,690,2023-02-08
919,James,Anderson,23,M,james.anderson735@email.com,New York,NC,Premium,171832,740,2022-10-27
920,Michael,Taylor,31,F,michael.taylor727@email.com,New York,WA,Standard,105570,694,2022-09-16
921,Thomas,Rodriguez,44,M,thomas.rodriguez116@email.com,San Diego,AZ,Standard,103356,809,2021-06-06
922,Christopher,Johnson,67,F,christopher.johnson796@email.com,Phoenix,IL,Standard,197881,659,2022-03-30
923,Karen,Thomas,40,F,karen.thomas43@email.com,Phoenix,NY,Standard,164954,704,2023-02-05
924,Joseph,Thomas,18,F,joseph.thomas564@email.com,Chicago,AZ,VIP,109481,821,2022-07-06
925,Michael,Brown,43,M,michael.brown338@email.com,Los Angeles,NY,Standard,40919,574,2022-07-07
926,Thomas,Moore,19,M,thomas.moore269@email.com,San Diego,OH,Standard,146712,679,2022-08-20
927,Barbara,Jones,43,M,barbara.jones392@email.com,Los Angeles,PA,Premium,62927,727,2021-07-14
928,Nancy,Martinez,18,F,nancy.martinez263@email.com,Los Angeles,TX,Basic,33203,710,2022-07-01
929,Robert,Johnson,64,F,robert.johnson635@email.com,San Diego,IL,Standard,56931,648,2022-05-20
930,Charles,Rodriguez,24,F,charles.rodriguez707@email.com,San Diego,AZ,Standard,147024,707,2023-11-06
931,Robert,Taylor,37,M,robert.taylor934@email.com,Phoenix,WA,Basic,118612,629,2022-12-31
932,Jessica,Wilson,69,M,jessica.wilson979@email.com,Chicago,IL,Basic,126298,787,2023-06-22
933,Patricia,Jones,67,F,patricia.jones874@email.com,Jacksonville,FL,VIP,67433,729,2021-01-23
934,Joseph,Rodriguez,46,F,joseph.rodriguez278@email.com,Chicago,AZ,Standard,135321,704,2021-07-23
935,Lisa,Rodriguez,74,F,lisa.rodriguez938@email.com,New York,NY,Premium,31236,839,2021-01-22
936,Jessica,Brown,25,M,jessica.brown219@email.com,San Antonio,NC,Standard,165228,669,2021-03-03
937,Michael,Jones,26,F,michael.jones53@email.com,San Jose,NY,Standard,152175,666,2023-04-12
938,Lisa,Wilson,66,F,lisa.wilson560@email.com,San Diego,NC,VIP,42464,766,2021-12-13
939,Barbara,Smith,38,M,barbara.smith386@email.com,San Antonio,AZ,Basic,85529,835,2022-01-05
940,David,Moore,26,M,david.moore494@email.com,New York,CA,Standard,122136,707,2022-09-04
941,Joseph,Brown,23,M,joseph.brown857@email.com,San Antonio,AZ,Basic,33353,831,2022-05-04
942,Jessica,Taylor,21,M,jessica.taylor644@email.com,San Diego,PA,Premium,152125,618,2021-04-05
943,Elizabeth,Miller,49,M,elizabeth.miller302@email.com,Jacksonville,TX,Standard,55688,756,2022-06-23
944,Robert,Wilson,46,F,robert.wilson626@email.com,Los Angeles,WA,Standard,151828,585,2023-09-14
945,Jennifer,Moore,52,M,jennifer.moore74@email.com,New York,NC,Standard,123258,635,2022-03-15
946,Daniel,Williams,44,F,daniel.williams262@email.com,Phoenix,IL,VIP,40556,568,2021-11-03
947,Lisa,Williams,47,M,lisa.williams566@email.com,Phoenix,PA,Standard,126165,561,2023-07-07
948,John,Jones,33,M,john.jones125@email.com,Philadelphia,OH,Standard,149342,749,2022-04-08
949,William,Brown,66,F,william.brown252@email.com,New York,PA,Standard,52213,693,2023-01-06
950,William,Taylor,61,F,william.taylor421@email.com,Chicago,AZ,Basic,135825,642,2022-02-13
951,Michael,Anderson,56,M,michael.anderson743@email.com,San Jose,PA,Basic,95432,630,2023-06-28
952,Nancy,Thomas,57,F,nancy.thomas63@email.com,San Jose,WA,Standard,111927,830,2021-07-11
953,Thomas,Smith,57,M,thomas.smith738@email.com,Houston,FL,VIP,70678,647,2021-05-26
954,Elizabeth,Martinez,18,M,elizabeth.martinez809@email.com,Chicago,AZ,Basic,195692,698,2023-02-06
955,Michael,Moore,35,M,michael.moore818@email.com,Houston,AZ,Basic,148538,579,2021-11-28
956,Linda,Anderson,45,M,linda.anderson793@email.com,Austin,IL,Basic,83749,746,2021-04-01
957,Thomas,Rodriguez,67,M,thomas.rodriguez896@email.com,Phoenix,NC,Standard,86981,622,2022-05-04
958,Richard,Thomas,50,F,richard.thomas936@email.com,Los Angeles,OH,Standard,85729,774,2022-01-13
959,Sarah,Brown,18,F,sarah.brown780@email.com,San Jose,WA,Basic,180852,648,2021-04-24
960,Michael,Davis,57,M,michael.davis859@email.com,Los Angeles,FL,VIP,73036,779,2023-03-23
961,Karen,Williams,58,F,karen.williams154@email.com,San Antonio,PA,Basic,99328,551,2021-06-24
962,Michael,Davis,56,F,michael.davis46@email.com,Chicago,NC,Standard,129727,753,2021-08-07
963,Sarah,Smith,49,M,sarah.smith182@email.com,Austin,NC,Premium,145178,772,2022-10-27
964,Linda,Taylor,33,M,linda.taylor304@email.com,Philadelphia,NC,Standard,138078,800,2023-06-15
965,Richard,Davis,66,M,richard.davis876@email.com,Chicago,IL,Standard,144847,774,2021-04-05
966,Jessica,Brown,36,M,jessica.brown682@email.com,Dallas,FL,Standard,114564,715,2022-04-03
967,Jessica,Jones,47,M,jessica.jones755@email.com,Philadelphia,TX,Standard,126521,685,2022-02-13
968,Thomas,Jones,27,F,thomas.jones769@email.com,Los Angeles,IL,Standard,160384,689,2023-06-28
969,Richard,Anderson,55,M,richard.anderson15@email.com,Los Angeles,TX,Premium,96945,761,2022-09-29
970,Robert,Johnson,63,M,robert.johnson775@email.com,Jacksonville,FL,Premium,157362,806,2023-02-19
971,Joseph,Miller,67,M,joseph.miller990@email.com,San Jose,NC,Basic,121196,693,2023-11-09
972,Charles,Brown,52,F,charles.brown747@email.com,Austin,IL,Basic,177465,725,2022-07-17
973,Karen,Brown,47,F,karen.brown22@email.com,San Diego,FL,Basic,74772,848,2022-09-01
974,Karen,Jones,45,M,karen.jones626@email.com,Jacksonville,NC,Basic,66912,682,2022-09-11
975,Linda,Williams,18,F,linda.williams450@email.com,Los Angeles,NC,Standard,114936,605,2023-02-11
976,John,Wilson,43,M,john.wilson290@email.com,Chicago,TX,VIP,147333,794,2023-02-16
977,Jessica,Thomas,35,F,jessica.thomas493@email.com,San Diego,CA,Basic,98400,794,2023-03-16
978,Christopher,Anderson,35,M,christopher.anderson239@email.com,Houston,FL,Premium,157410,579,2021-11-11
979,Nancy,Wilson,57,M,nancy.wilson141@email.com,Houston,TX,Basic,138514,557,2021-02-06
980,Elizabeth,Martinez,18,M,elizabeth.martinez701@email.com,New York,OH,Premium,69962,780,2023-03-30
981,James,Moore,40,F,james.moore145@email.com,Austin,PA,Basic,91404,824,2023-08-24
982,Sarah,Martinez,59,F,sarah.martinez940@email.com,Phoenix,IL,Premium,126939,770,2022-09-06
983,Robert,Williams,61,M,robert.williams736@email.com,Philadelphia,FL,Basic,112317,551,2021-01-18
984,Michael,Davis,43,M,michael.davis343@email.com,Austin,IL,Standard,147687,563,2022-09-12
985,Christopher,Miller,51,M,christopher.miller150@email.com,San Diego,NY,Basic,187157,844,2023-09-25
986,James,Miller,36,M,james.miller226@email.com,Dallas,AZ,Basic,77277,758,2021-01-11
987,Thomas,Miller,43,F,thomas.miller437@email.com,Philadelphia,NY,Standard,164397,695,2022-04-16
988,Michael,Thomas,18,M,michael.thomas454@email.com,Phoenix,IL,Basic,81793,584,2022-01-24
989,Susan,Miller,36,F,susan.miller220@email.com,Philadelphia,TX,Standard,78881,586,2021-03-12
990,Jennifer,Johnson,34,F,jennifer.johnson749@email.com,San Diego,NC,Standard,150483,845,2022-08-10
991,Elizabeth,Moore,58,F,elizabeth.moore678@email.com,San Jose,AZ,Premium,183343,832,2022-09-10
992,Barbara,Martinez,67,F,barbara.martinez892@email.com,San Diego,OH,Premium,82855,659,2021-12-22
993,Karen,Brown,18,F,karen.brown806@email.com,San Antonio,WA,Standard,150047,771,2022-08-26
994,Elizabeth,Martinez,33,F,elizabeth.martinez194@email.com,Philadelphia,PA,Standard,69133,792,2023-06-09
995,Jessica,Williams,67,F,jessica.williams949@email.com,Jacksonville,NY,Basic,194793,770,2022-02-22
996,Patricia,Williams,70,F,patricia.williams147@email.com,Houston,IL,Basic,155129,672,2022-06-18
997,Elizabeth,Taylor,25,M,elizabeth.taylor413@email.com,San Antonio,PA,Standard,52017,703,2022-05-28
998,Nancy,Brown,62,F,nancy.brown769@email.com,Philadelphia,WA,Standard,53080,562,2022-06-07
999,Nancy,Davis,32,M,nancy.davis67@email.com,Los Angeles,NC,Standard,68326,576,2023-09-10
1000,Mary,Williams,22,F,mary.williams799@email.com,San Antonio,AZ,Basic,189564,738,2023-04-13
1001,Jennifer,Rodriguez,69,F,jennifer.rodriguez92@email.com,San Antonio,WA,Standard,174915,811,2023-06-25
1002,Barbara,Martinez,63,F,barbara.martinez896@email.com,New York,NY,Standard,44402,706,2021-08-18
1003,Elizabeth,Taylor,49,F,elizabeth.taylor334@email.com,San Antonio,OH,Premium,128415,694,2022-05-08
1004,Mary,Brown,65,M,mary.brown978@email.com,Dallas,CA,Standard,178297,666,2023-11-23
1005,Charles,Rodriguez,20,M,charles.rodriguez211@email.com,Austin,WA,Standard,80121,809,2023-09-12
1006,Michael,Davis,54,F,michael.davis61@email.com,San Jose,CA,Standard,71354,598,2023-01-10
1007,Jennifer,Anderson,69,M,jennifer.anderson857@email.com,Phoenix,TX,Premium,44480,677,2023-08-13
1008,Jennifer,Brown,45,M,jennifer.brown929@email.com,San Diego,NY,Premium,114693,708,2021-08-23
1009,William,Brown,42,F,william.brown265@email.com,Chicago,OH,Standard,71194,839,2021-06-23
1010,Linda,Johnson,48,M,linda.johnson851@email.com,Jacksonville,IL,Standard,91477,643,2021-10-04
1011,Lisa,Smith,37,F,lisa.smith473@email.com,Jacksonville,IL,Basic,182587,734,2021-11-18
1012,John,Moore,64,M,john.moore208@email.com,Phoenix,OH,Standard,108286,640,2022-11-04
1013,Michael,Thomas,25,M,michael.thomas929@email.com,Dallas,AZ,Standard,128646,670,2023-10-07
1014,Lisa,Brown,28,F,lisa.brown421@email.com,Houston,NY,Basic,33171,768,2022-12-09
1015,Sarah,Smith,69,F,sarah.smith872@email.com,San Antonio,OH,Standard,133763,737,2021-10-03
1016,Elizabeth,Moore,42,M,elizabeth.moore940@email.com,San Antonio,NC,Standard,139146,693,2022-02-18
1017,Daniel,Moore,62,M,daniel.moore388@email.com,Houston,TX,Standard,128738,670,2021-07-10
1018,John,Brown,52,M,john.brown59@email.com,San Jose,NC,Premium,102061,839,2023-07-18
1019,John,Taylor,60,F,john.taylor159@email.com,Philadelphia,TX,Standard,108651,685,2023-11-02
1020,Richard,Rodriguez,42,F,richard.rodriguez722@email.com,San Jose,NC,Basic,183031,596,2022-08-20
1021,Barbara,Wilson,46,F,barbara.wilson554@email.com,Phoenix,NC,Standard,59164,817,2023-06-27
1022,Richard,Rodriguez,72,M,richard.rodriguez460@email.com,Austin,FL,Basic,117236,784,2022-03-01
1023,Robert,Rodriguez,50,F,robert.rodriguez768@email.com,San Diego,NC,Premium,48835,689,2021-01-24
1024,Patricia,Taylor,57,M,patricia.taylor572@email.com,Dallas,PA,Basic,168461,626,2021-12-15
1025,Michael,Anderson,49,M,michael.anderson380@email.com,Jacksonville,CA,Basic,104687,807,2021-09-16
1026,Charles,Rodriguez,59,F,charles.rodriguez327@email.com,San Diego,NY,Premium,153445,703,2021-09-17
1027,Elizabeth,Wilson,30,F,elizabeth.wilson666@email.com,Dallas,WA,Standard,52909,571,2022-05-12
1028,Richard,Miller,44,M,richard.miller422@email.com,San Antonio,IL,Basic,154873,828,2023-03-21
1029,Charles,Martinez,24,M,charles.martinez631@email.com,Dallas,CA,Standard,46883,601,2022-05-31
1030,Charles,Thomas,41,F,charles.thomas721@email.com,San Antonio,CA,Standard,42443,814,2021-08-29
1031,Joseph,Taylor,32,F,joseph.taylor279@email.com,Dallas,NY,Basic,155145,794,2021-06-14
1032,Robert,Miller,21,M,robert.miller869@email.com,Phoenix,TX,Standard,92933,822,2022-02-01
1033,Lisa,Williams,50,M,lisa.williams820@email.com,San Jose,WA,Premium,100597,694,2022-10-13
1034,Linda,Anderson,32,M,linda.anderson314@email.com,San Diego,CA,VIP,118116,762,2022-07-31
1035,William,Taylor,69,F,william.taylor375@email.com,Philadelphia,PA,Standard,116663,588,2022-05-28
1036,Barbara,Miller,74,F,barbara.miller228@email.com,Los Angeles,NC,Standard,183917,709,2021-04-04
1037,Jessica,Jones,27,M,jessica.jones585@email.com,Los Angeles,TX,Basic,156173,721,2023-11-13
1038,Charles,Garcia,53,F,charles.garcia969@email.com,San Diego,TX,Standard,150864,700,2023-12-06
1039,Barbara,Thomas,74,F,barbara.thomas410@email.com,Jacksonville,OH,Basic,73397,610,2022-03-25
1040,Karen,Moore,71,M,karen.moore857@email.com,New York,PA,Premium,186915,789,2022-03-03
1041,Susan,Martinez,49,M,susan.martinez970@email.com,San Jose,IL,Standard,168739,823,2022-12-28
1042,Thomas,Miller,64,M,thomas.miller159@email.com,Austin,OH,Standard,197315,771,2022-08-23
1043,Daniel,Johnson,22,M,daniel.johnson284@email.com,Los Angeles,FL,Basic,150635,728,2021-01-16
1044,Daniel,Rodriguez,74,F,daniel.rodriguez171@email.com,San Antonio,CA,Basic,31550,765,2023-06-27
1045,Mary,Garcia,60,M,mary.garcia881@email.com,Los Angeles,IL,Standard,128089,697,2023-06-26
1046,Mary,Smith,70,M,mary.smith286@email.com,San Antonio,TX,Standard,155269,587,2021-01-18
1047,Lisa,Brown,25,M,lisa.brown360@email.com,San Antonio,WA,Standard,88745,663,2023-12-03
1048,Mary,Garcia,45,M,mary.garcia771@email.com,Chicago,IL,Basic,171141,708,2022-05-27
1049,Joseph,Davis,67,F,joseph.davis995@email.com,Los Angeles,IL,Standard,63903,587,2021-09-20
1050,James,Miller,47,M,james.miller976@email.com,Houston,NC,Basic,177694,791,2021-05-23
1051,Lisa,Garcia,59,M,lisa.garcia667@email.com,San Jose,NY,Standard,96711,667,2021-01-04
1052,Karen,Moore,67,F,karen.moore162@email.com,San Antonio,CA,Standard,185285,733,2023-02-28
1053,Christopher,Davis,63,M,christopher.davis661@email.com,Jacksonville,WA,Basic,169084,732,2023-01-25
1054,Robert,Davis,44,M,robert.davis567@email.com,Dallas,AZ,Standard,68413,626,2023-11-26
1055,Jessica,Wilson,70,M,jessica.wilson624@email.com,Dallas,OH,Basic,123938,693,2022-04-10
1056,David,Johnson,22,F,david.johnson210@email.com,Dallas,WA,Basic,44285,669,2022-09-04
1057,Michael,Davis,63,M,michael.davis864@email.com,Dallas,NY,Basic,146119,569,2022-02-28
1058,William,Garcia,73,M,william.garcia146@email.com,Chicago,PA,Standard,62666,633,2023-08-21
1059,James,Anderson,73,F,james.anderson767@email.com,Chicago,PA,VIP,101485,593,2023-10-07
1060,Sarah,Taylor,31,F,sarah.taylor314@email.com,Chicago,IL,Basic,161881,690,2023-11-20
1061,Nancy,Anderson,26,M,nancy.anderson998@email.com,San Antonio,TX,Premium,77786,729,2022-10-19
1062,Daniel,Wilson,31,F,daniel.wilson877@email.com,Houston,OH,Standard,53655,816,2021-01-02
1063,Mary,Taylor,65,M,mary.taylor758@email.com,Los Angeles,WA,Basic,30330,752,2023-11-19
1064,Barbara,Brown,24,M,barbara.brown239@email.com,San Jose,NY,Basic,71642,787,2022-08-20
1065,William,Taylor,25,M,william.taylor261@email.com,Jacksonville,OH,Standard,151117,698,2023-02-15
1066,Richard,Martinez,18,M,richard.martinez213@email.com,Austin,TX,Basic,109853,788,2023-06-10
1067,Daniel,Miller,62,M,daniel.miller535@email.com,San Antonio,PA,Basic,140769,768,2023-07-24
1068,Charles,Rodriguez,34,M,charles.rodriguez891@email.com,Dallas,NY,Standard,134132,701,2022-12-11
1069,David,Garcia,21,M,david.garcia909@email.com,New York,NY,Premium,50782,731,2023-11-26
1070,Elizabeth,Moore,67,F,elizabeth.moore603@email.com,Dallas,AZ,Standard,37785,723,2021-12-31
1071,Karen,Wilson,22,M,karen.wilson144@email.com,New York,CA,VIP,107260,660,2022-07-13
1072,Jennifer,Miller,42,F,jennifer.miller869@email.com,Austin,TX,Standard,33420,604,2022-07-02
1073,Susan,Wilson,55,F,susan.wilson570@email.com,Houston,IL,Basic,82815,803,2021-04-15
1074,Christopher,Moore,25,F,christopher.moore284@email.com,Los Angeles,IL,Basic,87442,832,2023-11-05
1075,Linda,Martinez,46,M,linda.martinez575@email.com,Dallas,IL,Premium,109950,572,2022-04-05
1076,William,Jones,35,F,william.jones968@email.com,Jacksonville,OH,Standard,153127,803,2022-12-21
1077,Nancy,Moore,20,F,nancy.moore89@email.com,Philadelphia,IL,Standard,147529,688,2022-12-21
1078,Jessica,Moore,66,F,jessica.moore966@email.com,San Antonio,AZ,Basic,64810,718,2021-08-07
1079,Elizabeth,Garcia,30,F,elizabeth.garcia300@email.com,Los Angeles,FL,Standard,39593,760,2021-02-25
1080,Sarah,Thomas,33,F,sarah.thomas978@email.com,Dallas,NC,Standard,185891,661,2023-04-12
1081,James,Martinez,49,F,james.martinez542@email.com,Austin,IL,Premium,44394,783,2021-09-10
1082,Daniel,Anderson,40,M,daniel.anderson675@email.com,Phoenix,NC,Standard,85359,771,2021-06-29
1083,Jessica,Rodriguez,51,M,jessica.rodriguez80@email.com,Phoenix,TX,Premium,138361,600,2022-10-31
1084,William,Thomas,36,M,william.thomas645@email.com,San Jose,TX,Premium,38224,741,2021-10-11
1085,John,Jones,41,M,john.jones268@email.com,Houston,CA,Basic,84295,790,2022-09-27
1086,David,Martinez,63,M,david.martinez706@email.com,Chicago,NY,Premium,65992,814,2021-10-19
1087,Sarah,Martinez,20,M,sarah.martinez51@email.com,San Diego,NY,Basic,148095,711,2021-04-15
1088,Mary,Moore,20,F,mary.moore590@email.com,New York,CA,Standard,56111,743,2022-11-06
1089,Lisa,Anderson,71,F,lisa.anderson292@email.com,Los Angeles,WA,Standard,163130,793,2021-12-30
1090,Sarah,Garcia,39,M,sarah.garcia928@email.com,Austin,NC,Premium,40374,839,2021-05-14
1091,David,Jones,50,F,david.jones15@email.com,San Jose,IL,Standard,48152,603,2022-02-04
1092,Karen,Anderson,64,F,karen.anderson865@email.com,New York,FL,VIP,59666,620,2021-07-19
1093,William,Moore,50,F,william.moore210@email.com,Houston,PA,VIP,46060,593,2022-01-20
1094,James,Moore,30,F,james.moore534@email.com,Austin,CA,Standard,196845,727,2023-01-12
1095,Jessica,Anderson,70,F,jessica.anderson784@email.com,New York,FL,Basic,42747,737,2022-04-01
1096,Lisa,Johnson,46,M,lisa.johnson259@email.com,Phoenix,TX,Standard,40391,585,2021-04-06
1097,Joseph,Brown,26,F,joseph.brown377@email.com,San Antonio,TX,Standard,108487,663,2021-09-24
1098,Joseph,Jones,56,M,joseph.jones638@email.com,San Antonio,OH,Basic,116045,653,2022-03-19
1099,Sarah,Anderson,35,M,sarah.anderson71@email.com,San Diego,FL,Standard,138202,705,2021-01-09
1100,Lisa,Martinez,37,M,lisa.martinez562@email.com,Jacksonville,TX,Standard,96722,714,2023-10-18
1101,Jennifer,Martinez,31,M,jennifer.martinez671@email.com,Austin,FL,Standard,92959,638,2023-08-06
1102,Jessica,Smith,59,F,jessica.smith189@email.com,San Jose,WA,Standard,129421,587,2023-12-10
1103,Jessica,Williams,68,M,jessica.williams354@email.com,New York,CA,Standard,39369,757,2022-08-01
1104,Charles,Johnson,42,F,charles.johnson658@email.com,San Antonio,AZ,Basic,196484,806,2023-11-22
1105,Karen,Brown,57,F,karen.brown738@email.com,Jacksonville,NY,Standard,171522,588,2021-09-06
1106,Elizabeth,Anderson,43,M,elizabeth.anderson644@email.com,Austin,NY,Basic,67065,554,2023-05-23
1107,Sarah,Garcia,27,M,sarah.garcia802@email.com,New York,CA,Standard,164681,701,2022-06-27
1108,Jessica,Thomas,20,F,jessica.thomas523@email.com,Chicago,PA,VIP,171918,673,2023-01-21
1109,Thomas,Martinez,46,M,thomas.martinez561@email.com,Jacksonville,WA,Premium,149191,750,2022-04-16
1110,Joseph,Williams,53,M,joseph.williams702@email.com,Phoenix,CA,Standard,95777,739,2023-03-19
1111,Elizabeth,Wilson,60,F,elizabeth.wilson963@email.com,Austin,IL,Basic,54745,669,2022-03-15
1112,Karen,Taylor,34,M,karen.taylor871@email.com,Phoenix,IL,Premium,149813,815,2022-06-04
1113,Jessica,Garcia,55,M,jessica.garcia898@email.com,San Jose,PA,Basic,151253,679,2021-12-07
1114,Michael,Anderson,40,F,michael.anderson270@email.com,Houston,PA,Standard,174119,840,2021-04-16
1115,Karen,Anderson,18,M,karen.anderson812@email.com,Jacksonville,FL,Standard,136960,742,2022-06-09
1116,Richard,Johnson,45,F,richard.johnson931@email.com,Philadelphia,TX,Basic,148557,822,2023-09-18
1117,Michael,Wilson,70,F,michael.wilson561@email.com,New York,NC,Standard,76029,592,2023-01-13
1118,Lisa,Anderson,34,F,lisa.anderson440@email.com,Los Angeles,WA,VIP,188756,823,2022-10-29
1119,Barbara,Anderson,28,F,barbara.anderson191@email.com,Dallas,NY,Basic,99276,688,2023-02-06
1120,Charles,Thomas,66,M,charles.thomas386@email.com,Chicago,FL,Standard,165156,605,2023-07-10
1121,Charles,Davis,58,F,charles.davis869@email.com,Austin,NY,VIP,140321,842,2023-05-15
1122,Joseph,Brown,71,M,joseph.brown852@email.com,Dallas,OH,Standard,108779,634,2022-04-20
1123,Nancy,Martinez,57,F,nancy.martinez45@email.com,Phoenix,IL,Basic,44654,587,2023-08-01
1124,Michael,Martinez,52,M,michael.martinez997@email.com,Chicago,WA,Standard,139385,786,2021-01-22
1125,William,Taylor,40,M,william.taylor375@email.com,San Jose,CA,Standard,69408,843,2021-01-13
1126,Susan,Martinez,69,F,susan.martinez187@email.com,San Diego,FL,Premium,118704,643,2022-09-02
1127,Barbara,Williams,27,F,barbara.williams926@email.com,Chicago,OH,Standard,52190,616,2022-11-14
1128,Thomas,Jones,59,M,thomas.jones735@email.com,San Antonio,PA,Basic,63687,708,2023-01-13
1129,Daniel,Johnson,49,F,daniel.johnson819@email.com,Austin,PA,Standard,165657,813,2021-07-10
1130,Patricia,Garcia,25,F,patricia.garcia748@email.com,San Jose,AZ,Standard,38159,575,2021-06-26
1131,Jessica,Wilson,50,M,jessica.wilson937@email.com,Dallas,WA,Basic,133749,729,2023-05-11
1132,Barbara,Jones,29,F,barbara.jones611@email.com,New York,OH,Basic,105252,649,2021-09-14
1133,Barbara,Taylor,69,F,barbara.taylor628@email.com,Austin,AZ,Standard,53755,680,2022-03-25
1134,Lisa,Williams,25,F,lisa.williams915@email.com,Houston,TX,Premium,32146,564,2021-04-08
1135,Michael,Rodriguez,28,F,michael.rodriguez325@email.com,Phoenix,CA,Standard,134633,780,2021-07-17
1136,Daniel,Brown,46,F,daniel.brown558@email.com,Jacksonville,IL,Standard,149088,786,2022-04-07
1137,Sarah,Smith,46,F,sarah.smith376@email.com,Chicago,PA,VIP,51608,839,2021-05-16
1138,Robert,Martinez,53,F,robert.martinez60@email.com,Chicago,TX,Basic,71959,586,2021-03-15
1139,Elizabeth,Smith,61,F,elizabeth.smith196@email.com,Phoenix,AZ,Basic,125107,702,2021-09-16
1140,Sarah,Brown,33,M,sarah.brown894@email.com,Jacksonville,PA,VIP,156365,584,2023-09-05
1141,Robert,Moore,22,F,robert.moore660@email.com,Chicago,NY,Basic,175613,833,2021-08-09
1142,Charles,Moore,60,F,charles.moore406@email.com,San Antonio,WA,Basic,50075,830,2022-03-10
1143,Sarah,Wilson,72,M,sarah.wilson497@email.com,San Jose,OH,Standard,63153,812,2021-03-31
1144,Daniel,Davis,69,M,daniel.davis208@email.com,Jacksonville,NY,Basic,115182,562,2021-03-03
1145,Joseph,Martinez,19,M,joseph.martinez314@email.com,Jacksonville,NC,Premium,185091,779,2021-05-26
1146,David,Garcia,47,M,david.garcia317@email.com,Phoenix,OH,Standard,192835,739,2021-09-04
1147,Nancy,Rodriguez,70,M,nancy.rodriguez515@email.com,Houston,WA,Basic,132485,674,2022-08-31
1148,Barbara,Martinez,19,M,barbara.martinez300@email.com,New York,OH,Premium,133550,636,2022-07-19
1149,Daniel,Anderson,45,F,daniel.anderson825@email.com,Chicago,PA,Premium,110204,671,2021-03-13
1150,Christopher,Rodriguez,57,M,christopher.rodriguez513@email.com,San Antonio,PA,VIP,48786,843,2021-02-14
1151,William,Williams,63,F,william.williams23@email.com,Houston,PA,Standard,171207,601,2023-08-14
1152,Mary,Johnson,59,M,mary.johnson792@email.com,San Jose,TX,Standard,119014,720,2021-04-29
1153,William,Garcia,42,M,william.garcia930@email.com,Philadelphia,PA,Basic,186019,663,2022-11-18
1154,Richard,Garcia,74,M,richard.garcia634@email.com,Phoenix,WA,Basic,135712,794,2023-09-26
1155,Barbara,Thomas,27,M,barbara.thomas266@email.com,San Jose,OH,Standard,186636,817,2023-11-26
1156,James,Martinez,73,M,james.martinez898@email.com,Chicago,IL,VIP,140998,759,2023-06-26
1157,Elizabeth,Thomas,59,F,elizabeth.thomas838@email.com,Austin,WA,Basic,40948,636,2023-03-22
1158,Mary,Thomas,57,F,mary.thomas315@email.com,San Jose,FL,Basic,113273,661,2023-08-02
1159,Jessica,Wilson,53,F,jessica.wilson493@email.com,San Antonio,CA,Basic,154019,605,2023-05-02
1160,Richard,Jones,71,M,richard.jones690@email.com,Los Angeles,NY,Standard,81842,748,2022-01-12
1161,Michael,Jones,33,F,michael.jones973@email.com,Jacksonville,CA,Basic,136051,572,2021-10-21
1162,Joseph,Miller,67,F,joseph.miller836@email.com,Houston,TX,Standard,131966,757,2022-01-01
1163,Elizabeth,Davis,63,M,elizabeth.davis342@email.com,San Jose,FL,Basic,42191,827,2021-08-11
1164,Thomas,Johnson,22,M,thomas.johnson363@email.com,Houston,OH,Basic,111045,562,2023-09-29
1165,Linda,Smith,38,F,linda.smith116@email.com,Houston,TX,Standard,56471,774,2021-11-23
1166,James,Rodriguez,44,F,james.rodriguez931@email.com,San Jose,TX,Standard,106794,828,2021-06-24
1167,Daniel,Garcia,63,M,daniel.garcia235@email.com,Chicago,FL,Standard,46513,678,2021-08-04
1168,Susan,Taylor,59,F,susan.taylor402@email.com,Jacksonville,AZ,Basic,124529,763,2021-11-23
1169,William,Williams,18,M,william.williams415@email.com,San Diego,AZ,Standard,112844,803,2021-06-28
1170,Michael,Martinez,42,M,michael.martinez373@email.com,Los Angeles,WA,VIP,171175,785,2021-11-07
1171,Daniel,Wilson,52,M,daniel.wilson567@email.com,Los Angeles,CA,Premium,104008,565,2023-04-19
1172,Barbara,Thomas,29,M,barbara.thomas630@email.com,Austin,NY,Standard,89359,637,2021-05-30
1173,Robert,Smith,65,F,robert.smith126@email.com,Austin,AZ,Standard,167664,798,2021-10-30
1174,James,Johnson,29,F,james.johnson877@email.com,Dallas,NY,Standard,178982,710,2021-05-26
1175,Jennifer,Taylor,44,F,jennifer.taylor843@email.com,Dallas,NC,VIP,122375,707,2021-08-30
1176,Nancy,Martinez,20,M,nancy.martinez512@email.com,New York,FL,Basic,43373,573,2023-03-16
1177,John,Johnson,51,F,john.johnson606@email.com,Philadelphia,AZ,Basic,49789,740,2022-10-21
1178,Thomas,Rodriguez,60,F,thomas.rodriguez37@email.com,Los Angeles,IL,Premium,106048,761,2023-01-29
1179,John,Garcia,73,F,john.garcia714@email.com,Austin,WA,Basic,72664,724,2022-07-02
1180,Barbara,Smith,37,M,barbara.smith875@email.com,Chicago,TX,Standard,49497,838,2022-11-01
1181,Jennifer,Taylor,46,F,jennifer.taylor724@email.com,Los Angeles,IL,Basic,161298,618,2021-11-12
1182,David,Rodriguez,74,M,david.rodriguez399@email.com,Phoenix,OH,Standard,91326,579,2023-05-14
1183,Christopher,Rodriguez,21,M,christopher.rodriguez763@email.com,Dallas,CA,Basic,57969,791,2022-10-18
1184,Robert,Brown,58,M,robert.brown514@email.com,Jacksonville,CA,Premium,185487,746,2023-12-08
1185,Robert,Johnson,43,F,robert.johnson439@email.com,Jacksonville,CA,Standard,174865,643,2021-12-18
1186,Barbara,Garcia,58,M,barbara.garcia595@email.com,Phoenix,NY,Standard,109958,786,2023-08-29
1187,David,Garcia,37,F,david.garcia325@email.com,San Jose,WA,Basic,173528,684,2022-11-22
1188,Linda,Wilson,19,M,linda.wilson938@email.com,Dallas,NC,Standard,79070,633,2021-04-05
1189,Linda,Miller,56,F,linda.miller184@email.com,Chicago,PA,Standard,76017,800,2022-07-10
1190,Elizabeth,Williams,27,F,elizabeth.williams457@email.com,San Antonio,NY,Premium,198195,626,2021-10-04
1191,Mary,Johnson,36,F,mary.johnson509@email.com,Houston,WA,VIP,57467,561,2021-05-31
1192,John,Williams,63,M,john.williams777@email.com,New York,IL,Standard,123874,577,2023-02-16
1193,Lisa,Johnson,72,F,lisa.johnson197@email.com,Dallas,IL,Standard,56377,585,2022-04-08
1194,Charles,Garcia,24,F,charles.garcia296@email.com,Dallas,PA,Standard,114831,572,2021-02-06
1195,Michael,Williams,43,F,michael.williams32@email.com,San Diego,WA,Standard,85808,782,2021-03-13
1196,William,Davis,33,M,william.davis651@email.com,Philadelphia,NC,Standard,159352,652,2022-08-02
1197,Richard,Taylor,34,M,richard.taylor36@email.com,Houston,CA,Standard,57763,564,2022-02-03
1198,Thomas,Thomas,26,M,thomas.thomas65@email.com,Philadelphia,IL,Standard,45340,641,2022-06-13
1199,Christopher,Brown,23,M,christopher.brown742@email.com,Phoenix,NC,Standard,43765,598,2022-02-08
1200,Nancy,Taylor,30,M,nancy.taylor146@email.com,Chicago,NY,Standard,124528,773,2023-06-12
1201,Linda,Taylor,29,M,linda.taylor743@email.com,Phoenix,IL,VIP,138105,684,2021-10-29
1202,Linda,Miller,68,F,linda.miller638@email.com,Phoenix,NC,Premium,106511,700,2022-06-14
1203,Richard,Davis,68,M,richard.davis358@email.com,Philadelphia,PA,Premium,60190,722,2021-12-01
1204,Elizabeth,Miller,34,M,elizabeth.miller319@email.com,Houston,FL,VIP,75904,795,2021-05-10
1205,Sarah,Jones,70,M,sarah.jones452@email.com,San Antonio,NY,Premium,119330,826,2023-03-24
1206,Patricia,Miller,30,F,patricia.miller806@email.com,Philadelphia,IL,Basic,194189,644,2023-01-08
1207,Charles,Rodriguez,27,F,charles.rodriguez784@email.com,San Jose,FL,Premium,150720,625,2022-04-15
1208,Nancy,Brown,72,M,nancy.brown697@email.com,Los Angeles,AZ,Basic,165352,803,2021-06-18
1209,Robert,Anderson,70,M,robert.anderson219@email.com,San Jose,PA,VIP,174487,585,2022-02-09
1210,Barbara,Jones,41,M,barbara.jones604@email.com,San Jose,NC,Premium,65965,839,2023-02-20
1211,Robert,Anderson,38,F,robert.anderson138@email.com,San Jose,PA,Basic,184250,592,2023-07-27
1212,Nancy,Anderson,19,F,nancy.anderson650@email.com,Los Angeles,AZ,Basic,49867,778,2023-12-18
1213,Thomas,Moore,45,M,thomas.moore381@email.com,Los Angeles,CA,Standard,76227,665,2023-12-12
1214,Joseph,Williams,32,M,joseph.williams778@email.com,Chicago,WA,Premium,168611,843,2022-10-03
1215,Joseph,Martinez,43,F,joseph.martinez863@email.com,Austin,NY,Basic,79024,697,2023-02-10
1216,David,Martinez,42,F,david.martinez808@email.com,Houston,AZ,Standard,157539,627,2022-01-15
1217,John,Brown,26,M,john.brown220@email.com,San Jose,IL,Premium,46934,801,2022-12-10
1218,Susan,Anderson,66,M,susan.anderson542@email.com,Chicago,TX,Premium,174385,699,2021-09-17
1219,Joseph,Wilson,23,F,joseph.wilson278@email.com,Chicago,NY,Premium,120017,607,2021-09-20
1220,Elizabeth,Johnson,19,M,elizabeth.johnson900@email.com,San Antonio,TX,VIP,188232,604,2022-12-16
1221,Elizabeth,Anderson,21,M,elizabeth.anderson96@email.com,San Antonio,TX,Premium,87310,750,2021-04-25
1222,Nancy,Anderson,52,F,nancy.anderson90@email.com,Dallas,AZ,Standard,190353,799,2023-07-14
1223,Linda,Garcia,29,F,linda.garcia197@email.com,Philadelphia,TX,Basic,116597,753,2021-01-28
1224,Sarah,Garcia,49,M,sarah.garcia545@email.com,Chicago,FL,Basic,47875,554,2022-03-11
1225,Lisa,Davis,42,M,lisa.davis741@email.com,Philadelphia,PA,VIP,124075,714,2023-06-08
1226,Linda,Anderson,51,M,linda.anderson163@email.com,Jacksonville,FL,Basic,101799,805,2021-02-10
1227,Thomas,Wilson,33,F,thomas.wilson966@email.com,New York,FL,Standard,136627,616,2022-07-05
1228,Thomas,Rodriguez,29,F,thomas.rodriguez41@email.com,Houston,IL,VIP,189540,750,2022-05-14
1229,Nancy,Anderson,56,M,nancy.anderson957@email.com,San Diego,WA,Standard,76047,560,2022-02-25
1230,Sarah,Brown,34,M,sarah.brown874@email.com,Dallas,AZ,Premium,120464,561,2021-08-17
1231,Nancy,Garcia,73,F,nancy.garcia907@email.com,Austin,PA,Standard,121271,820,2022-03-11
1232,Karen,Anderson,51,F,karen.anderson484@email.com,Houston,TX,VIP,121627,594,2023-05-07
1233,William,Brown,27,F,william.brown133@email.com,Chicago,IL,VIP,124889,654,2023-11-23
1234,Linda,Anderson,67,M,linda.anderson706@email.com,San Antonio,IL,VIP,152344,824,2021-01-19
1235,James,Williams,37,F,james.williams479@email.com,San Jose,PA,Basic,176963,826,2023-08-12
1236,Richard,Garcia,38,F,richard.garcia83@email.com,Chicago,CA,Premium,102036,636,2023-09-15
1237,David,Wilson,69,M,david.wilson598@email.com,New York,CA,Premium,175736,744,2021-03-12
1238,Linda,Jones,28,M,linda.jones628@email.com,Phoenix,CA,Basic,41671,581,2021-04-18
1239,Thomas,Brown,63,F,thomas.brown758@email.com,Phoenix,WA,Standard,93579,653,2023-11-01
1240,Daniel,Williams,36,M,daniel.williams197@email.com,New York,WA,Premium,56808,575,2022-07-28
1241,Patricia,Davis,42,F,patricia.davis788@email.com,San Jose,NY,Standard,47952,801,2022-08-20
1242,James,Martinez,55,M,james.martinez584@email.com,San Jose,PA,Basic,135764,568,2023-11-26
1243,Jennifer,Anderson,39,M,jennifer.anderson943@email.com,New York,AZ,Standard,40451,674,2022-05-01
1244,Michael,Moore,46,M,michael.moore474@email.com,Chicago,PA,Standard,78166,586,2022-10-03
1245,Thomas,Johnson,19,F,thomas.johnson37@email.com,San Diego,NC,Standard,126763,555,2022-05-12
1246,Sarah,Williams,26,M,sarah.williams248@email.com,Phoenix,IL,Basic,97728,595,2021-03-23
1247,Karen,Davis,46,F,karen.davis337@email.com,San Diego,OH,Premium,117152,669,2023-03-19
1248,Elizabeth,Moore,47,F,elizabeth.moore356@email.com,Philadelphia,AZ,Basic,111146,784,2023-03-24
1249,Lisa,Garcia,28,M,lisa.garcia551@email.com,Austin,IL,Premium,194361,742,2023-10-30
1250,Mary,Miller,69,M,mary.miller573@email.com,Phoenix,CA,Standard,143417,778,2023-11-28
1251,Mary,Williams,46,M,mary.williams711@email.com,Houston,NY,Standard,32654,749,2022-06-10
1252,Barbara,Jones,38,M,barbara.jones357@email.com,Phoenix,NC,Basic,97054,693,2023-08-19
1253,William,Wilson,42,M,william.wilson764@email.com,Los Angeles,FL,Basic,197695,643,2022-11-22
1254,Patricia,Davis,36,M,patricia.davis67@email.com,Houston,IL,Basic,180083,830,2023-05-17
1255,William,Thomas,42,M,william.thomas47@email.com,Los Angeles,OH,Standard,50925,570,2021-01-01
1256,James,Miller,68,F,james.miller475@email.com,San Diego,FL,Premium,63849,670,2021-09-19
1257,Karen,Smith,25,M,karen.smith354@email.com,Phoenix,NY,Standard,173514,752,2022-04-26
1258,Thomas,Martinez,26,M,thomas.martinez385@email.com,Los Angeles,IL,Standard,36466,844,2023-11-22
1259,Barbara,Taylor,50,F,barbara.taylor759@email.com,New York,TX,Standard,179173,671,2023-09-13
1260,Thomas,Williams,61,M,thomas.williams754@email.com,Philadelphia,IL,Standard,64610,554,2023-05-12
1261,Joseph,Garcia,22,M,joseph.garcia1@email.com,New York,CA,Basic,79522,835,2022-08-26
1262,Barbara,Martinez,52,F,barbara.martinez510@email.com,San Antonio,IL,Premium,144041,841,2023-12-24
1263,Christopher,Davis,20,M,christopher.davis677@email.com,Jacksonville,IL,Standard,110468,827,2023-10-26
1264,Sarah,Brown,58,F,sarah.brown668@email.com,Los Angeles,NC,Basic,42557,777,2022-01-26
1265,Jessica,Davis,62,M,jessica.davis728@email.com,Philadelphia,NC,Standard,69223,686,2022-04-07
1266,Nancy,Wilson,64,F,nancy.wilson235@email.com,San Antonio,AZ,Standard,82880,776,2023-07-22
1267,Elizabeth,Jones,65,F,elizabeth.jones395@email.com,San Diego,NY,Standard,163068,617,2022-10-12
1268,Charles,Brown,69,F,charles.brown490@email.com,San Jose,AZ,VIP,32456,748,2022-12-31
1269,John,Martinez,20,F,john.martinez811@email.com,San Antonio,AZ,Standard,82768,827,2023-10-22
1270,Linda,Smith,70,F,linda.smith862@email.com,San Jose,WA,Standard,65698,580,2023-02-05
1271,John,Thomas,19,M,john.thomas889@email.com,Austin,AZ,Premium,161230,719,2022-09-05
1272,Mary,Brown,64,F,mary.brown345@email.com,Phoenix,NY,Basic,112450,598,2021-02-05
1273,Sarah,Williams,59,F,sarah.williams547@email.com,San Antonio,TX,Premium,127667,713,2022-11-18
1274,Susan,Smith,39,M,susan.smith653@email.com,San Jose,WA,Standard,139073,669,2022-11-04
1275,Thomas,Garcia,53,F,thomas.garcia451@email.com,San Diego,FL,VIP,57655,654,2023-11-18
1276,Patricia,Moore,65,F,patricia.moore679@email.com,San Jose,AZ,Basic,73006,721,2021-12-31
1277,Robert,Wilson,68,M,robert.wilson533@email.com,Chicago,PA,Basic,39127,785,2023-08-09
1278,Robert,Williams,36,F,robert.williams350@email.com,Dallas,IL,Basic,193491,790,2022-10-14
1279,Karen,Rodriguez,23,M,karen.rodriguez338@email.com,Chicago,CA,Premium,127522,786,2022-07-24
1280,Barbara,Williams,71,M,barbara.williams831@email.com,Chicago,NY,Basic,158353,780,2022-01-07
1281,David,Garcia,38,M,david.garcia509@email.com,San Diego,IL,Basic,63384,601,2021-05-10
1282,Lisa,Davis,38,F,lisa.davis988@email.com,Jacksonville,FL,Premium,168422,602,2021-11-09
1283,James,Wilson,45,F,james.wilson491@email.com,Houston,CA,Premium,38973,846,2022-03-09
1284,Jennifer,Smith,24,M,jennifer.smith666@email.com,San Jose,PA,Standard,73784,668,2021-01-25
1285,Susan,Smith,30,M,susan.smith626@email.com,Philadelphia,NY,Premium,138949,608,2023-08-09
1286,John,Rodriguez,27,F,john.rodriguez357@email.com,New York,TX,Basic,113583,590,2021-09-22
1287,Patricia,Miller,65,F,patricia.miller464@email.com,San Jose,PA,Basic,32108,604,2021-10-30
1288,Patricia,Smith,55,M,patricia.smith495@email.com,San Antonio,NY,Basic,97888,732,2023-12-08
1289,Daniel,Brown,65,M,daniel.brown579@email.com,San Jose,WA,Basic,125947,779,2022-02-09
1290,Sarah,Wilson,46,M,sarah.wilson970@email.com,Dallas,FL,Standard,162741,669,2021-06-19
1291,Michael,Wilson,67,M,michael.wilson771@email.com,Philadelphia,OH,Basic,75456,556,2022-12-30
1292,William,Williams,31,M,william.williams214@email.com,Philadelphia,IL,Standard,143760,780,2023-07-27
1293,James,Williams,69,F,james.williams310@email.com,Philadelphia,IL,Basic,182514,783,2022-12-20
1294,Jennifer,Johnson,52,M,jennifer.johnson531@email.com,Philadelphia,OH,Basic,67998,572,2021-06-16
1295,Nancy,Rodriguez,28,F,nancy.rodriguez449@email.com,Houston,NC,VIP,196129,739,2021-12-30
1296,Karen,Moore,41,M,karen.moore136@email.com,Houston,FL,Standard,53726,717,2023-11-13
1297,Thomas,Davis,38,F,thomas.davis568@email.com,Dallas,NY,Basic,56359,617,2022-05-25
1298,Nancy,Miller,27,F,nancy.miller302@email.com,Chicago,OH,Basic,30725,806,2023-01-04
1299,Susan,Anderson,63,M,susan.anderson586@email.com,Dallas,FL,Standard,33136,825,2022-07-04
1300,John,Martinez,55,M,john.martinez782@email.com,Houston,NY,Standard,75256,711,2021-05-07
1301,James,Martinez,35,M,james.martinez931@email.com,San Diego,AZ,VIP,140432,718,2021-06-29
1302,Susan,Jones,26,M,susan.jones885@email.com,San Antonio,NC,Standard,154030,599,2023-03-29
1303,Mary,Johnson,30,M,mary.johnson410@email.com,San Diego,PA,Standard,171651,822,2022-02-27
1304,William,Davis,23,M,william.davis247@email.com,Dallas,WA,Standard,77444,780,2021-05-15
1305,Linda,Thomas,34,F,linda.thomas916@email.com,Jacksonville,PA,Basic,130612,584,2022-03-09
1306,Susan,Wilson,54,M,susan.wilson516@email.com,San Antonio,NY,Basic,136493,662,2021-01-24
1307,Joseph,Rodriguez,44,F,joseph.rodriguez416@email.com,Houston,OH,Basic,104653,671,2021-01-03
1308,Mary,Davis,63,F,mary.davis182@email.com,Chicago,TX,VIP,160815,648,2022-10-26
1309,Richard,Wilson,22,M,richard.wilson804@email.com,Philadelphia,WA,Standard,107790,761,2023-12-05
1310,Christopher,Martinez,50,F,christopher.martinez716@email.com,Dallas,CA,Standard,122320,550,2021-01-01
1311,James,Davis,23,M,james.davis611@email.com,San Jose,NY,Standard,178623,599,2021-04-02
1312,Elizabeth,Jones,71,F,elizabeth.jones591@email.com,San Antonio,TX,Standard,95774,840,2021-08-08
1313,John,Miller,55,F,john.miller15@email.com,San Antonio,AZ,Standard,172050,842,2022-08-07
1314,Michael,Wilson,60,F,michael.wilson853@email.com,Chicago,PA,Standard,59828,807,2023-01-16
1315,Charles,Davis,48,M,charles.davis883@email.com,Dallas,WA,Standard,81717,827,2023-04-24
1316,James,Garcia,69,M,james.garcia75@email.com,San Jose,AZ,Standard,150741,607,2021-08-01
1317,Elizabeth,Smith,24,F,elizabeth.smith21@email.com,New York,TX,Standard,142002,844,2021-06-30
1318,David,Jones,73,M,david.jones624@email.com,Chicago,TX,Standard,72333,847,2023-07-04
1319,Thomas,Williams,22,M,thomas.williams528@email.com,Chicago,NY,Standard,153893,844,2023-05-11
1320,Karen,Davis,71,M,karen.davis282@email.com,Philadelphia,NY,Basic,192917,649,2022-10-11
1321,Thomas,Wilson,71,M,thomas.wilson160@email.com,San Jose,NC,Standard,159599,710,2021-01-07
1322,Jessica,Taylor,67,F,jessica.taylor36@email.com,San Diego,CA,Premium,73259,744,2022-10-27
1323,Nancy,Miller,49,F,nancy.miller885@email.com,New York,CA,Standard,179388,784,2022-05-30
1324,Richard,Thomas,27,M,richard.thomas988@email.com,Philadelphia,PA,Premium,125809,762,2021-05-07
1325,Lisa,Davis,41,F,lisa.davis327@email.com,Houston,NY,Basic,106293,708,2022-04-28
1326,Nancy,Williams,31,M,nancy.williams161@email.com,San Antonio,WA,Standard,130106,741,2022-01-31
1327,Patricia,Taylor,23,M,patricia.taylor935@email.com,Philadelphia,IL,Basic,179148,772,2022-10-26
1328,Michael,Taylor,28,F,michael.taylor642@email.com,Austin,PA,Standard,94187,776,2022-07-02
1329,Thomas,Taylor,42,M,thomas.taylor479@email.com,Dallas,PA,Basic,143902,641,2022-03-06
1330,Susan,Jones,61,M,susan.jones838@email.com,Phoenix,CA,Basic,151870,841,2023-01-16
1331,Joseph,Garcia,46,F,joseph.garcia342@email.com,San Diego,NC,VIP,195924,721,2023-06-30
1332,James,Jones,67,M,james.jones521@email.com,Jacksonville,FL,Standard,65909,633,2022-03-01
1333,Jennifer,Anderson,38,F,jennifer.anderson102@email.com,Los Angeles,FL,Standard,113450,628,2021-12-17
1334,Nancy,Miller,71,F,nancy.miller594@email.com,Houston,FL,Basic,108328,695,2021-05-28
1335,David,Anderson,60,M,david.anderson317@email.com,Jacksonville,TX,VIP,107942,683,2023-03-28
1336,Linda,Brown,38,M,linda.brown458@email.com,San Antonio,IL,Standard,60986,608,2022-06-11
1337,Jennifer,Rodriguez,47,F,jennifer.rodriguez333@email.com,San Antonio,AZ,Premium,169911,692,2023-02-08
1338,Sarah,Williams,22,F,sarah.williams8@email.com,San Jose,IL,Premium,140183,745,2023-12-07
1339,Robert,Miller,36,M,robert.miller654@email.com,Dallas,PA,Basic,82260,817,2021-11-27
1340,Michael,Johnson,74,M,michael.johnson584@email.com,Dallas,FL,Standard,71492,606,2022-08-23
1341,Joseph,Smith,49,F,joseph.smith89@email.com,Jacksonville,FL,Standard,129841,639,2022-10-28
1342,Mary,Johnson,23,F,mary.johnson50@email.com,Los Angeles,PA,Standard,57709,812,2022-02-11
1343,Joseph,Moore,39,M,joseph.moore353@email.com,New York,NY,Standard,90016,577,2023-08-16
1344,Charles,Smith,45,M,charles.smith393@email.com,Austin,PA,Standard,101702,752,2021-12-10
1345,Karen,Rodriguez,62,M,karen.rodriguez264@email.com,Austin,NC,Standard,163726,635,2023-12-12
1346,Thomas,Davis,58,M,thomas.davis637@email.com,Philadelphia,AZ,VIP,52764,580,2021-07-26
1347,Jessica,Davis,55,F,jessica.davis560@email.com,San Jose,OH,Standard,162118,741,2021-02-03
1348,Linda,Jones,68,F,linda.jones478@email.com,San Diego,PA,Standard,103089,776,2023-02-14
1349,Joseph,Anderson,18,F,joseph.anderson161@email.com,San Antonio,FL,Standard,144785,602,2021-07-24
1350,Robert,Anderson,53,F,robert.anderson920@email.com,Houston,PA,Standard,195261,764,2022-08-20
1351,Karen,Taylor,66,M,karen.taylor743@email.com,Phoenix,NC,Standard,42873,817,2023-03-12
1352,Jessica,Williams,44,F,jessica.williams463@email.com,Chicago,TX,Standard,190571,741,2021-11-08
1353,Susan,Rodriguez,47,M,susan.rodriguez306@email.com,Dallas,PA,Standard,173546,839,2021-03-29
1354,Elizabeth,Thomas,70,F,elizabeth.thomas367@email.com,San Antonio,WA,Standard,36595,711,2023-10-17
1355,Jennifer,Brown,48,F,jennifer.brown135@email.com,Austin,PA,VIP,138121,776,2022-12-24
1356,Charles,Martinez,30,M,charles.martinez309@email.com,Jacksonville,FL,Standard,142163,774,2021-03-01
1357,Charles,Taylor,52,F,charles.taylor138@email.com,Phoenix,AZ,Basic,126215,691,2023-09-29
1358,Richard,Taylor,58,M,richard.taylor595@email.com,Houston,IL,Basic,148390,766,2023-01-30
1359,Daniel,Johnson,50,F,daniel.johnson638@email.com,Jacksonville,WA,Standard,103232,768,2021-11-21
1360,Michael,Johnson,26,M,michael.johnson801@email.com,New York,NY,VIP,37822,686,2022-07-20
1361,Joseph,Smith,19,M,joseph.smith337@email.com,Los Angeles,IL,Basic,190303,613,2022-01-06
1362,Mary,Jones,42,M,mary.jones391@email.com,New York,AZ,Premium,134251,722,2021-08-28
1363,James,Garcia,26,F,james.garcia590@email.com,Austin,TX,Standard,146395,779,2021-07-13
1364,Daniel,Jones,41,M,daniel.jones408@email.com,Chicago,WA,Premium,99941,608,2023-09-15
1365,Christopher,Martinez,24,F,christopher.martinez170@email.com,Philadelphia,OH,Basic,45777,786,2023-03-03
1366,Sarah,Brown,62,M,sarah.brown74@email.com,Dallas,IL,Basic,53092,836,2023-09-03
1367,Patricia,Smith,61,M,patricia.smith643@email.com,Jacksonville,IL,Premium,31359,730,2022-09-27
1368,Sarah,Thomas,20,M,sarah.thomas986@email.com,Chicago,IL,Basic,78420,608,2023-01-09
1369,Sarah,Martinez,19,M,sarah.martinez373@email.com,Chicago,CA,Standard,117168,772,2022-10-06
1370,Elizabeth,Brown,32,F,elizabeth.brown319@email.com,Chicago,NC,Basic,199639,822,2023-05-18
1371,Nancy,Martinez,33,F,nancy.martinez890@email.com,San Antonio,IL,Premium,158382,843,2022-11-13
1372,William,Miller,65,F,william.miller703@email.com,San Antonio,IL,Basic,160078,573,2021-03-17
1373,Barbara,Brown,32,F,barbara.brown666@email.com,Dallas,AZ,Basic,186356,608,2022-05-19
1374,William,Brown,52,F,william.brown327@email.com,New York,TX,Standard,77713,674,2023-03-12
1375,Thomas,Rodriguez,29,M,thomas.rodriguez769@email.com,San Diego,NC,Basic,198084,724,2021-12-05
1376,Barbara,Davis,30,F,barbara.davis499@email.com,Austin,OH,Standard,150224,755,2023-06-11
1377,Joseph,Miller,68,M,joseph.miller907@email.com,Jacksonville,PA,Basic,30152,796,2022-09-19
1378,Robert,Thomas,53,M,robert.thomas417@email.com,Phoenix,IL,Standard,158545,810,2022-10-23
1379,James,Martinez,44,F,james.martinez27@email.com,San Diego,CA,VIP,34242,766,2022-02-03
1380,Michael,Johnson,36,M,michael.johnson40@email.com,Los Angeles,NY,Premium,72252,645,2022-12-29
1381,Charles,Smith,37,F,charles.smith467@email.com,San Diego,NC,Standard,58942,637,2023-11-25
1382,Richard,Martinez,44,F,richard.martinez999@email.com,New York,NY,Standard,155698,616,2023-07-26
1383,Robert,Davis,38,F,robert.davis1@email.com,Phoenix,FL,Standard,164167,717,2022-04-29
1384,Jessica,Thomas,66,M,jessica.thomas265@email.com,Austin,WA,Basic,38017,737,2022-07-05
1385,Barbara,Johnson,32,M,barbara.johnson544@email.com,San Diego,IL,Basic,133780,667,2022-09-02
1386,James,Taylor,21,F,james.taylor92@email.com,Los Angeles,WA,VIP,85377,769,2022-07-28
1387,Thomas,Johnson,65,F,thomas.johnson34@email.com,Dallas,AZ,VIP,140839,610,2023-06-14
1388,Mary,Garcia,70,M,mary.garcia927@email.com,Jacksonville,WA,VIP,61863,838,2022-05-04
1389,Jennifer,Smith,51,M,jennifer.smith968@email.com,Houston,CA,Basic,103925,611,2023-08-05
1390,Thomas,Davis,68,F,thomas.davis845@email.com,Chicago,OH,Premium,138491,659,2022-09-24
1391,Barbara,Wilson,33,M,barbara.wilson618@email.com,Chicago,NY,Standard,128813,634,2021-05-13
1392,Sarah,Thomas,59,F,sarah.thomas288@email.com,Dallas,NC,Standard,101902,691,2023-01-02
1393,Charles,Davis,54,M,charles.davis752@email.com,Philadelphia,PA,Basic,188444,790,2023-08-24
1394,Sarah,Jones,51,M,sarah.jones317@email.com,San Diego,NC,Standard,58906,766,2022-06-14
1395,Linda,Williams,65,F,linda.williams657@email.com,San Antonio,TX,Standard,133497,584,2022-08-27
1396,Barbara,Smith,25,M,barbara.smith584@email.com,San Jose,FL,Basic,58494,577,2021-12-20
1397,Jessica,Martinez,73,M,jessica.martinez127@email.com,San Antonio,NC,VIP,152509,780,2023-11-19
1398,Robert,Jones,28,M,robert.jones165@email.com,New York,NY,Basic,134627,706,2023-05-04
1399,Charles,Rodriguez,53,M,charles.rodriguez201@email.com,Philadelphia,OH,Standard,90560,666,2023-02-22
1400,Barbara,Davis,67,M,barbara.davis181@email.com,Los Angeles,NY,VIP,140958,673,2022-09-05
1401,Christopher,Anderson,52,F,christopher.anderson468@email.com,Philadelphia,PA,Standard,49294,753,2023-04-22
1402,David,Anderson,72,M,david.anderson214@email.com,San Diego,TX,VIP,167690,737,2022-11-21
1403,David,Martinez,69,F,david.martinez284@email.com,Jacksonville,NC,Standard,131803,601,2023-02-03
1404,Michael,Garcia,62,F,michael.garcia622@email.com,Houston,FL,Basic,183170,583,2022-03-24
1405,Robert,Brown,72,M,robert.brown926@email.com,Los Angeles,AZ,Basic,92827,837,2022-06-26
1406,Charles,Williams,58,F,charles.williams175@email.com,Chicago,NY,Basic,116703,773,2022-02-13
1407,Richard,Brown,44,F,richard.brown261@email.com,New York,AZ,Standard,111707,835,2023-10-20
1408,Sarah,Wilson,69,F,sarah.wilson414@email.com,Chicago,NY,Standard,89901,588,2021-10-31
1409,Karen,Jones,22,F,karen.jones482@email.com,San Diego,AZ,Basic,120052,704,2021-05-29
1410,Richard,Moore,64,M,richard.moore151@email.com,Philadelphia,NC,Standard,187080,677,2023-08-21
1411,Joseph,Rodriguez,39,F,joseph.rodriguez568@email.com,Jacksonville,IL,Standard,172875,681,2023-09-06
1412,Jennifer,Smith,62,M,jennifer.smith232@email.com,Austin,NC,VIP,135722,787,2022-06-25
1413,David,Martinez,22,F,david.martinez606@email.com,Los Angeles,FL,Basic,88403,698,2021-04-09
1414,Michael,Moore,38,M,michael.moore228@email.com,Dallas,NY,Basic,183102,785,2023-07-30
1415,Susan,Miller,19,F,susan.miller477@email.com,New York,OH,VIP,127553,695,2021-03-29
1416,James,Williams,26,F,james.williams302@email.com,Chicago,CA,Premium,120302,671,2023-07-17
1417,Nancy,Anderson,70,M,nancy.anderson728@email.com,San Antonio,NC,Standard,199616,601,2023-10-07
1418,Susan,Davis,36,F,susan.davis101@email.com,New York,WA,Premium,91161,649,2022-04-06
1419,Susan,Moore,38,M,susan.moore233@email.com,Austin,NY,Standard,62905,600,2022-09-10
1420,Mary,Martinez,72,F,mary.martinez764@email.com,Dallas,NY,Basic,173098,747,2023-12-19
1421,Joseph,Moore,18,M,joseph.moore829@email.com,San Jose,OH,Premium,134245,707,2022-06-28
1422,Richard,Moore,58,F,richard.moore265@email.com,Jacksonville,NC,Basic,56317,681,2023-03-01
1423,Susan,Miller,72,F,susan.miller767@email.com,San Diego,IL,Standard,78684,644,2023-03-13
1424,Elizabeth,Garcia,44,F,elizabeth.garcia724@email.com,Philadelphia,FL,Standard,177533,551,2021-06-28
1425,Mary,Rodriguez,61,F,mary.rodriguez177@email.com,Dallas,TX,Basic,128806,579,2023-12-11
1426,Mary,Smith,64,F,mary.smith869@email.com,San Diego,IL,Premium,73838,734,2021-12-24
1427,Lisa,Taylor,27,M,lisa.taylor339@email.com,Los Angeles,FL,Basic,86611,655,2023-07-21
1428,Thomas,Thomas,20,F,thomas.thomas505@email.com,Houston,WA,Basic,166373,690,2023-10-11
1429,James,Brown,31,F,james.brown196@email.com,Dallas,AZ,Basic,157953,573,2021-01-22
1430,Robert,Martinez,51,M,robert.martinez59@email.com,Phoenix,TX,VIP,68842,802,2023-03-15
1431,Joseph,Taylor,65,F,joseph.taylor233@email.com,San Diego,AZ,Basic,183324,717,2021-06-07
1432,Christopher,Garcia,52,F,christopher.garcia128@email.com,Chicago,FL,Standard,75045,799,2021-03-12
1433,Richard,Jones,33,F,richard.jones827@email.com,Jacksonville,OH,Basic,108043,567,2021-07-06
1434,Mary,Miller,69,F,mary.miller825@email.com,San Jose,PA,Basic,167513,574,2021-04-03
1435,Karen,Miller,66,F,karen.miller217@email.com,San Jose,PA,Standard,85210,741,2022-02-18
1436,Nancy,Wilson,73,F,nancy.wilson938@email.com,San Antonio,IL,Standard,54646,638,2023-01-05
1437,Daniel,Moore,22,F,daniel.moore715@email.com,Houston,TX,VIP,56049,729,2021-12-09
1438,Nancy,Taylor,38,F,nancy.taylor300@email.com,Phoenix,TX,Basic,111346,747,2022-02-07
1439,Christopher,Anderson,60,F,christopher.anderson357@email.com,Houston,WA,Standard,141603,817,2021-05-19
1440,John,Johnson,49,F,john.johnson406@email.com,Houston,NC,Basic,47875,793,2021-09-26
1441,Nancy,Miller,44,M,nancy.miller705@email.com,Phoenix,OH,VIP,71096,849,2023-05-30
1442,Patricia,Miller,41,F,patricia.miller785@email.com,Philadelphia,NY,Premium,121052,552,2022-09-24
1443,William,Davis,30,M,william.davis395@email.com,Houston,AZ,Premium,186082,765,2023-10-28
1444,Karen,Miller,57,F,karen.miller50@email.com,San Antonio,WA,Basic,84671,658,2021-08-02
1445,Lisa,Davis,47,F,lisa.davis224@email.com,Chicago,PA,Standard,74756,700,2023-09-14
1446,Robert,Johnson,63,M,robert.johnson294@email.com,Jacksonville,WA,Standard,93262,634,2022-09-05
1447,Elizabeth,Jones,53,F,elizabeth.jones515@email.com,Philadelphia,CA,VIP,48581,795,2021-09-11
1448,Jessica,Taylor,64,M,jessica.taylor120@email.com,New York,IL,Basic,47679,818,2023-10-06
1449,John,Rodriguez,22,F,john.rodriguez491@email.com,Houston,PA,Premium,173858,842,2022-12-05
1450,Barbara,Davis,35,M,barbara.davis307@email.com,San Antonio,NC,VIP,63127,667,2021-02-05
1451,Susan,Moore,33,F,susan.moore350@email.com,San Antonio,FL,Basic,46332,781,2023-06-09
1452,Nancy,Rodriguez,42,F,nancy.rodriguez158@email.com,San Jose,PA,Basic,39612,583,2024-01-01
1453,Karen,Brown,48,F,karen.brown515@email.com,Phoenix,NY,Standard,136001,766,2022-08-17
1454,Lisa,Anderson,69,M,lisa.anderson924@email.com,Dallas,NC,Standard,162668,596,2023-01-20
1455,Mary,Davis,24,M,mary.davis318@email.com,Los Angeles,NY,Basic,135868,560,2021-11-28
1456,Karen,Jones,70,F,karen.jones295@email.com,Houston,PA,Standard,73276,642,2021-09-17
1457,Sarah,Anderson,29,M,sarah.anderson730@email.com,San Diego,CA,Premium,84067,638,2023-01-01
1458,Joseph,Moore,31,F,joseph.moore902@email.com,San Jose,AZ,Standard,144886,574,2022-08-19
1459,Linda,Anderson,50,M,linda.anderson665@email.com,San Antonio,NY,Basic,82569,753,2021-09-13
1460,Mary,Johnson,63,F,mary.johnson118@email.com,Los Angeles,NY,Standard,134367,780,2021-02-05
1461,Karen,Miller,43,M,karen.miller978@email.com,San Antonio,OH,VIP,34357,625,2022-05-30
1462,Barbara,Williams,72,M,barbara.williams168@email.com,San Jose,NY,Basic,61482,705,2021-02-12
1463,Elizabeth,Jones,21,F,elizabeth.jones253@email.com,Los Angeles,AZ,VIP,143921,783,2021-10-08
1464,Sarah,Jones,67,M,sarah.jones922@email.com,Houston,FL,Standard,122345,621,2022-03-14
1465,John,Wilson,66,M,john.wilson722@email.com,Houston,NY,Premium,149621,550,2023-10-12
1466,John,Miller,61,M,john.miller32@email.com,Chicago,CA,Premium,54984,712,2022-03-15
1467,John,Moore,29,M,john.moore517@email.com,Los Angeles,IL,Premium,178600,604,2022-08-03
1468,Christopher,Thomas,42,F,christopher.thomas431@email.com,Houston,TX,Standard,181627,772,2023-08-21
1469,William,Davis,34,F,william.davis357@email.com,San Antonio,FL,Basic,47987,756,2023-07-28
1470,Daniel,Davis,72,M,daniel.davis607@email.com,Jacksonville,WA,Standard,181609,808,2023-07-15
1471,Lisa,Wilson,44,M,lisa.wilson475@email.com,Houston,OH,Basic,186262,605,2022-06-10
1472,Susan,Taylor,63,M,susan.taylor314@email.com,Dallas,WA,Basic,178885,769,2021-12-28
1473,Daniel,Brown,55,M,daniel.brown428@email.com,San Antonio,OH,Standard,137399,706,2023-02-13
1474,Michael,Moore,36,M,michael.moore534@email.com,Austin,CA,Standard,120052,718,2023-11-11
1475,William,Davis,25,M,william.davis133@email.com,San Diego,FL,Standard,193726,627,2022-04-04
1476,Nancy,Rodriguez,46,F,nancy.rodriguez838@email.com,Philadelphia,NY,Standard,147515,556,2021-03-07
1477,Mary,Johnson,73,M,mary.johnson648@email.com,San Diego,WA,VIP,88515,655,2022-12-16
1478,Karen,Moore,72,M,karen.moore761@email.com,San Antonio,FL,Standard,168112,669,2022-04-04
1479,Mary,Thomas,65,F,mary.thomas748@email.com,Chicago,CA,Standard,198649,670,2022-06-24
1480,Daniel,Taylor,54,M,daniel.taylor265@email.com,Phoenix,NY,Standard,56321,713,2021-12-02
1481,Linda,Thomas,56,M,linda.thomas376@email.com,Dallas,NY,Standard,71353,640,2021-06-20
1482,Richard,Martinez,65,M,richard.martinez380@email.com,Philadelphia,PA,VIP,43205,784,2022-08-18
1483,Karen,Thomas,48,M,karen.thomas521@email.com,Chicago,NY,Premium,88735,842,2021-05-09
1484,Barbara,Davis,41,F,barbara.davis628@email.com,Houston,CA,Basic,34627,834,2023-07-23
1485,Robert,Johnson,38,F,robert.johnson178@email.com,San Diego,WA,VIP,87904,664,2022-02-28
1486,John,Rodriguez,61,M,john.rodriguez224@email.com,New York,WA,VIP,195949,755,2021-08-06
1487,Mary,Thomas,73,M,mary.thomas283@email.com,Dallas,NY,Basic,170523,769,2021-05-20
1488,Karen,Brown,43,F,karen.brown24@email.com,New York,CA,Standard,122618,595,2022-09-25
1489,Michael,Smith,49,F,michael.smith375@email.com,Houston,TX,Basic,195722,826,2023-09-03
1490,Charles,Johnson,52,F,charles.johnson803@email.com,Los Angeles,WA,Standard,127372,585,2023-05-14
1491,Joseph,Wilson,60,F,joseph.wilson886@email.com,Dallas,PA,Basic,123405,633,2022-04-18
1492,Linda,Brown,65,M,linda.brown275@email.com,San Diego,NY,Standard,63055,771,2023-12-10
1493,Joseph,Jones,58,M,joseph.jones421@email.com,Dallas,TX,Standard,133984,580,2022-10-26
1494,Susan,Smith,72,M,susan.smith183@email.com,Jacksonville,OH,Standard,154194,653,2022-08-21
1495,Daniel,Taylor,59,F,daniel.taylor602@email.com,New York,NC,Standard,158286,700,2022-09-04
1496,David,Thomas,68,M,david.thomas116@email.com,Chicago,IL,Basic,157074,701,2021-08-03
1497,Susan,Davis,57,F,susan.davis564@email.com,San Diego,WA,Standard,181708,780,2022-02-19
1498,Lisa,Taylor,49,M,lisa.taylor92@email.com,Austin,NY,VIP,194325,595,2023-10-24
1499,Susan,Martinez,65,M,susan.martinez78@email.com,Chicago,WA,VIP,130792,573,2023-06-08
1500,Susan,Williams,64,M,susan.williams468@email.com,Austin,CA,Standard,131999,767,2023-10-17
1501,Sarah,Smith,61,F,sarah.smith394@email.com,Phoenix,NY,Basic,62328,663,2022-04-08
1502,Christopher,Taylor,31,F,christopher.taylor598@email.com,Houston,AZ,Standard,63700,651,2022-02-14
1503,Barbara,Smith,33,F,barbara.smith905@email.com,Chicago,CA,Basic,194422,656,2022-09-03
1504,Linda,Johnson,64,F,linda.johnson902@email.com,Los Angeles,CA,Basic,46684,736,2023-11-24
1505,Christopher,Jones,18,M,christopher.jones215@email.com,Chicago,TX,VIP,198111,552,2021-03-21
1506,Lisa,Martinez,49,F,lisa.martinez867@email.com,Phoenix,FL,Standard,106824,616,2023-03-09
1507,Nancy,Moore,53,M,nancy.moore119@email.com,San Diego,AZ,Basic,188382,761,2021-02-07
1508,Robert,Rodriguez,28,M,robert.rodriguez856@email.com,Houston,NY,Standard,144151,681,2023-02-03
1509,Mary,Brown,50,M,mary.brown421@email.com,San Diego,WA,Standard,43312,664,2023-10-11
1510,Lisa,Wilson,20,F,lisa.wilson29@email.com,New York,WA,Premium,119542,591,2022-07-10
1511,Linda,Miller,33,F,linda.miller366@email.com,New York,CA,Basic,124636,808,2021-09-06
1512,Thomas,Taylor,41,M,thomas.taylor256@email.com,San Jose,NC,Standard,147272,576,2023-02-26
1513,James,Taylor,29,F,james.taylor308@email.com,Chicago,TX,Standard,76906,682,2022-01-23
1514,Linda,Smith,38,F,linda.smith760@email.com,Chicago,WA,Standard,122417,609,2022-03-15
1515,James,Brown,31,M,james.brown676@email.com,Dallas,OH,Basic,109943,733,2023-02-02
1516,Thomas,Rodriguez,54,M,thomas.rodriguez165@email.com,Dallas,AZ,Basic,127565,722,2022-06-11
1517,Robert,Garcia,60,F,robert.garcia913@email.com,Chicago,IL,Basic,129488,721,2021-09-24
1518,Patricia,Miller,39,F,patricia.miller216@email.com,Austin,FL,Standard,66263,551,2023-02-07
1519,John,Brown,63,F,john.brown275@email.com,New York,IL,VIP,156849,847,2021-09-02
1520,Karen,Garcia,37,F,karen.garcia6@email.com,Phoenix,WA,VIP,36163,636,2022-09-08
1521,Karen,Smith,71,F,karen.smith819@email.com,Jacksonville,NY,Standard,67147,847,2023-10-02
1522,Thomas,Anderson,62,F,thomas.anderson157@email.com,San Diego,CA,Standard,130492,807,2021-12-30
1523,Daniel,Jones,74,M,daniel.jones34@email.com,Austin,CA,Basic,163582,616,2023-11-16
1524,Sarah,Williams,44,F,sarah.williams357@email.com,Dallas,AZ,Basic,140643,724,2023-08-07
1525,Linda,Taylor,68,M,linda.taylor146@email.com,Austin,NC,Standard,199491,611,2022-07-22
1526,Joseph,Davis,26,M,joseph.davis88@email.com,Houston,NY,Standard,54832,741,2022-02-07
1527,Mary,Martinez,74,M,mary.martinez534@email.com,Dallas,TX,Standard,30373,830,2021-10-13
1528,Joseph,Thomas,67,M,joseph.thomas244@email.com,Dallas,OH,Basic,53624,701,2022-01-08
1529,Susan,Jones,69,F,susan.jones462@email.com,Jacksonville,PA,Premium,40832,694,2021-09-25
1530,Lisa,Miller,43,M,lisa.miller509@email.com,Houston,CA,VIP,49876,569,2023-12-30
1531,Sarah,Smith,31,M,sarah.smith867@email.com,Houston,IL,Basic,187070,595,2021-12-19
1532,Michael,Garcia,63,F,michael.garcia609@email.com,Dallas,IL,Standard,174700,820,2022-10-24
1533,Linda,Martinez,23,M,linda.martinez124@email.com,Houston,FL,Standard,97419,613,2022-03-04
1534,Elizabeth,Moore,45,M,elizabeth.moore834@email.com,Austin,FL,Standard,158474,826,2021-02-28
1535,Richard,Davis,70,M,richard.davis532@email.com,New York,NY,Basic,124105,835,2022-05-24
1536,Daniel,Garcia,74,M,daniel.garcia531@email.com,San Antonio,OH,Premium,92031,826,2022-03-19
1537,David,Wilson,59,F,david.wilson33@email.com,Jacksonville,CA,Standard,111090,619,2023-04-20
1538,Mary,Williams,40,F,mary.williams343@email.com,Dallas,TX,Basic,105388,790,2021-09-19
1539,Jennifer,Taylor,39,M,jennifer.taylor672@email.com,Phoenix,WA,Premium,106086,747,2022-12-10
1540,John,Williams,60,F,john.williams864@email.com,San Diego,AZ,Premium,174618,843,2021-01-18
1541,Joseph,Davis,68,F,joseph.davis141@email.com,Austin,NY,Standard,52038,813,2021-09-28
1542,Lisa,Jones,46,M,lisa.jones16@email.com,Philadelphia,IL,Basic,56892,602,2021-11-07
1543,Thomas,Miller,55,F,thomas.miller108@email.com,Chicago,WA,Standard,135070,834,2023-06-05
1544,Mary,Williams,74,M,mary.williams785@email.com,San Antonio,NY,VIP,108040,600,2023-09-09
1545,Mary,Martinez,19,M,mary.martinez426@email.com,Philadelphia,CA,Standard,133873,685,2023-02-23
1546,Michael,Thomas,46,M,michael.thomas492@email.com,Phoenix,PA,Basic,188367,737,2022-04-14
1547,Christopher,Johnson,37,M,christopher.johnson920@email.com,Philadelphia,AZ,Standard,136072,710,2023-06-16
1548,Joseph,Williams,22,M,joseph.williams731@email.com,Houston,AZ,Basic,97468,712,2022-05-08
1549,Patricia,Martinez,53,M,patricia.martinez98@email.com,Phoenix,PA,Standard,150665,794,2023-10-18
1550,Susan,Miller,27,M,susan.miller680@email.com,Phoenix,IL,Basic,116412,622,2023-08-18
1551,Charles,Moore,27,M,charles.moore788@email.com,San Jose,WA,Basic,59733,595,2022-10-31
1552,Sarah,Brown,30,M,sarah.brown450@email.com,New York,TX,Premium,178913,721,2022-04-12
1553,Richard,Brown,65,M,richard.brown930@email.com,Philadelphia,AZ,Basic,195527,667,2022-04-15
1554,Robert,Smith,69,M,robert.smith288@email.com,Houston,AZ,Basic,152362,589,2021-09-09
1555,William,Taylor,22,F,william.taylor23@email.com,Dallas,TX,Basic,166639,660,2021-08-04
1556,Mary,Johnson,39,M,mary.johnson304@email.com,Los Angeles,NC,Basic,116597,805,2023-09-09
1557,Richard,Williams,57,F,richard.williams711@email.com,San Jose,FL,Basic,32885,717,2022-10-28
1558,Robert,Thomas,53,F,robert.thomas534@email.com,San Jose,PA,VIP,37450,739,2023-09-02
1559,Daniel,Davis,26,M,daniel.davis22@email.com,Austin,CA,Standard,66833,612,2021-05-17
1560,Richard,Smith,39,M,richard.smith178@email.com,Austin,PA,Standard,101185,714,2021-10-04
1561,Linda,Moore,19,M,linda.moore914@email.com,Phoenix,OH,VIP,110228,767,2021-05-17
1562,Karen,Davis,47,F,karen.davis973@email.com,Chicago,NY,Basic,164090,656,2022-03-18
1563,Jessica,Johnson,62,F,jessica.johnson796@email.com,San Diego,NY,VIP,199653,731,2021-07-01
1564,Christopher,Rodriguez,50,M,christopher.rodriguez105@email.com,New York,NC,Standard,185764,710,2022-01-22
1565,Sarah,Smith,61,M,sarah.smith969@email.com,Phoenix,OH,Standard,88242,802,2022-04-13
1566,Daniel,Miller,68,F,daniel.miller928@email.com,San Antonio,OH,Standard,49602,778,2023-11-16
1567,William,Martinez,30,M,william.martinez87@email.com,Dallas,OH,VIP,74044,846,2022-08-31
1568,Robert,Martinez,70,F,robert.martinez309@email.com,San Jose,PA,Premium,150040,656,2023-04-26
1569,David,Smith,59,F,david.smith604@email.com,Houston,FL,Premium,139415,748,2022-05-18
1570,Patricia,Brown,28,M,patricia.brown29@email.com,San Diego,AZ,Premium,162940,835,2022-11-01
1571,Elizabeth,Jones,56,F,elizabeth.jones189@email.com,San Diego,NC,Standard,83932,658,2022-08-22
1572,Mary,Taylor,74,M,mary.taylor11@email.com,Chicago,NY,Standard,180519,837,2022-10-06
1573,Elizabeth,Thomas,34,F,elizabeth.thomas518@email.com,Austin,OH,Premium,39302,754,2023-07-05
1574,Barbara,Brown,25,F,barbara.brown651@email.com,San Diego,NY,Standard,63044,616,2023-04-09
1575,Robert,Brown,53,F,robert.brown820@email.com,New York,NY,Standard,113036,597,2022-12-27
1576,Jennifer,Rodriguez,37,M,jennifer.rodriguez696@email.com,Dallas,CA,Standard,108526,808,2022-09-21
1577,Joseph,Jones,68,F,joseph.jones220@email.com,San Jose,IL,Basic,179391,679,2023-03-08
1578,Michael,Thomas,60,M,michael.thomas94@email.com,Los Angeles,OH,Standard,129831,687,2021-10-15
1579,Sarah,Davis,71,M,sarah.davis335@email.com,Houston,OH,Premium,142566,780,2023-02-17
1580,Michael,Garcia,50,M,michael.garcia810@email.com,Chicago,TX,Basic,66296,708,2022-02-09
1581,James,Anderson,43,M,james.anderson830@email.com,Los Angeles,AZ,Premium,135960,818,2021-04-02
1582,James,Miller,40,M,james.miller455@email.com,Chicago,WA,Standard,177239,696,2022-03-05
1583,James,Martinez,53,F,james.martinez608@email.com,San Jose,NY,Premium,160881,595,2023-10-19
1584,Charles,Brown,21,F,charles.brown266@email.com,San Antonio,NC,Premium,78740,767,2022-10-07
1585,Susan,Wilson,73,M,susan.wilson67@email.com,Houston,NY,Basic,81583,654,2021-11-30
1586,Christopher,Smith,69,M,christopher.smith414@email.com,San Antonio,IL,Standard,106185,673,2022-03-21
1587,William,Wilson,22,M,william.wilson840@email.com,Chicago,CA,Basic,123678,595,2023-08-01
1588,Sarah,Garcia,35,M,sarah.garcia84@email.com,Los Angeles,WA,Standard,46503,827,2022-05-28
1589,Michael,Anderson,29,M,michael.anderson811@email.com,Philadelphia,OH,Standard,125904,679,2022-04-15
1590,Richard,Rodriguez,66,F,richard.rodriguez43@email.com,San Jose,NY,Basic,60589,561,2021-07-30
1591,David,Rodriguez,18,M,david.rodriguez445@email.com,Austin,WA,Basic,120874,672,2023-01-10
1592,Elizabeth,Martinez,20,M,elizabeth.martinez173@email.com,Philadelphia,AZ,Standard,181177,849,2023-02-26
1593,Lisa,Miller,66,M,lisa.miller694@email.com,San Jose,IL,Standard,73256,756,2023-04-30
1594,Lisa,Johnson,72,F,lisa.johnson730@email.com,Phoenix,NY,VIP,160513,581,2023-03-06
1595,Joseph,Wilson,52,F,joseph.wilson734@email.com,San Diego,TX,Standard,35025,797,2022-10-21
1596,David,Davis,50,M,david.davis1@email.com,New York,AZ,Basic,48878,660,2021-06-25
1597,Mary,Thomas,58,M,mary.thomas714@email.com,San Diego,NY,VIP,153646,774,2023-07-22
1598,Elizabeth,Brown,45,F,elizabeth.brown254@email.com,Jacksonville,WA,VIP,72813,696,2021-02-01
1599,Daniel,Davis,54,F,daniel.davis758@email.com,Phoenix,NY,Standard,91927,567,2022-01-03
1600,Mary,Jones,20,F,mary.jones944@email.com,Philadelphia,PA,Basic,73568,829,2021-11-14
1601,David,Moore,57,F,david.moore69@email.com,Phoenix,OH,Standard,55051,816,2021-07-04
1602,Barbara,Garcia,59,M,barbara.garcia507@email.com,San Diego,FL,VIP,115554,625,2021-07-06
1603,Joseph,Rodriguez,74,M,joseph.rodriguez396@email.com,Jacksonville,TX,VIP,130719,701,2023-02-07
1604,Linda,Williams,28,M,linda.williams205@email.com,Phoenix,TX,VIP,78879,600,2022-01-24
1605,Thomas,Moore,47,F,thomas.moore62@email.com,Austin,OH,Basic,140915,676,2023-04-25
1606,John,Johnson,22,F,john.johnson166@email.com,Houston,NC,Standard,39036,714,2022-12-23
1607,Jessica,Brown,30,M,jessica.brown836@email.com,Chicago,NY,Basic,192858,714,2021-03-26
1608,Nancy,Brown,66,M,nancy.brown205@email.com,New York,CA,VIP,101252,607,2021-02-10
1609,Linda,Wilson,53,M,linda.wilson246@email.com,Jacksonville,IL,Basic,69625,827,2022-07-28
1610,Linda,Thomas,72,M,linda.thomas125@email.com,San Diego,OH,Basic,175443,683,2023-06-18
1611,Charles,Rodriguez,64,F,charles.rodriguez528@email.com,Phoenix,IL,Standard,72706,779,2022-03-18
1612,Patricia,Garcia,32,M,patricia.garcia850@email.com,San Diego,NY,Basic,125590,643,2022-03-26
1613,Barbara,Martinez,70,M,barbara.martinez139@email.com,Phoenix,FL,Premium,110724,560,2021-02-01
1614,Richard,Thomas,58,F,richard.thomas478@email.com,Dallas,AZ,Standard,61581,667,2023-12-23
1615,Robert,Smith,51,M,robert.smith545@email.com,San Jose,PA,Basic,138047,728,2022-04-06
1616,James,Miller,35,M,james.miller663@email.com,Phoenix,NY,Basic,129339,735,2023-03-31
1617,William,Miller,45,F,william.miller429@email.com,San Antonio,IL,Basic,38180,747,2023-08-22
1618,William,Rodriguez,26,M,william.rodriguez299@email.com,Los Angeles,NC,Standard,197874,838,2022-07-20
1619,Karen,Williams,47,F,karen.williams179@email.com,Jacksonville,NC,Basic,140073,755,2021-01-13
1620,Barbara,Jones,35,F,barbara.jones888@email.com,Houston,NC,Premium,103682,573,2023-06-22
1621,Robert,Miller,20,F,robert.miller885@email.com,Chicago,CA,Standard,170147,831,2021-12-25
1622,Patricia,Brown,54,M,patricia.brown243@email.com,Chicago,FL,Basic,193832,801,2022-04-05
1623,William,Williams,38,M,william.williams807@email.com,Chicago,TX,Standard,52065,612,2023-06-02
1624,Michael,Davis,59,M,michael.davis84@email.com,Phoenix,AZ,Basic,130729,818,2023-11-10
1625,Barbara,Miller,45,M,barbara.miller58@email.com,Phoenix,TX,Premium,94355,820,2023-07-07
1626,Lisa,Jones,50,M,lisa.jones391@email.com,Austin,NY,Basic,100011,626,2022-07-12
1627,Michael,Rodriguez,72,F,michael.rodriguez393@email.com,Austin,NY,Standard,104170,562,2021-06-22
1628,Susan,Rodriguez,51,F,susan.rodriguez222@email.com,Chicago,CA,Premium,138716,595,2022-11-20
1629,Linda,Davis,69,M,linda.davis462@email.com,Austin,OH,Standard,67429,730,2022-06-10
1630,Michael,Jones,30,M,michael.jones884@email.com,New York,NC,Basic,142759,681,2022-09-30
1631,Robert,Moore,73,F,robert.moore444@email.com,Austin,NC,VIP,170261,783,2021-10-30
1632,Karen,Wilson,43,M,karen.wilson896@email.com,Phoenix,OH,Standard,129693,724,2022-05-04
1633,Linda,Johnson,36,F,linda.johnson807@email.com,Austin,AZ,Standard,149838,671,2022-10-26
1634,Elizabeth,Miller,25,F,elizabeth.miller556@email.com,Houston,PA,Basic,126024,697,2021-05-24
1635,Thomas,Taylor,65,F,thomas.taylor509@email.com,Houston,TX,Basic,141484,643,2023-04-25
1636,Elizabeth,Taylor,52,M,elizabeth.taylor445@email.com,Chicago,IL,Premium,30675,687,2023-08-22
1637,William,Garcia,36,M,william.garcia415@email.com,Houston,NY,VIP,174205,723,2023-10-24
1638,Jessica,Williams,52,F,jessica.williams119@email.com,Jacksonville,NC,Standard,86883,691,2023-04-18
1639,Barbara,Smith,47,M,barbara.smith252@email.com,San Diego,TX,Standard,133704,773,2021-05-17
1640,Susan,Davis,26,M,susan.davis154@email.com,Phoenix,TX,Standard,52445,574,2023-07-20
1641,Daniel,Miller,54,F,daniel.miller328@email.com,San Jose,WA,Standard,158383,719,2023-04-16
1642,Karen,Taylor,43,F,karen.taylor2@email.com,Austin,WA,Basic,69541,647,2022-05-21
1643,Christopher,Anderson,66,F,christopher.anderson357@email.com,Chicago,TX,Basic,108129,633,2022-11-17
1644,John,Miller,18,F,john.miller361@email.com,New York,AZ,Standard,154654,671,2023-09-07
1645,Joseph,Davis,64,M,joseph.davis823@email.com,Austin,TX,Standard,142810,639,2022-11-26
1646,James,Johnson,38,M,james.johnson126@email.com,Phoenix,IL,Basic,74213,673,2022-01-20
1647,Susan,Taylor,18,M,susan.taylor575@email.com,Philadelphia,OH,Basic,54393,665,2023-01-18
1648,Susan,Davis,71,M,susan.davis77@email.com,Dallas,OH,Standard,34845,775,2021-12-02
1649,James,Thomas,33,M,james.thomas596@email.com,New York,PA,Basic,172294,641,2021-07-13
1650,Nancy,Brown,74,M,nancy.brown345@email.com,San Diego,AZ,Basic,186072,639,2023-04-11
1651,Christopher,Taylor,30,M,christopher.taylor67@email.com,Houston,CA,Basic,128281,691,2023-04-26
1652,James,Martinez,57,M,james.martinez96@email.com,Los Angeles,NY,Basic,169444,800,2021-12-30
1653,Barbara,Jones,53,F,barbara.jones877@email.com,Dallas,PA,VIP,104509,588,2021-10-14
1654,Christopher,Davis,35,M,christopher.davis768@email.com,Austin,FL,Basic,125891,593,2022-10-10
1655,Michael,Davis,73,F,michael.davis881@email.com,San Jose,OH,Basic,171683,825,2021-06-24
1656,Susan,Moore,60,F,susan.moore910@email.com,Los Angeles,NC,Standard,124542,577,2021-07-23
1657,Karen,Rodriguez,38,F,karen.rodriguez874@email.com,Philadelphia,IL,Basic,32941,829,2022-09-16
1658,Jessica,Wilson,26,M,jessica.wilson566@email.com,San Jose,IL,Basic,157212,720,2022-11-07
1659,Nancy,Smith,69,M,nancy.smith784@email.com,Austin,PA,Premium,39726,559,2023-11-24
1660,Patricia,Thomas,61,M,patricia.thomas878@email.com,Chicago,AZ,Standard,165388,619,2023-08-16
1661,Lisa,Rodriguez,52,F,lisa.rodriguez736@email.com,Austin,WA,Premium,146359,795,2023-09-15
1662,Karen,Wilson,35,M,karen.wilson457@email.com,Dallas,NY,Standard,84440,637,2022-05-30
1663,Michael,Moore,47,M,michael.moore472@email.com,Chicago,IL,Basic,141531,593,2023-02-27
1664,Karen,Smith,52,F,karen.smith700@email.com,Los Angeles,WA,Standard,97801,786,2021-02-26
1665,David,Thomas,20,M,david.thomas894@email.com,San Jose,NC,Standard,168138,630,2023-07-26
1666,Jessica,Jones,65,F,jessica.jones665@email.com,San Jose,NC,Premium,56190,670,2021-02-16
1667,Daniel,Anderson,42,F,daniel.anderson228@email.com,Philadelphia,WA,Basic,186626,760,2023-02-21
1668,Barbara,Garcia,26,M,barbara.garcia804@email.com,Jacksonville,CA,Standard,163810,792,2022-05-22
1669,Robert,Jones,51,F,robert.jones821@email.com,Chicago,FL,Premium,77086,587,2021-01-10
1670,Robert,Smith,40,F,robert.smith142@email.com,Los Angeles,TX,Premium,198128,601,2023-02-08
1671,Patricia,Thomas,69,F,patricia.thomas584@email.com,San Antonio,AZ,Standard,151723,635,2021-11-19
1672,Thomas,Thomas,66,M,thomas.thomas678@email.com,Philadelphia,PA,VIP,96947,673,2022-02-17
1673,Patricia,Brown,39,F,patricia.brown917@email.com,San Jose,CA,Standard,64926,768,2022-01-01
1674,Thomas,Wilson,18,M,thomas.wilson558@email.com,Philadelphia,OH,Standard,74421,798,2023-08-19
1675,Patricia,Brown,54,M,patricia.brown673@email.com,San Diego,CA,Standard,34649,815,2022-12-27
1676,Robert,Thomas,43,M,robert.thomas143@email.com,San Jose,NC,Premium,99949,809,2022-12-16
1677,David,Martinez,57,M,david.martinez364@email.com,San Diego,PA,VIP,118736,578,2022-12-26
1678,Charles,Davis,40,M,charles.davis123@email.com,San Jose,IL,Standard,199413,570,2021-12-14
1679,Jennifer,Martinez,67,M,jennifer.martinez410@email.com,Philadelphia,IL,Basic,164629,790,2021-03-29
1680,Joseph,Rodriguez,47,F,joseph.rodriguez755@email.com,Phoenix,PA,Basic,101051,787,2022-12-09
1681,Charles,Moore,48,F,charles.moore131@email.com,San Diego,NC,Standard,121077,634,2023-11-21
1682,John,Rodriguez,52,M,john.rodriguez218@email.com,Jacksonville,TX,Premium,132746,838,2021-03-09
1683,Jessica,Thomas,63,F,jessica.thomas178@email.com,New York,IL,Basic,156906,585,2023-12-23
1684,James,Thomas,33,M,james.thomas102@email.com,Houston,IL,Premium,114508,763,2023-10-19
1685,Joseph,Thomas,21,M,joseph.thomas683@email.com,San Antonio,NY,Premium,132672,672,2022-10-14
1686,Lisa,Johnson,41,F,lisa.johnson983@email.com,Austin,WA,Basic,62848,593,2021-02-14
1687,Elizabeth,Wilson,32,M,elizabeth.wilson588@email.com,Philadelphia,CA,Premium,90421,572,2021-06-09
1688,Robert,Jones,30,M,robert.jones186@email.com,Jacksonville,WA,VIP,167972,618,2023-05-11
1689,David,Jones,28,F,david.jones82@email.com,New York,PA,Premium,74629,656,2021-09-12
1690,Jennifer,Miller,61,M,jennifer.miller828@email.com,Chicago,NY,Basic,40709,628,2021-03-29
1691,John,Wilson,45,F,john.wilson195@email.com,Philadelphia,NC,Basic,133456,706,2022-10-25
1692,Karen,Garcia,24,F,karen.garcia76@email.com,Dallas,PA,Basic,171018,761,2021-10-29
1693,James,Thomas,56,M,james.thomas61@email.com,Austin,CA,Premium,168241,566,2023-10-10
1694,John,Brown,56,M,john.brown315@email.com,New York,WA,Standard,130092,822,2021-12-19
1695,Mary,Williams,26,F,mary.williams481@email.com,New York,PA,Standard,113770,604,2021-06-27
1696,Daniel,Brown,58,F,daniel.brown959@email.com,Chicago,WA,Premium,131408,733,2021-12-25
1697,John,Jones,59,M,john.jones478@email.com,San Jose,AZ,Basic,51877,809,2021-01-19
1698,Barbara,Jones,32,M,barbara.jones629@email.com,San Diego,OH,VIP,127864,609,2022-04-05
1699,Nancy,Taylor,51,M,nancy.taylor235@email.com,San Jose,IL,Standard,138759,643,2022-03-03
1700,Linda,Garcia,48,F,linda.garcia590@email.com,San Diego,NY,Standard,116742,820,2023-06-23
1701,Susan,Thomas,28,M,susan.thomas358@email.com,San Diego,NY,Standard,188253,575,2023-11-04
1702,David,Smith,31,M,david.smith306@email.com,San Jose,CA,Standard,89283,647,2021-11-13
1703,Barbara,Brown,49,F,barbara.brown953@email.com,Philadelphia,NY,Standard,54820,665,2022-11-16
1704,Christopher,Taylor,72,F,christopher.taylor865@email.com,San Jose,WA,Standard,133211,597,2022-07-21
1705,David,Rodriguez,30,F,david.rodriguez215@email.com,New York,NY,Basic,51316,582,2023-04-17
1706,Joseph,Jones,39,M,joseph.jones549@email.com,Dallas,PA,Standard,47558,669,2022-11-01
1707,Christopher,Thomas,32,M,christopher.thomas641@email.com,San Antonio,FL,VIP,174740,849,2021-08-05
1708,Christopher,Miller,20,F,christopher.miller474@email.com,Austin,NY,Premium,54404,622,2021-03-16
1709,Jessica,Taylor,70,F,jessica.taylor686@email.com,New York,WA,VIP,129694,802,2023-04-04
1710,Joseph,Taylor,48,F,joseph.taylor948@email.com,Los Angeles,NC,Standard,135753,552,2022-11-12
1711,William,Miller,50,M,william.miller169@email.com,San Diego,OH,Standard,66204,573,2022-10-10
1712,Charles,Rodriguez,52,M,charles.rodriguez774@email.com,Dallas,WA,Basic,192936,559,2023-08-19
1713,Charles,Moore,32,F,charles.moore53@email.com,San Antonio,NY,Standard,90363,559,2021-10-03
1714,Richard,Moore,37,M,richard.moore768@email.com,San Jose,WA,Basic,183024,664,2021-03-07
1715,Robert,Rodriguez,51,M,robert.rodriguez268@email.com,Houston,CA,Basic,119325,666,2021-03-10
1716,Karen,Smith,50,M,karen.smith707@email.com,Jacksonville,FL,Basic,171115,694,2021-04-28
1717,Joseph,Brown,43,F,joseph.brown24@email.com,San Antonio,AZ,Premium,174883,736,2021-03-08
1718,Jessica,Martinez,35,M,jessica.martinez261@email.com,Dallas,IL,Standard,46280,622,2022-12-26
1719,Christopher,Davis,70,M,christopher.davis488@email.com,San Antonio,OH,Standard,115065,579,2022-01-07
1720,Karen,Jones,18,F,karen.jones748@email.com,Los Angeles,WA,VIP,105610,788,2023-03-13
1721,Richard,Miller,43,M,richard.miller331@email.com,Philadelphia,WA,Standard,136683,759,2021-11-29
1722,Christopher,Thomas,70,F,christopher.thomas350@email.com,San Jose,CA,Basic,170418,599,2023-10-18
1723,Karen,Johnson,70,F,karen.johnson889@email.com,Chicago,NY,Basic,143798,700,2023-12-04
1724,Joseph,Rodriguez,50,M,joseph.rodriguez204@email.com,San Jose,AZ,Standard,50813,758,2021-07-03
1725,Sarah,Smith,21,M,sarah.smith731@email.com,Jacksonville,WA,VIP,129444,716,2022-02-24
1726,Jennifer,Taylor,30,M,jennifer.taylor316@email.com,Austin,PA,Standard,63569,631,2023-10-13
1727,Joseph,Wilson,67,M,joseph.wilson467@email.com,Austin,TX,Standard,174203,618,2022-02-08
1728,Richard,Davis,45,F,richard.davis439@email.com,Los Angeles,NC,Basic,72996,661,2022-04-21
1729,Thomas,Moore,27,F,thomas.moore856@email.com,Austin,AZ,Standard,107167,617,2023-07-01
1730,David,Brown,26,M,david.brown291@email.com,Chicago,IL,Standard,172237,840,2023-05-26
1731,David,Martinez,37,F,david.martinez919@email.com,San Diego,CA,Basic,169575,694,2023-11-24
1732,Jessica,Garcia,62,F,jessica.garcia976@email.com,San Jose,AZ,Standard,78902,591,2023-05-26
1733,Barbara,Thomas,63,F,barbara.thomas655@email.com,New York,WA,Basic,88480,733,2022-01-04
1734,Linda,Williams,22,M,linda.williams610@email.com,San Antonio,AZ,Standard,187198,745,2022-03-02
1735,Jessica,Brown,40,F,jessica.brown968@email.com,New York,PA,Premium,151562,722,2023-08-04
1736,Michael,Garcia,42,F,michael.garcia664@email.com,Jacksonville,IL,Standard,177237,801,2023-06-03
1737,David,Thomas,65,M,david.thomas853@email.com,Austin,AZ,Premium,104730,758,2023-09-28
1738,Jessica,Moore,72,F,jessica.moore752@email.com,Jacksonville,AZ,Standard,143975,678,2023-08-25
1739,Robert,Johnson,25,M,robert.johnson158@email.com,San Jose,NC,Standard,54338,677,2023-02-22
1740,Jessica,Rodriguez,61,M,jessica.rodriguez581@email.com,New York,AZ,Basic,121036,656,2021-06-02
1741,Linda,Miller,70,M,linda.miller932@email.com,San Diego,WA,VIP,186357,809,2022-01-15
1742,Daniel,Garcia,23,M,daniel.garcia997@email.com,Philadelphia,CA,Basic,172656,628,2021-01-09
1743,Karen,Moore,23,F,karen.moore568@email.com,San Antonio,NY,Standard,184859,755,2021-04-29
1744,Robert,Jones,43,M,robert.jones789@email.com,Phoenix,IL,Premium,160013,732,2021-12-22
1745,Elizabeth,Davis,50,M,elizabeth.davis137@email.com,San Jose,PA,VIP,58744,670,2022-06-10
1746,James,Rodriguez,34,M,james.rodriguez371@email.com,Jacksonville,IL,Basic,30540,759,2023-09-07
1747,David,Garcia,51,M,david.garcia846@email.com,San Jose,AZ,Standard,76013,575,2022-12-04
1748,Christopher,Moore,42,M,christopher.moore34@email.com,Houston,TX,Basic,92299,575,2021-07-26
1749,Patricia,Miller,20,F,patricia.miller272@email.com,Houston,IL,Standard,149988,771,2022-06-28
1750,David,Davis,51,F,david.davis636@email.com,Los Angeles,PA,Premium,60508,750,2023-11-24
1751,Susan,Taylor,67,M,susan.taylor149@email.com,Houston,WA,Standard,142842,624,2021-04-25
1752,Richard,Smith,48,M,richard.smith642@email.com,Jacksonville,NY,Premium,39152,590,2021-06-10
1753,Thomas,Johnson,26,F,thomas.johnson170@email.com,Jacksonville,WA,Premium,129867,820,2021-07-08
1754,Robert,Miller,54,F,robert.miller120@email.com,Austin,OH,Standard,30280,692,2021-05-27
1755,Barbara,Thomas,47,M,barbara.thomas429@email.com,Philadelphia,NY,Basic,121121,764,2021-07-07
1756,Lisa,Garcia,53,F,lisa.garcia578@email.com,Chicago,FL,Basic,193638,651,2021-10-24
1757,Lisa,Taylor,29,F,lisa.taylor989@email.com,Austin,AZ,Basic,135789,712,2022-09-16
1758,Barbara,Rodriguez,43,M,barbara.rodriguez563@email.com,Los Angeles,PA,Standard,188167,684,2022-07-18
1759,Susan,Wilson,22,F,susan.wilson858@email.com,Dallas,AZ,Basic,101185,720,2021-04-01
1760,Elizabeth,Miller,51,F,elizabeth.miller590@email.com,Houston,AZ,Premium,48041,657,2023-01-15
1761,James,Wilson,56,M,james.wilson235@email.com,San Diego,TX,Standard,100476,726,2021-06-14
1762,Susan,Garcia,38,M,susan.garcia767@email.com,New York,WA,Premium,48799,641,2021-01-30
1763,John,Anderson,68,M,john.anderson151@email.com,Jacksonville,NY,Standard,172799,785,2022-03-19
1764,Robert,Moore,27,M,robert.moore792@email.com,San Jose,OH,Standard,137263,687,2022-04-16
1765,Mary,Brown,48,M,mary.brown643@email.com,Austin,FL,Basic,134978,637,2022-09-17
1766,Thomas,Brown,34,M,thomas.brown712@email.com,Los Angeles,WA,Premium,55684,681,2021-07-22
1767,Thomas,Moore,54,F,thomas.moore558@email.com,San Diego,WA,Basic,58491,714,2023-05-18
1768,Karen,Thomas,46,F,karen.thomas3@email.com,Jacksonville,TX,Basic,112328,629,2023-01-10
1769,Patricia,Martinez,69,M,patricia.martinez690@email.com,Dallas,PA,Standard,71798,555,2023-02-01
1770,Susan,Taylor,60,F,susan.taylor808@email.com,Philadelphia,OH,VIP,53168,824,2022-04-14
1771,Richard,Moore,22,F,richard.moore784@email.com,Austin,CA,Basic,39989,809,2021-10-13
1772,James,Davis,67,F,james.davis564@email.com,Philadelphia,NY,Basic,70790,843,2023-04-29
1773,Patricia,Garcia,47,F,patricia.garcia903@email.com,Chicago,AZ,Premium,166930,555,2021-10-31
1774,Daniel,Davis,71,M,daniel.davis445@email.com,Philadelphia,IL,Standard,95992,664,2023-11-29
1775,Nancy,Thomas,38,F,nancy.thomas414@email.com,Phoenix,OH,Standard,167140,672,2021-06-20
1776,Nancy,Williams,41,M,nancy.williams98@email.com,New York,IL,Standard,53163,732,2022-09-17
1777,James,Wilson,25,M,james.wilson367@email.com,Jacksonville,NC,Standard,140552,616,2023-04-09
1778,Lisa,Anderson,24,M,lisa.anderson458@email.com,Houston,AZ,VIP,60926,561,2021-04-25
1779,Jennifer,Anderson,51,M,jennifer.anderson206@email.com,San Jose,AZ,Standard,39819,602,2023-03-12
1780,Sarah,Anderson,40,F,sarah.anderson868@email.com,Philadelphia,OH,Basic,118165,579,2021-09-15
1781,Elizabeth,Anderson,57,F,elizabeth.anderson828@email.com,Houston,AZ,Basic,47011,701,2023-02-19
1782,Elizabeth,Miller,26,F,elizabeth.miller455@email.com,Dallas,PA,Standard,46965,639,2023-03-09
1783,Christopher,Taylor,51,F,christopher.taylor672@email.com,Phoenix,AZ,Basic,141142,803,2023-06-06
1784,James,Moore,23,M,james.moore561@email.com,San Diego,TX,VIP,45777,720,2021-01-25
1785,Susan,Taylor,60,M,susan.taylor756@email.com,Philadelphia,CA,Standard,51915,655,2022-07-26
1786,Jennifer,Thomas,67,M,jennifer.thomas929@email.com,New York,PA,Standard,196733,738,2023-02-15
1787,Barbara,Taylor,24,M,barbara.taylor64@email.com,San Jose,AZ,Standard,70527,764,2022-11-01
1788,Michael,Brown,71,M,michael.brown163@email.com,San Antonio,NY,Standard,36081,710,2023-03-15
1789,Christopher,Thomas,52,M,christopher.thomas807@email.com,Chicago,IL,Standard,174475,592,2023-03-31
1790,Elizabeth,Brown,31,F,elizabeth.brown864@email.com,Chicago,FL,Premium,61793,712,2023-05-16
1791,Jennifer,Moore,56,M,jennifer.moore824@email.com,Los Angeles,FL,Standard,62610,652,2023-06-04
1792,Nancy,Martinez,69,F,nancy.martinez552@email.com,Dallas,AZ,VIP,87943,778,2022-01-24
1793,William,Miller,53,M,william.miller161@email.com,New York,OH,Basic,129370,705,2021-04-06
1794,Thomas,Taylor,53,F,thomas.taylor903@email.com,San Jose,PA,Standard,117047,683,2023-08-16
1795,William,Davis,38,M,william.davis675@email.com,Los Angeles,OH,Basic,149713,573,2023-05-04
1796,Charles,Miller,28,M,charles.miller967@email.com,Chicago,WA,Basic,49339,772,2023-07-01
1797,John,Martinez,49,M,john.martinez590@email.com,San Jose,FL,Standard,85008,586,2021-09-22
1798,John,Anderson,62,M,john.anderson969@email.com,San Antonio,WA,Standard,184288,840,2022-10-07
1799,Michael,Davis,30,F,michael.davis845@email.com,Houston,TX,Premium,49497,772,2021-02-19
1800,Charles,Anderson,53,M,charles.anderson657@email.com,Phoenix,TX,Standard,131320,577,2021-06-15
1801,Mary,Smith,60,F,mary.smith911@email.com,Philadelphia,NC,Basic,195920,702,2022-11-01
1802,Daniel,Anderson,60,F,daniel.anderson174@email.com,Philadelphia,CA,Premium,80363,612,2021-01-17
1803,Richard,Jones,48,M,richard.jones150@email.com,Los Angeles,CA,Standard,104013,659,2022-07-20
1804,Susan,Johnson,19,M,susan.johnson371@email.com,Phoenix,TX,Basic,99485,767,2022-11-03
1805,Elizabeth,Miller,55,M,elizabeth.miller658@email.com,San Antonio,WA,Standard,147367,685,2021-06-15
1806,Susan,Taylor,22,F,susan.taylor780@email.com,Los Angeles,TX,Standard,38298,693,2021-06-22
1807,Elizabeth,Taylor,29,M,elizabeth.taylor879@email.com,Los Angeles,NY,Basic,116516,831,2022-03-06
1808,Michael,Taylor,45,M,michael.taylor349@email.com,Chicago,TX,Basic,150131,845,2023-12-03
1809,Jessica,Jones,36,F,jessica.jones837@email.com,Philadelphia,IL,VIP,191681,699,2023-12-16
1810,Christopher,Brown,25,M,christopher.brown506@email.com,Phoenix,OH,Standard,167327,771,2023-02-16
1811,Patricia,Anderson,65,M,patricia.anderson217@email.com,San Antonio,AZ,Basic,32636,594,2022-06-17
1812,Richard,Johnson,61,M,richard.johnson727@email.com,New York,AZ,VIP,65354,748,2023-03-11
1813,Jennifer,Rodriguez,35,M,jennifer.rodriguez274@email.com,Phoenix,OH,Premium,118146,780,2023-10-06
1814,Linda,Thomas,57,F,linda.thomas737@email.com,Los Angeles,FL,VIP,68753,794,2022-05-26
1815,Joseph,Brown,18,M,joseph.brown892@email.com,Jacksonville,CA,VIP,66793,725,2022-12-02
1816,John,Jones,42,M,john.jones294@email.com,Houston,AZ,Premium,66990,635,2023-10-18
1817,Lisa,Miller,45,M,lisa.miller19@email.com,San Diego,NC,Premium,33682,683,2023-04-04
1818,Sarah,Brown,34,M,sarah.brown67@email.com,Chicago,IL,Standard,186613,794,2021-03-10
1819,David,Rodriguez,29,M,david.rodriguez586@email.com,Los Angeles,IL,Basic,190645,556,2022-11-30
1820,Christopher,Garcia,34,F,christopher.garcia850@email.com,Chicago,NY,Standard,102914,736,2022-03-15
1821,Mary,Smith,60,F,mary.smith520@email.com,Austin,WA,Standard,139354,742,2021-10-25
1822,Nancy,Davis,60,M,nancy.davis929@email.com,San Jose,FL,Standard,129750,743,2023-11-26
1823,James,Martinez,52,M,james.martinez781@email.com,San Diego,IL,Basic,73479,796,2021-01-11
1824,Susan,Thomas,52,F,susan.thomas324@email.com,Los Angeles,WA,Premium,107817,806,2023-08-07
1825,James,Wilson,64,F,james.wilson435@email.com,San Antonio,TX,Premium,126190,628,2021-03-12
1826,Christopher,Moore,49,F,christopher.moore242@email.com,Austin,AZ,Premium,84554,690,2022-10-18
1827,Lisa,Anderson,59,M,lisa.anderson31@email.com,Phoenix,TX,Basic,89508,652,2022-12-21
1828,Linda,Garcia,74,F,linda.garcia992@email.com,San Diego,IL,Basic,172402,756,2021-11-05
1829,Sarah,Miller,33,F,sarah.miller657@email.com,Phoenix,FL,Standard,33862,567,2022-12-06
1830,Jennifer,Johnson,36,M,jennifer.johnson733@email.com,Jacksonville,TX,Standard,89788,827,2023-05-02
1831,Elizabeth,Martinez,69,F,elizabeth.martinez457@email.com,San Antonio,IL,Standard,188381,619,2023-01-26
1832,Christopher,Martinez,29,M,christopher.martinez508@email.com,Chicago,FL,Standard,67519,566,2023-09-22
1833,Karen,Thomas,67,M,karen.thomas69@email.com,Phoenix,TX,Premium,150002,741,2023-07-05
1834,William,Thomas,53,F,william.thomas697@email.com,Jacksonville,NY,Standard,99302,615,2023-08-27
1835,Jennifer,Garcia,65,F,jennifer.garcia500@email.com,Dallas,FL,Basic,87696,751,2022-07-12
1836,Daniel,Jones,48,M,daniel.jones750@email.com,San Diego,CA,Standard,170562,659,2022-02-19
1837,John,Rodriguez,70,M,john.rodriguez474@email.com,Houston,NY,Basic,105427,791,2021-05-10
1838,Barbara,Smith,34,M,barbara.smith429@email.com,Philadelphia,IL,Basic,41157,577,2022-01-25
1839,Joseph,Davis,64,F,joseph.davis467@email.com,Jacksonville,TX,Standard,31718,657,2023-10-18
1840,Sarah,Davis,47,M,sarah.davis918@email.com,Houston,TX,Premium,178745,845,2022-09-17
1841,Nancy,Rodriguez,40,M,nancy.rodriguez589@email.com,San Diego,WA,Premium,131990,831,2022-01-02
1842,Joseph,Williams,51,F,joseph.williams128@email.com,Phoenix,OH,Basic,139925,648,2021-04-19
1843,Linda,Taylor,54,F,linda.taylor258@email.com,New York,WA,Standard,49381,765,2021-10-12
1844,Joseph,Brown,57,F,joseph.brown408@email.com,Houston,TX,Standard,127885,828,2023-06-29
1845,Christopher,Thomas,26,M,christopher.thomas986@email.com,Austin,NC,Basic,164805,836,2023-05-15
1846,Robert,Miller,23,M,robert.miller868@email.com,Los Angeles,AZ,Standard,87851,704,2022-08-23
1847,Christopher,Miller,33,F,christopher.miller596@email.com,Los Angeles,IL,Standard,98492,674,2021-02-24
1848,Sarah,Anderson,40,F,sarah.anderson192@email.com,Los Angeles,TX,Standard,76909,605,2022-06-27
1849,Jessica,Jones,22,F,jessica.jones230@email.com,Philadelphia,PA,Basic,45200,614,2021-08-06
1850,Richard,Garcia,62,F,richard.garcia30@email.com,Chicago,FL,Basic,91068,796,2021-08-28
1851,Karen,Garcia,44,F,karen.garcia781@email.com,San Jose,PA,Standard,194669,677,2023-01-13
1852,Richard,Davis,46,M,richard.davis188@email.com,San Jose,WA,Standard,35535,811,2021-12-14
1853,Charles,Williams,56,F,charles.williams329@email.com,Dallas,AZ,Standard,40106,720,2023-07-28
1854,Patricia,Jones,45,M,patricia.jones734@email.com,Los Angeles,PA,Premium,174403,677,2021-12-10
1855,David,Thomas,47,F,david.thomas324@email.com,Houston,AZ,Standard,132337,756,2023-07-08
1856,Jennifer,Moore,55,F,jennifer.moore51@email.com,Jacksonville,IL,VIP,109167,757,2023-05-10
1857,Sarah,Thomas,38,F,sarah.thomas775@email.com,Los Angeles,PA,Standard,128019,598,2021-07-23
1858,Jessica,Anderson,41,F,jessica.anderson676@email.com,Chicago,OH,Basic,74414,756,2023-08-15
1859,Lisa,Garcia,72,M,lisa.garcia216@email.com,Dallas,PA,VIP,142956,733,2023-08-05
1860,Richard,Thomas,19,F,richard.thomas313@email.com,Jacksonville,IL,Basic,144566,566,2021-05-10
1861,Susan,Anderson,43,F,susan.anderson485@email.com,Chicago,CA,Basic,36116,662,2021-12-23
1862,Sarah,Williams,50,F,sarah.williams381@email.com,Phoenix,WA,Standard,109607,764,2022-11-21
1863,Charles,Moore,23,F,charles.moore694@email.com,Jacksonville,OH,Premium,62895,680,2022-02-06
1864,Charles,Williams,71,F,charles.williams265@email.com,San Antonio,NY,Standard,34984,684,2023-01-30
1865,Sarah,Garcia,24,F,sarah.garcia12@email.com,Los Angeles,FL,Standard,60281,625,2022-05-16
1866,John,Jones,29,F,john.jones874@email.com,San Jose,FL,Standard,156485,565,2021-04-14
1867,Richard,Martinez,65,M,richard.martinez863@email.com,Phoenix,NY,Premium,191402,634,2021-03-27
1868,Lisa,Garcia,72,M,lisa.garcia89@email.com,Houston,TX,Standard,88445,777,2022-12-22
1869,Linda,Martinez,67,F,linda.martinez544@email.com,Austin,IL,Standard,58968,605,2021-12-08
1870,Susan,Brown,57,F,susan.brown448@email.com,San Jose,IL,Premium,36561,760,2021-12-11
1871,William,Wilson,70,F,william.wilson981@email.com,New York,OH,Standard,124837,651,2021-04-18
1872,Lisa,Jones,29,F,lisa.jones862@email.com,San Diego,AZ,VIP,34604,765,2021-11-13
1873,Richard,Brown,49,F,richard.brown461@email.com,Jacksonville,NY,Basic,58572,740,2022-02-14
1874,Robert,Williams,36,F,robert.williams35@email.com,San Jose,AZ,Premium,73221,804,2022-04-11
1875,William,Smith,56,M,william.smith645@email.com,Houston,PA,VIP,187757,743,2021-09-03
1876,Patricia,Davis,60,M,patricia.davis521@email.com,San Antonio,TX,Premium,177978,716,2022-04-10
1877,James,Rodriguez,45,F,james.rodriguez752@email.com,San Diego,TX,Basic,52119,812,2023-06-30
1878,Richard,Anderson,62,F,richard.anderson165@email.com,San Antonio,PA,Standard,166669,666,2021-12-12
1879,Lisa,Brown,28,F,lisa.brown481@email.com,New York,CA,Basic,183896,786,2023-12-25
1880,Charles,Brown,74,M,charles.brown209@email.com,Philadelphia,WA,Standard,81521,757,2022-06-05
1881,David,Johnson,25,F,david.johnson414@email.com,San Antonio,NY,VIP,188048,568,2023-01-30
1882,Charles,Rodriguez,19,F,charles.rodriguez272@email.com,San Jose,CA,VIP,158052,656,2022-10-21
1883,Joseph,Garcia,50,F,joseph.garcia586@email.com,Houston,TX,VIP,164377,741,2021-06-10
1884,Elizabeth,Wilson,33,M,elizabeth.wilson83@email.com,Austin,PA,Basic,77051,721,2021-07-15
1885,Thomas,Wilson,60,M,thomas.wilson402@email.com,Philadelphia,OH,Basic,119422,752,2023-10-18
1886,David,Williams,35,M,david.williams693@email.com,Philadelphia,WA,Standard,129802,642,2024-01-01
1887,Lisa,Garcia,52,M,lisa.garcia122@email.com,San Jose,FL,Standard,90246,608,2023-03-15
1888,Daniel,Jones,22,M,daniel.jones528@email.com,Los Angeles,CA,Standard,61579,738,2022-05-06
1889,Thomas,Miller,24,F,thomas.miller718@email.com,Dallas,AZ,Premium,62335,659,2023-01-05
1890,Elizabeth,Wilson,50,F,elizabeth.wilson485@email.com,Philadelphia,TX,Basic,187933,571,2022-04-23
1891,James,Williams,46,M,james.williams447@email.com,Jacksonville,AZ,Basic,102108,596,2021-02-07
1892,Jennifer,Martinez,48,F,jennifer.martinez842@email.com,Jacksonville,NC,Standard,105905,627,2021-04-15
1893,Nancy,Garcia,57,M,nancy.garcia641@email.com,Philadelphia,FL,Standard,59024,589,2022-08-10
1894,Nancy,Wilson,40,M,nancy.wilson924@email.com,Philadelphia,PA,Standard,73995,756,2022-10-24
1895,Jessica,Johnson,39,F,jessica.johnson379@email.com,Philadelphia,TX,Standard,87712,840,2021-02-20
1896,Michael,Jones,71,M,michael.jones807@email.com,Houston,CA,Basic,161845,660,2021-01-04
1897,Daniel,Martinez,44,M,daniel.martinez223@email.com,Austin,AZ,Premium,132663,776,2021-03-02
1898,Joseph,Garcia,40,F,joseph.garcia664@email.com,Austin,NC,Standard,129364,810,2021-03-01
1899,Daniel,Jones,39,F,daniel.jones373@email.com,Dallas,PA,Premium,145393,566,2021-07-29
1900,Daniel,Davis,29,M,daniel.davis924@email.com,San Antonio,IL,Basic,65174,585,2021-03-10
1901,Karen,Wilson,40,F,karen.wilson566@email.com,San Diego,PA,Basic,108025,635,2022-10-31
1902,Thomas,Johnson,66,F,thomas.johnson48@email.com,San Diego,IL,Standard,50609,684,2023-04-29
1903,John,Davis,25,F,john.davis900@email.com,Los Angeles,OH,Basic,111721,553,2021-02-08
1904,Nancy,Moore,44,M,nancy.moore414@email.com,New York,AZ,Basic,66394,723,2021-07-25
1905,James,Smith,40,M,james.smith998@email.com,Los Angeles,NY,Standard,73617,832,2023-01-13
1906,Christopher,Moore,34,M,christopher.moore878@email.com,Phoenix,TX,Standard,176344,832,2021-07-03
1907,Charles,Davis,41,F,charles.davis342@email.com,San Jose,IL,Standard,83473,586,2023-04-15
1908,Linda,Johnson,56,F,linda.johnson760@email.com,San Diego,AZ,Basic,42461,756,2022-01-17
1909,James,Williams,72,M,james.williams182@email.com,Houston,CA,Standard,155839,705,2021-02-19
1910,Nancy,Williams,28,M,nancy.williams51@email.com,San Antonio,PA,Standard,136711,845,2022-02-24
1911,Robert,Smith,23,M,robert.smith860@email.com,San Diego,WA,Basic,30473,641,2022-08-20
1912,Michael,Jones,57,F,michael.jones292@email.com,Chicago,IL,Standard,46151,832,2021-05-15
1913,Susan,Garcia,31,F,susan.garcia664@email.com,San Antonio,WA,Basic,75476,688,2023-02-14
1914,Jessica,Smith,60,M,jessica.smith534@email.com,San Diego,TX,Basic,151626,644,2023-08-27
1915,Michael,Moore,36,M,michael.moore634@email.com,Dallas,FL,Basic,49248,846,2023-03-24
1916,Thomas,Davis,23,F,thomas.davis589@email.com,San Jose,IL,Standard,179768,581,2023-10-28
1917,Lisa,Moore,20,F,lisa.moore118@email.com,San Diego,PA,Basic,106039,701,2022-07-27
1918,Linda,Taylor,47,M,linda.taylor664@email.com,Chicago,TX,Basic,92810,780,2022-10-05
1919,Thomas,Smith,20,F,thomas.smith672@email.com,Philadelphia,CA,Basic,178561,649,2022-04-26
1920,Jessica,Garcia,54,F,jessica.garcia223@email.com,San Jose,NY,Basic,172046,584,2021-07-17
1921,Richard,Williams,27,M,richard.williams672@email.com,San Jose,AZ,Standard,144115,570,2022-12-04
1922,Daniel,Taylor,61,M,daniel.taylor268@email.com,Dallas,NC,Premium,58895,583,2022-02-02
1923,James,Thomas,51,F,james.thomas935@email.com,Jacksonville,PA,Premium,131154,841,2022-04-23
1924,Richard,Williams,53,F,richard.williams920@email.com,Philadelphia,WA,Standard,112180,799,2021-03-01
1925,Karen,Garcia,33,F,karen.garcia105@email.com,Philadelphia,IL,Standard,74748,639,2023-07-22
1926,Karen,Taylor,73,M,karen.taylor146@email.com,Chicago,OH,Standard,59483,609,2022-02-26
1927,Robert,Garcia,21,F,robert.garcia174@email.com,Phoenix,OH,Basic,77939,781,2021-02-20
1928,Patricia,Miller,39,F,patricia.miller21@email.com,Dallas,TX,Standard,90203,602,2022-11-19
1929,Christopher,Davis,24,M,christopher.davis752@email.com,Los Angeles,OH,Standard,106187,570,2022-08-27
1930,John,Taylor,40,M,john.taylor342@email.com,Phoenix,PA,Standard,148595,805,2023-02-07
1931,Daniel,Martinez,56,F,daniel.martinez778@email.com,San Jose,OH,VIP,49099,649,2023-03-24
1932,John,Brown,59,F,john.brown874@email.com,Austin,OH,Premium,195240,571,2023-12-03
1933,Jennifer,Anderson,45,M,jennifer.anderson396@email.com,San Diego,WA,VIP,135388,697,2021-07-04
1934,Elizabeth,Brown,19,F,elizabeth.brown319@email.com,Los Angeles,FL,Standard,134929,751,2021-10-02
1935,Jessica,Moore,33,M,jessica.moore621@email.com,Austin,PA,Basic,191519,824,2022-07-25
1936,Jennifer,Jones,73,F,jennifer.jones766@email.com,Houston,FL,Basic,62580,797,2021-06-01
1937,Barbara,Davis,74,M,barbara.davis673@email.com,Austin,TX,Standard,141487,566,2023-08-19
1938,William,Wilson,25,M,william.wilson485@email.com,Phoenix,CA,Standard,160472,704,2023-03-23
1939,Charles,Miller,41,M,charles.miller923@email.com,Chicago,IL,Basic,113088,647,2023-08-20
1940,William,Smith,38,M,william.smith495@email.com,Dallas,TX,Basic,182038,699,2022-11-24
1941,Barbara,Williams,32,M,barbara.williams587@email.com,Austin,TX,Standard,148554,661,2022-08-25
1942,John,Smith,58,F,john.smith41@email.com,Austin,CA,Basic,71054,748,2023-08-17
1943,Karen,Johnson,61,M,karen.johnson270@email.com,Austin,TX,Premium,90290,826,2022-12-23
1944,Mary,Smith,21,F,mary.smith71@email.com,Chicago,OH,Standard,158119,821,2021-10-02
1945,Joseph,Wilson,26,F,joseph.wilson615@email.com,Dallas,CA,Basic,92924,651,2021-04-16
1946,Elizabeth,Rodriguez,26,M,elizabeth.rodriguez712@email.com,Austin,FL,Standard,35450,620,2022-03-31
1947,Christopher,Rodriguez,71,M,christopher.rodriguez228@email.com,Phoenix,NC,Premium,60880,829,2022-12-11
1948,Lisa,Jones,73,F,lisa.jones109@email.com,Philadelphia,TX,Standard,113178,691,2021-01-24
1949,Jennifer,Rodriguez,36,M,jennifer.rodriguez995@email.com,San Diego,AZ,Standard,36878,808,2023-02-09
1950,James,Garcia,33,M,james.garcia503@email.com,Philadelphia,OH,Premium,183740,656,2022-08-31
1951,Patricia,Rodriguez,65,F,patricia.rodriguez266@email.com,San Antonio,OH,Standard,104117,555,2023-10-12
1952,Nancy,Garcia,73,F,nancy.garcia546@email.com,Chicago,CA,Premium,178187,562,2022-12-23
1953,Richard,Davis,71,F,richard.davis882@email.com,San Jose,PA,Standard,157431,551,2023-05-23
1954,Richard,Wilson,44,F,richard.wilson710@email.com,Los Angeles,OH,Standard,190485,685,2023-03-30
1955,Sarah,Rodriguez,48,F,sarah.rodriguez950@email.com,Jacksonville,FL,Standard,83442,779,2023-01-29
1956,Mary,Jones,24,M,mary.jones487@email.com,Los Angeles,PA,Premium,155398,652,2023-11-29
1957,Mary,Davis,34,M,mary.davis808@email.com,Phoenix,PA,Basic,82312,560,2022-09-24
1958,Joseph,Moore,43,M,joseph.moore628@email.com,Chicago,IL,Standard,127422,588,2021-11-23
1959,Richard,Thomas,42,M,richard.thomas495@email.com,New York,OH,Standard,85590,790,2022-02-08
1960,Susan,Miller,63,M,susan.miller806@email.com,Jacksonville,IL,Standard,31247,748,2022-04-14
1961,Sarah,Williams,28,M,sarah.williams464@email.com,San Diego,CA,Premium,189089,650,2023-03-28
1962,Jessica,Moore,74,M,jessica.moore40@email.com,Houston,OH,Standard,94401,703,2022-09-24
1963,Nancy,Smith,20,M,nancy.smith635@email.com,San Antonio,OH,Basic,158124,741,2021-05-16
1964,Susan,Williams,29,M,susan.williams21@email.com,San Diego,NC,Premium,78958,755,2021-03-30
1965,Christopher,Thomas,62,M,christopher.thomas900@email.com,Chicago,PA,Standard,80740,653,2022-04-12
1966,Thomas,Garcia,26,M,thomas.garcia655@email.com,New York,TX,Basic,36689,573,2022-09-24
1967,Susan,Davis,27,F,susan.davis551@email.com,Los Angeles,NC,Standard,108700,581,2022-09-02
1968,William,Miller,23,F,william.miller333@email.com,New York,TX,Standard,185983,625,2021-10-15
1969,James,Rodriguez,29,F,james.rodriguez503@email.com,Houston,PA,Standard,164559,712,2021-03-14
1970,Richard,Davis,25,F,richard.davis706@email.com,Chicago,WA,Basic,57821,794,2021-01-01
1971,Susan,Anderson,63,F,susan.anderson979@email.com,Chicago,NC,Basic,66848,810,2023-12-18
1972,Daniel,Thomas,54,M,daniel.thomas998@email.com,San Jose,IL,Standard,195990,703,2022-07-14
1973,William,Davis,53,M,william.davis393@email.com,Dallas,PA,Premium,65066,669,2023-10-22
1974,Susan,Thomas,22,F,susan.thomas625@email.com,New York,TX,Basic,126761,717,2023-07-07
1975,Elizabeth,Brown,28,M,elizabeth.brown352@email.com,San Diego,AZ,Standard,151396,827,2022-05-03
1976,John,Johnson,46,F,john.johnson781@email.com,New York,PA,Standard,190557,596,2021-08-18
1977,James,Moore,39,M,james.moore525@email.com,Los Angeles,NC,Standard,67002,599,2023-03-30
1978,Thomas,Rodriguez,20,M,thomas.rodriguez153@email.com,Dallas,NY,Premium,114429,558,2023-09-27
1979,Linda,Williams,39,F,linda.williams450@email.com,Houston,TX,Basic,137463,649,2023-08-18
1980,Nancy,Rodriguez,43,M,nancy.rodriguez138@email.com,Los Angeles,FL,Standard,128225,665,2023-09-18
1981,Elizabeth,Moore,24,M,elizabeth.moore946@email.com,San Jose,NY,Premium,80913,671,2021-02-26
1982,John,Brown,53,F,john.brown958@email.com,Philadelphia,IL,Premium,103543,790,2023-05-22
1983,Mary,Martinez,43,M,mary.martinez881@email.com,Chicago,NY,Basic,40258,639,2022-08-27
1984,Linda,Smith,38,M,linda.smith839@email.com,Austin,NC,Standard,196811,769,2022-08-27
1985,Nancy,Rodriguez,33,F,nancy.rodriguez163@email.com,San Diego,AZ,Premium,159728,709,2021-02-27
1986,Daniel,Brown,59,M,daniel.brown760@email.com,San Antonio,IL,Basic,61945,665,2023-06-16
1987,Linda,Williams,54,F,linda.williams942@email.com,Phoenix,FL,Standard,61643,756,2021-05-13
1988,Elizabeth,Davis,67,F,elizabeth.davis772@email.com,Los Angeles,TX,Basic,39549,566,2022-10-04
1989,Mary,Thomas,19,M,mary.thomas514@email.com,San Diego,AZ,Basic,72082,842,2023-09-02
1990,Susan,Davis,32,M,susan.davis781@email.com,New York,TX,Premium,44723,747,2022-08-14
1991,Nancy,Anderson,23,F,nancy.anderson682@email.com,New York,NC,Basic,67568,744,2022-02-07
1992,Robert,Taylor,19,M,robert.taylor509@email.com,Phoenix,OH,Standard,189354,631,2022-11-07
1993,Nancy,Moore,19,F,nancy.moore387@email.com,San Antonio,NC,Premium,76617,683,2022-09-30
1994,Daniel,Smith,44,F,daniel.smith551@email.com,Houston,PA,Standard,50388,564,2022-09-10
1995,Thomas,Miller,18,F,thomas.miller260@email.com,Dallas,FL,Standard,59344,790,2021-02-28
1996,James,Garcia,54,M,james.garcia791@email.com,Austin,NY,Basic,166549,737,2021-06-15
1997,Daniel,Thomas,74,M,daniel.thomas365@email.com,Philadelphia,PA,Basic,119731,787,2022-12-08
1998,Elizabeth,Jones,42,M,elizabeth.jones58@email.com,Jacksonville,WA,Premium,95267,707,2022-12-22
1999,James,Johnson,72,F,james.johnson148@email.com,San Jose,AZ,Basic,167504,691,2022-12-17
2000,Elizabeth,Garcia,57,M,elizabeth.garcia366@email.com,Chicago,CA,Premium,113100,656,2022-09-22
2001,Richard,Miller,34,F,richard.miller905@email.com,Jacksonville,NC,Premium,195550,565,2022-11-03
2002,Linda,Thomas,30,M,linda.thomas367@email.com,San Antonio,CA,Standard,188036,712,2021-12-26
2003,John,Anderson,59,F,john.anderson206@email.com,Philadelphia,TX,Standard,94836,843,2021-01-20
2004,David,Moore,43,M,david.moore770@email.com,Jacksonville,WA,Premium,165662,817,2021-03-13
2005,Thomas,Davis,25,M,thomas.davis917@email.com,Dallas,AZ,VIP,132127,795,2022-11-25
2006,Michael,Johnson,70,F,michael.johnson540@email.com,New York,WA,Basic,192966,777,2021-04-16
2007,William,Thomas,57,M,william.thomas433@email.com,Houston,WA,Standard,69445,662,2022-06-12
2008,James,Rodriguez,39,F,james.rodriguez88@email.com,Houston,WA,Standard,59604,647,2023-05-25
2009,Richard,Brown,43,M,richard.brown450@email.com,San Jose,WA,Premium,47672,750,2023-07-04
2010,Elizabeth,Moore,69,M,elizabeth.moore85@email.com,Phoenix,AZ,Basic,181810,715,2023-02-11
2011,Karen,Garcia,57,M,karen.garcia919@email.com,Austin,PA,Basic,41552,615,2022-06-20
2012,Daniel,Martinez,35,F,daniel.martinez703@email.com,Jacksonville,NY,Basic,138520,580,2022-10-03
2013,Richard,Moore,41,M,richard.moore530@email.com,Houston,OH,Premium,47865,629,2021-12-06
2014,Sarah,Smith,53,M,sarah.smith920@email.com,Austin,CA,Premium,173100,557,2023-10-31
2015,Michael,Davis,43,F,michael.davis714@email.com,Houston,CA,Premium,142063,689,2023-04-14
2016,Lisa,Brown,50,M,lisa.brown248@email.com,Philadelphia,TX,Basic,53840,748,2022-09-07
2017,Joseph,Williams,36,M,joseph.williams578@email.com,New York,NY,Standard,108165,766,2023-07-21
2018,Daniel,Brown,37,F,daniel.brown763@email.com,Austin,PA,Premium,145183,565,2022-04-15
2019,Joseph,Brown,49,M,joseph.brown239@email.com,Austin,CA,Basic,79003,628,2022-01-29
2020,Lisa,Smith,65,M,lisa.smith155@email.com,San Jose,AZ,Basic,50099,688,2021-07-12
2021,Patricia,Smith,39,M,patricia.smith22@email.com,Chicago,NY,Standard,158849,645,2021-12-28
2022,Lisa,Thomas,56,M,lisa.thomas227@email.com,San Antonio,FL,Basic,116089,712,2022-09-21
2023,Susan,Brown,22,F,susan.brown775@email.com,Los Angeles,IL,Basic,50189,789,2021-01-31
2024,Charles,Johnson,67,M,charles.johnson243@email.com,San Jose,WA,Standard,36888,704,2022-10-05
2025,Linda,Brown,47,M,linda.brown740@email.com,Chicago,TX,Standard,116587,747,2021-12-30
2026,Jessica,Rodriguez,70,M,jessica.rodriguez851@email.com,Los Angeles,IL,Basic,163248,805,2023-07-11
2027,Karen,Davis,56,M,karen.davis499@email.com,San Diego,OH,Premium,33075,766,2021-05-24
2028,Michael,Thomas,68,F,michael.thomas251@email.com,San Antonio,CA,VIP,122646,717,2021-11-13
2029,Richard,Williams,66,F,richard.williams234@email.com,San Diego,NC,Basic,61303,637,2023-06-05
2030,Daniel,Jones,50,M,daniel.jones715@email.com,Chicago,OH,Basic,125256,632,2021-05-29
2031,Linda,Garcia,40,M,linda.garcia896@email.com,Dallas,NY,Standard,199531,732,2021-08-01
2032,David,Moore,26,F,david.moore414@email.com,Jacksonville,WA,Standard,115455,572,2021-07-19
2033,James,Garcia,59,M,james.garcia639@email.com,Jacksonville,WA,VIP,95823,741,2023-06-17
2034,Mary,Williams,67,F,mary.williams366@email.com,Jacksonville,FL,Basic,175712,827,2023-05-21
2035,Charles,Davis,53,F,charles.davis36@email.com,Austin,AZ,Standard,79093,695,2021-08-18
2036,Michael,Williams,58,M,michael.williams187@email.com,Jacksonville,CA,Basic,77262,704,2022-08-21
2037,Barbara,Miller,46,F,barbara.miller136@email.com,San Antonio,PA,Standard,80852,648,2021-09-23
2038,Linda,Taylor,67,M,linda.taylor944@email.com,Houston,NC,Basic,156655,582,2022-06-13
2039,Mary,Miller,42,M,mary.miller736@email.com,Dallas,FL,Standard,59591,791,2022-05-10
2040,Jennifer,Garcia,18,F,jennifer.garcia49@email.com,San Antonio,NC,Premium,32659,563,2023-02-06
2041,Jessica,Davis,70,M,jessica.davis349@email.com,Austin,NC,Basic,63116,555,2021-05-29
2042,Joseph,Anderson,38,F,joseph.anderson774@email.com,Phoenix,NY,Standard,77148,634,2021-08-22
2043,Joseph,Davis,42,F,joseph.davis872@email.com,San Jose,AZ,Standard,186430,762,2021-03-09
2044,Thomas,Taylor,30,M,thomas.taylor914@email.com,Los Angeles,PA,Basic,51757,814,2023-09-07
2045,Christopher,Jones,52,F,christopher.jones997@email.com,Austin,PA,Standard,186518,707,2023-11-04
2046,William,Smith,54,F,william.smith259@email.com,Chicago,OH,Premium,141782,779,2021-07-11
2047,Michael,Martinez,63,F,michael.martinez389@email.com,San Jose,OH,Basic,130315,705,2021-12-31
2048,Jessica,Johnson,71,F,jessica.johnson45@email.com,Philadelphia,WA,Standard,175790,630,2021-09-04
2049,Mary,Anderson,42,M,mary.anderson836@email.com,Philadelphia,WA,Standard,124830,603,2021-12-24
2050,Karen,Garcia,67,F,karen.garcia850@email.com,San Jose,NY,VIP,167927,741,2021-09-22
2051,Robert,Thomas,58,F,robert.thomas206@email.com,New York,CA,Basic,33895,607,2022-03-13
2052,Elizabeth,Taylor,25,M,elizabeth.taylor600@email.com,Dallas,NY,Premium,82277,727,2022-07-26
2053,Joseph,Rodriguez,35,F,joseph.rodriguez996@email.com,San Jose,FL,Basic,60118,787,2021-03-16
2054,Michael,Anderson,20,M,michael.anderson43@email.com,Philadelphia,TX,VIP,166592,643,2021-12-11
2055,Mary,Johnson,20,M,mary.johnson699@email.com,Houston,CA,Basic,180301,711,2023-04-13
2056,Karen,Johnson,63,F,karen.johnson586@email.com,Dallas,CA,Basic,37019,720,2021-10-31
2057,William,Rodriguez,33,M,william.rodriguez170@email.com,San Jose,PA,Standard,130201,664,2022-07-31
2058,Joseph,Rodriguez,64,F,joseph.rodriguez739@email.com,Austin,PA,Standard,92054,807,2021-05-16
2059,Thomas,Martinez,26,M,thomas.martinez667@email.com,Philadelphia,CA,Standard,82148,699,2021-07-29
2060,Daniel,Rodriguez,48,F,daniel.rodriguez433@email.com,San Diego,CA,VIP,164032,603,2023-07-11
2061,James,Taylor,43,M,james.taylor804@email.com,Jacksonville,OH,VIP,61118,810,2023-06-19
2062,James,Rodriguez,73,F,james.rodriguez389@email.com,San Antonio,IL,Standard,69538,805,2021-10-17
2063,Charles,Anderson,57,F,charles.anderson884@email.com,San Antonio,NC,Standard,45100,700,2021-07-25
2064,Patricia,Williams,68,M,patricia.williams510@email.com,San Diego,WA,Basic,48134,733,2022-12-30
2065,Karen,Wilson,74,F,karen.wilson627@email.com,New York,PA,Standard,82794,719,2022-12-16
2066,Sarah,Williams,31,F,sarah.williams995@email.com,San Diego,AZ,Standard,84522,665,2021-04-15
2067,Jessica,Williams,72,F,jessica.williams898@email.com,San Antonio,NY,VIP,45971,692,2023-09-17
2068,Thomas,Jones,26,F,thomas.jones718@email.com,San Jose,AZ,Premium,150451,554,2022-09-05
2069,Linda,Davis,70,M,linda.davis496@email.com,New York,NY,Standard,87242,744,2023-12-12
2070,Linda,Smith,56,F,linda.smith944@email.com,Jacksonville,WA,Premium,103887,637,2023-02-09
2071,Jennifer,Taylor,73,F,jennifer.taylor312@email.com,San Diego,CA,Basic,138662,793,2021-11-17
2072,David,Garcia,50,M,david.garcia532@email.com,New York,NC,Standard,156202,732,2021-11-02
2073,James,Anderson,70,F,james.anderson295@email.com,Phoenix,PA,Premium,169289,715,2023-05-17
2074,Michael,Rodriguez,32,M,michael.rodriguez950@email.com,San Antonio,WA,Premium,163665,774,2023-08-08
2075,Mary,Jones,42,F,mary.jones361@email.com,Los Angeles,OH,VIP,104795,625,2022-10-25
2076,Karen,Anderson,69,F,karen.anderson840@email.com,San Antonio,OH,Premium,163080,759,2022-02-12
2077,Susan,Rodriguez,71,F,susan.rodriguez624@email.com,San Diego,CA,Basic,175618,784,2021-07-18
2078,Linda,Brown,58,F,linda.brown466@email.com,Los Angeles,NY,Basic,112801,704,2021-02-04
2079,Linda,Davis,35,M,linda.davis278@email.com,San Diego,PA,Standard,46578,747,2023-04-18
2080,Patricia,Garcia,27,M,patricia.garcia137@email.com,Jacksonville,WA,Premium,165161,816,2023-04-29
2081,Susan,Brown,22,F,susan.brown761@email.com,San Diego,AZ,Basic,175739,824,2022-12-30
2082,Robert,Taylor,49,F,robert.taylor385@email.com,Jacksonville,TX,Standard,94815,671,2021-01-08
2083,John,Smith,56,M,john.smith449@email.com,New York,CA,Standard,47424,597,2023-04-13
2084,Mary,Thomas,59,F,mary.thomas600@email.com,New York,NC,Premium,102586,765,2021-10-21
2085,William,Anderson,49,F,william.anderson693@email.com,Austin,IL,Basic,116178,560,2021-07-11
2086,Susan,Moore,48,M,susan.moore723@email.com,New York,FL,Premium,84333,617,2021-03-14
2087,Joseph,Wilson,26,F,joseph.wilson441@email.com,San Jose,NC,Basic,100967,627,2021-10-08
2088,Daniel,Garcia,40,F,daniel.garcia596@email.com,Dallas,OH,Standard,40392,690,2022-08-28
2089,Robert,Brown,66,F,robert.brown697@email.com,Austin,OH,Standard,131781,841,2023-12-01
2090,Daniel,Miller,22,F,daniel.miller538@email.com,Phoenix,WA,Basic,72259,686,2021-04-23
2091,Lisa,Taylor,73,M,lisa.taylor244@email.com,Los Angeles,NC,Basic,57061,712,2021-11-28
2092,Susan,Rodriguez,18,F,susan.rodriguez56@email.com,Los Angeles,PA,Standard,117575,667,2021-12-25
2093,Sarah,Miller,67,M,sarah.miller294@email.com,New York,CA,Standard,59547,810,2023-09-30
2094,Robert,Johnson,27,M,robert.johnson252@email.com,Dallas,OH,Standard,36896,832,2022-11-03
2095,Linda,Miller,55,F,linda.miller636@email.com,Philadelphia,OH,VIP,168830,815,2023-04-26
2096,Jessica,Martinez,52,F,jessica.martinez537@email.com,Houston,TX,Basic,121598,677,2021-09-11
2097,Mary,Smith,27,F,mary.smith109@email.com,San Diego,TX,Basic,95548,838,2023-05-20
2098,Patricia,Jones,50,F,patricia.jones953@email.com,New York,OH,VIP,114842,629,2021-07-23
2099,Richard,Wilson,39,M,richard.wilson99@email.com,San Jose,NC,Basic,91561,713,2021-01-16
2100,Sarah,Jones,46,F,sarah.jones749@email.com,Austin,FL,Basic,87192,687,2022-02-16
2101,Robert,Garcia,25,F,robert.garcia511@email.com,Austin,FL,Basic,51485,642,2023-11-09
2102,Jennifer,Taylor,21,M,jennifer.taylor92@email.com,Dallas,FL,Basic,179642,564,2021-02-03
2103,Michael,Anderson,39,F,michael.anderson595@email.com,Philadelphia,AZ,VIP,181921,569,2023-04-04
2104,Michael,Wilson,34,M,michael.wilson932@email.com,San Diego,NC,Basic,35546,720,2022-11-07
2105,Joseph,Davis,37,F,joseph.davis923@email.com,San Antonio,TX,Basic,35211,705,2023-10-26
2106,Elizabeth,Rodriguez,24,M,elizabeth.rodriguez397@email.com,Los Angeles,WA,Standard,149865,600,2022-03-30
2107,Susan,Williams,66,F,susan.williams403@email.com,Jacksonville,FL,Basic,120524,572,2022-03-16
2108,James,Rodriguez,48,F,james.rodriguez370@email.com,San Jose,NC,Standard,40057,645,2021-01-19
2109,Daniel,Garcia,68,F,daniel.garcia959@email.com,Dallas,FL,Standard,179876,633,2021-10-25
2110,Richard,Garcia,38,F,richard.garcia777@email.com,Phoenix,PA,Premium,62151,786,2023-02-11
2111,John,Williams,35,F,john.williams462@email.com,Houston,AZ,Standard,69105,844,2021-01-14
2112,Barbara,Thomas,67,M,barbara.thomas424@email.com,New York,NY,Premium,124833,737,2023-01-08
2113,Thomas,Moore,41,M,thomas.moore20@email.com,Philadelphia,IL,Standard,166560,689,2021-04-29
2114,David,Moore,49,M,david.moore650@email.com,Philadelphia,TX,Standard,164342,786,2023-01-12
2115,Sarah,Brown,23,M,sarah.brown447@email.com,New York,CA,Standard,58289,748,2023-12-09
2116,Joseph,Brown,50,F,joseph.brown575@email.com,San Diego,OH,Basic,36400,628,2022-06-08
2117,James,Miller,49,M,james.miller157@email.com,San Diego,OH,Basic,132197,732,2021-03-04
2118,William,Jones,52,M,william.jones61@email.com,Dallas,CA,Standard,87094,774,2022-03-05
2119,Linda,Jones,56,M,linda.jones368@email.com,Austin,TX,VIP,79732,581,2021-11-26
2120,Thomas,Anderson,35,F,thomas.anderson444@email.com,New York,WA,Basic,182062,738,2023-09-09
2121,Elizabeth,Davis,26,M,elizabeth.davis813@email.com,Jacksonville,PA,Standard,161496,732,2022-10-21
2122,Karen,Davis,42,F,karen.davis118@email.com,Los Angeles,NC,Standard,138977,805,2023-05-15
2123,Sarah,Williams,29,M,sarah.williams639@email.com,Austin,TX,Basic,160482,815,2023-08-28
2124,Patricia,Johnson,62,F,patricia.johnson468@email.com,San Diego,IL,Premium,33697,631,2021-01-28
2125,John,Thomas,47,F,john.thomas22@email.com,Phoenix,AZ,Premium,110201,719,2021-05-07
2126,Joseph,Taylor,42,F,joseph.taylor278@email.com,Austin,CA,Basic,165003,647,2022-05-25
2127,William,Wilson,32,M,william.wilson112@email.com,Dallas,IL,Basic,117051,572,2022-12-23
2128,Linda,Miller,60,F,linda.miller358@email.com,Jacksonville,NC,Premium,35503,688,2022-07-06
2129,Barbara,Thomas,33,F,barbara.thomas987@email.com,San Diego,TX,Basic,70536,654,2023-06-06
2130,Daniel,Anderson,66,M,daniel.anderson36@email.com,San Diego,CA,Standard,111500,583,2021-07-07
2131,John,Martinez,23,M,john.martinez675@email.com,New York,IL,Standard,118214,660,2022-06-06
2132,Elizabeth,Thomas,39,M,elizabeth.thomas700@email.com,San Jose,TX,Standard,129854,636,2023-10-16
2133,Michael,Davis,29,F,michael.davis362@email.com,Houston,TX,Standard,42506,840,2022-02-20
2134,Charles,Wilson,54,F,charles.wilson726@email.com,Philadelphia,NY,Standard,106908,755,2021-07-22
2135,James,Williams,35,F,james.williams378@email.com,Philadelphia,NC,Standard,66691,659,2021-08-09
2136,Nancy,Brown,43,F,nancy.brown202@email.com,San Antonio,WA,VIP,126709,786,2022-09-24
2137,Joseph,Johnson,72,F,joseph.johnson166@email.com,Los Angeles,PA,Premium,161752,625,2023-07-26
2138,Barbara,Taylor,18,F,barbara.taylor482@email.com,Los Angeles,OH,Standard,76332,722,2023-07-24
2139,Mary,Jones,31,M,mary.jones826@email.com,New York,FL,Premium,85548,682,2021-11-08
2140,Robert,Rodriguez,71,F,robert.rodriguez942@email.com,Phoenix,FL,Premium,91020,722,2022-05-01
2141,Susan,Moore,48,F,susan.moore303@email.com,New York,WA,Premium,121668,626,2021-03-18
2142,Daniel,Johnson,31,M,daniel.johnson98@email.com,Philadelphia,AZ,Basic,188457,696,2023-07-25
2143,Linda,Martinez,73,M,linda.martinez743@email.com,Dallas,IL,Standard,173483,661,2021-08-31
2144,Thomas,Smith,22,M,thomas.smith876@email.com,San Jose,NY,Basic,147300,729,2023-07-27
2145,Daniel,Smith,32,M,daniel.smith304@email.com,Houston,NY,Basic,116801,692,2021-01-03
2146,Linda,Thomas,41,F,linda.thomas17@email.com,Dallas,PA,VIP,103334,776,2021-10-09
2147,Robert,Garcia,45,M,robert.garcia414@email.com,Dallas,TX,Standard,128284,663,2023-02-06
2148,Lisa,Martinez,28,M,lisa.martinez785@email.com,New York,PA,Basic,145035,847,2021-04-10
2149,James,Brown,42,M,james.brown742@email.com,Phoenix,FL,Basic,174081,649,2022-09-17
2150,Jessica,Garcia,35,F,jessica.garcia497@email.com,Houston,IL,Standard,50398,783,2021-04-19
2151,Michael,Thomas,29,M,michael.thomas481@email.com,Dallas,NY,VIP,57249,815,2023-11-13
2152,Mary,Taylor,51,F,mary.taylor343@email.com,Chicago,FL,Standard,65408,838,2023-12-30
2153,Jennifer,Davis,29,M,jennifer.davis58@email.com,Austin,CA,Standard,146171,723,2023-09-13
2154,Robert,Smith,64,F,robert.smith54@email.com,Los Angeles,AZ,Basic,108809,780,2021-05-25
2155,Joseph,Moore,35,M,joseph.moore498@email.com,Philadelphia,AZ,Basic,106644,738,2021-06-20
2156,Robert,Anderson,51,F,robert.anderson449@email.com,Los Angeles,NY,Basic,85580,695,2022-07-07
2157,Daniel,Anderson,23,M,daniel.anderson748@email.com,San Antonio,IL,VIP,102803,610,2021-05-26
2158,Christopher,Jones,52,M,christopher.jones861@email.com,Jacksonville,AZ,Standard,114750,784,2022-12-22
2159,Sarah,Smith,49,F,sarah.smith649@email.com,Philadelphia,IL,Standard,85905,732,2022-11-20
2160,Robert,Smith,32,M,robert.smith562@email.com,Philadelphia,FL,Standard,194318,813,2021-07-18
2161,Daniel,Jones,58,F,daniel.jones324@email.com,Dallas,IL,Premium,165983,694,2021-11-05
2162,Joseph,Johnson,33,F,joseph.johnson658@email.com,San Antonio,PA,Standard,184624,596,2022-04-21
2163,Jennifer,Williams,41,M,jennifer.williams119@email.com,Dallas,OH,Standard,95152,758,2021-06-20
2164,Patricia,Rodriguez,49,M,patricia.rodriguez365@email.com,Houston,AZ,Basic,87485,577,2022-10-23
2165,John,Miller,51,M,john.miller180@email.com,San Antonio,FL,Premium,188753,591,2022-09-18
2166,Lisa,Moore,22,F,lisa.moore658@email.com,San Jose,FL,Premium,73107,706,2021-04-03
2167,Patricia,Rodriguez,46,M,patricia.rodriguez342@email.com,New York,NC,Premium,148627,697,2022-04-17
2168,Jennifer,Miller,74,M,jennifer.miller71@email.com,Austin,PA,Basic,129667,611,2023-10-16
2169,Elizabeth,Anderson,74,F,elizabeth.anderson271@email.com,Phoenix,PA,Basic,33507,688,2022-02-28
2170,Thomas,Jones,59,F,thomas.jones216@email.com,Dallas,TX,Standard,86464,779,2023-06-12
2171,Linda,Thomas,68,M,linda.thomas253@email.com,San Antonio,NC,Premium,89075,628,2021-02-13
2172,David,Davis,39,F,david.davis417@email.com,Austin,FL,Standard,141317,802,2022-09-23
2173,Lisa,Martinez,66,F,lisa.martinez469@email.com,San Jose,NC,Standard,68270,750,2023-02-06
2174,Sarah,Anderson,44,F,sarah.anderson270@email.com,Houston,NY,Basic,59544,739,2023-07-30
2175,John,Brown,61,F,john.brown426@email.com,San Jose,WA,Premium,100294,758,2023-01-26
2176,Jessica,Jones,50,M,jessica.jones258@email.com,Jacksonville,TX,Standard,130610,629,2021-07-06
2177,Karen,Williams,38,M,karen.williams278@email.com,New York,PA,Premium,161182,628,2022-12-04
2178,Patricia,Thomas,29,M,patricia.thomas168@email.com,San Jose,AZ,Standard,187927,787,2023-09-16
2179,Michael,Wilson,67,F,michael.wilson742@email.com,Austin,CA,Standard,182267,810,2021-04-10
2180,Jennifer,Anderson,49,F,jennifer.anderson851@email.com,San Antonio,WA,Standard,195490,550,2022-06-02
2181,Joseph,Anderson,29,M,joseph.anderson320@email.com,San Diego,IL,Basic,187664,572,2023-06-01
2182,Mary,Anderson,20,M,mary.anderson558@email.com,Philadelphia,NC,Basic,158115,807,2021-05-14
2183,Richard,Taylor,61,M,richard.taylor90@email.com,Chicago,IL,Standard,65395,563,2022-01-07
2184,Charles,Davis,23,F,charles.davis698@email.com,Jacksonville,NY,Basic,44974,613,2022-04-08
2185,Patricia,Johnson,23,F,patricia.johnson915@email.com,San Diego,AZ,Standard,64521,745,2023-02-23
2186,Linda,Brown,40,M,linda.brown977@email.com,Houston,NC,Premium,54787,630,2021-01-19
2187,Richard,Rodriguez,56,F,richard.rodriguez184@email.com,New York,TX,Standard,136704,608,2022-10-26
2188,Barbara,Garcia,34,M,barbara.garcia798@email.com,Chicago,AZ,Standard,103102,724,2021-06-29
2189,Thomas,Martinez,25,M,thomas.martinez818@email.com,San Jose,PA,Standard,153812,648,2023-09-13
2190,Sarah,Smith,53,F,sarah.smith393@email.com,Los Angeles,TX,Standard,145902,744,2021-01-09
2191,Mary,Brown,40,F,mary.brown825@email.com,Chicago,NC,Basic,186726,828,2021-07-09
2192,Mary,Williams,39,M,mary.williams731@email.com,Los Angeles,IL,VIP,100019,594,2023-06-17
2193,Joseph,Davis,43,M,joseph.davis952@email.com,Chicago,IL,Standard,71676,725,2022-09-23
2194,Richard,Rodriguez,67,M,richard.rodriguez304@email.com,San Diego,NC,Premium,72343,665,2022-04-11
2195,Richard,Johnson,47,F,richard.johnson772@email.com,Philadelphia,FL,Standard,158285,616,2022-10-13
2196,Richard,Jones,22,F,richard.jones156@email.com,San Jose,PA,Basic,101860,728,2023-08-02
2197,Charles,Davis,20,M,charles.davis687@email.com,Philadelphia,TX,Standard,120292,594,2022-03-21
2198,Elizabeth,Moore,60,F,elizabeth.moore395@email.com,Philadelphia,CA,Standard,46407,623,2021-11-30
2199,David,Smith,59,F,david.smith805@email.com,Chicago,NY,Standard,155343,566,2021-01-14
2200,Patricia,Johnson,67,F,patricia.johnson962@email.com,Los Angeles,FL,Premium,47765,617,2022-10-19
2201,Lisa,Anderson,63,F,lisa.anderson715@email.com,Chicago,OH,Standard,58523,570,2023-04-17
2202,Patricia,Davis,56,M,patricia.davis408@email.com,San Diego,TX,VIP,42699,565,2022-03-13
2203,Christopher,Moore,48,M,christopher.moore212@email.com,Chicago,CA,Premium,134240,595,2022-01-10
2204,Thomas,Smith,52,F,thomas.smith571@email.com,Philadelphia,FL,Premium,149761,693,2021-11-21
2205,Thomas,Anderson,69,M,thomas.anderson260@email.com,Austin,NY,Standard,108956,662,2023-11-21
2206,Barbara,Brown,22,M,barbara.brown988@email.com,Los Angeles,AZ,Basic,82601,842,2023-06-02
2207,Daniel,Moore,32,M,daniel.moore880@email.com,Chicago,PA,Basic,188227,791,2022-10-22
2208,Lisa,Williams,41,F,lisa.williams8@email.com,Los Angeles,WA,Standard,188352,749,2021-12-27
2209,Robert,Williams,73,M,robert.williams445@email.com,San Antonio,TX,Standard,70837,729,2023-03-06
2210,Barbara,Taylor,62,F,barbara.taylor515@email.com,San Antonio,NY,Standard,167754,728,2022-01-10
2211,Daniel,Jones,70,F,daniel.jones465@email.com,Chicago,AZ,Standard,123608,617,2023-05-27
2212,Robert,Martinez,44,M,robert.martinez801@email.com,Austin,AZ,VIP,43639,621,2022-01-05
2213,Joseph,Rodriguez,37,F,joseph.rodriguez22@email.com,Jacksonville,FL,Standard,70111,794,2023-01-17
2214,Mary,Williams,50,F,mary.williams503@email.com,Jacksonville,NC,Basic,77809,555,2021-11-21
2215,Nancy,Miller,22,F,nancy.miller841@email.com,San Diego,NY,Standard,63534,812,2022-03-21
2216,Elizabeth,Davis,49,F,elizabeth.davis473@email.com,Chicago,FL,Premium,71592,747,2023-08-30
2217,Richard,Garcia,41,M,richard.garcia798@email.com,Jacksonville,AZ,Standard,128912,828,2022-09-17
2218,Sarah,Miller,64,F,sarah.miller118@email.com,New York,NC,Premium,84159,645,2023-01-02
2219,Robert,Anderson,72,M,robert.anderson654@email.com,Philadelphia,TX,Basic,30179,721,2022-07-05
2220,Susan,Davis,32,F,susan.davis416@email.com,Chicago,TX,Standard,38331,720,2021-05-18
2221,Daniel,Jones,42,F,daniel.jones160@email.com,Austin,PA,Standard,57010,703,2022-04-03
2222,William,Williams,49,F,william.williams167@email.com,New York,TX,Standard,136788,602,2021-03-09
2223,Joseph,Williams,22,M,joseph.williams300@email.com,San Antonio,AZ,Premium,85244,791,2021-09-18
2224,Susan,Thomas,65,M,susan.thomas178@email.com,Jacksonville,OH,Standard,63286,739,2023-04-28
2225,Jessica,Moore,23,M,jessica.moore580@email.com,Phoenix,NC,Basic,174197,661,2022-05-17
2226,Jennifer,Brown,27,M,jennifer.brown908@email.com,Chicago,CA,Standard,84520,593,2023-05-04
2227,John,Taylor,42,F,john.taylor135@email.com,San Jose,NY,VIP,112018,833,2021-06-17
2228,Karen,Miller,68,M,karen.miller705@email.com,Houston,IL,Basic,176110,793,2021-05-30
2229,Barbara,Davis,27,M,barbara.davis875@email.com,Jacksonville,WA,Standard,166037,612,2023-12-19
2230,Jennifer,Moore,38,M,jennifer.moore500@email.com,Houston,PA,Basic,183163,815,2022-06-11
2231,Patricia,Moore,71,M,patricia.moore304@email.com,San Antonio,PA,Standard,65299,631,2022-03-16
2232,Thomas,Moore,69,M,thomas.moore916@email.com,San Diego,NY,Basic,70746,574,2022-03-24
2233,Karen,Brown,36,M,karen.brown648@email.com,Philadelphia,IL,Standard,163944,643,2022-07-24
2234,Charles,Brown,56,M,charles.brown362@email.com,Houston,CA,VIP,48665,626,2021-02-11
2235,Karen,Davis,74,M,karen.davis967@email.com,New York,AZ,Basic,111828,648,2023-01-17
2236,Jessica,Wilson,59,F,jessica.wilson29@email.com,Philadelphia,OH,Standard,150069,675,2021-11-21
2237,Christopher,Taylor,74,M,christopher.taylor786@email.com,Jacksonville,AZ,Basic,112990,631,2021-08-31
2238,Patricia,Anderson,46,F,patricia.anderson325@email.com,Houston,TX,Standard,152005,621,2023-11-23
2239,Susan,Thomas,28,M,susan.thomas782@email.com,San Antonio,AZ,VIP,150224,673,2022-04-10
2240,Joseph,Jones,36,M,joseph.jones87@email.com,Houston,NY,VIP,133506,680,2022-06-18
2241,Christopher,Johnson,68,M,christopher.johnson258@email.com,Dallas,OH,Basic,146951,587,2021-11-09
2242,David,Miller,34,F,david.miller734@email.com,San Diego,OH,Basic,63271,645,2022-11-15
2243,John,Williams,34,F,john.williams737@email.com,Los Angeles,IL,Basic,147136,597,2023-05-09
2244,Thomas,Taylor,71,M,thomas.taylor662@email.com,Austin,CA,Basic,146623,552,2023-10-24
2245,Robert,Garcia,73,F,robert.garcia553@email.com,New York,NC,Standard,188717,648,2023-05-26
2246,Karen,Jones,19,M,karen.jones331@email.com,Jacksonville,TX,Basic,82302,597,2021-07-15
2247,David,Anderson,54,F,david.anderson722@email.com,Philadelphia,FL,Standard,111123,749,2023-07-13
2248,Robert,Smith,41,F,robert.smith945@email.com,San Diego,CA,Standard,67811,666,2023-01-19
2249,Nancy,Brown,73,M,nancy.brown582@email.com,San Jose,WA,Standard,159780,652,2021-11-09
2250,Jessica,Anderson,45,M,jessica.anderson212@email.com,Los Angeles,NY,Standard,93029,658,2021-05-05
2251,Mary,Williams,67,F,mary.williams189@email.com,Phoenix,FL,Standard,172703,800,2023-10-23
2252,David,Anderson,64,F,david.anderson456@email.com,San Diego,WA,Standard,78448,707,2022-10-20
2253,Michael,Anderson,41,F,michael.anderson858@email.com,Philadelphia,TX,Standard,108439,644,2021-08-22
2254,Lisa,Jones,69,F,lisa.jones558@email.com,Jacksonville,NY,Basic,84760,678,2023-03-02
2255,Joseph,Martinez,19,M,joseph.martinez296@email.com,New York,NY,Premium,89682,587,2022-02-16
2256,Christopher,Taylor,20,F,christopher.taylor91@email.com,San Jose,OH,Premium,70545,620,2021-09-26
2257,Sarah,Taylor,46,F,sarah.taylor363@email.com,Los Angeles,NC,Standard,177031,705,2021-09-20
2258,Nancy,Jones,24,M,nancy.jones123@email.com,San Diego,NC,Standard,32521,832,2022-08-14
2259,Lisa,Jones,67,M,lisa.jones814@email.com,Phoenix,WA,Basic,189644,797,2023-12-25
2260,Patricia,Jones,32,M,patricia.jones479@email.com,San Jose,NY,Standard,75590,817,2023-04-15
2261,Karen,Anderson,55,M,karen.anderson223@email.com,Philadelphia,OH,Standard,155616,681,2022-04-27
2262,Mary,Smith,70,M,mary.smith515@email.com,Los Angeles,NC,Standard,174818,792,2023-03-24
2263,Linda,Smith,21,F,linda.smith42@email.com,San Antonio,IL,Basic,168475,635,2022-01-31
2264,Nancy,Taylor,34,M,nancy.taylor470@email.com,Austin,NY,Basic,188706,792,2023-04-25
2265,James,Davis,21,F,james.davis280@email.com,San Antonio,WA,Standard,187584,808,2023-12-19
2266,Patricia,Brown,22,F,patricia.brown994@email.com,San Diego,AZ,Standard,109328,563,2022-12-24
2267,Linda,Taylor,32,F,linda.taylor679@email.com,Austin,AZ,Standard,96797,753,2021-06-04
2268,Susan,Garcia,73,F,susan.garcia918@email.com,San Diego,TX,Standard,92046,845,2021-04-01
2269,Karen,Anderson,39,F,karen.anderson552@email.com,Philadelphia,WA,Basic,177023,688,2021-09-15
2270,Patricia,Williams,66,M,patricia.williams634@email.com,Chicago,CA,Basic,88750,785,2022-04-20
2271,Joseph,Martinez,55,F,joseph.martinez470@email.com,New York,IL,Standard,44588,568,2022-01-17
2272,Jennifer,Martinez,74,F,jennifer.martinez831@email.com,Dallas,WA,Premium,187747,813,2023-10-04
2273,Elizabeth,Taylor,65,M,elizabeth.taylor275@email.com,San Diego,FL,Premium,145127,738,2021-11-27
2274,Nancy,Garcia,25,F,nancy.garcia140@email.com,Jacksonville,AZ,Standard,154482,603,2023-11-13
2275,John,Brown,33,F,john.brown145@email.com,Philadelphia,AZ,Standard,175954,742,2023-04-14
2276,Elizabeth,Williams,74,M,elizabeth.williams623@email.com,Houston,FL,Standard,182648,617,2021-07-13
2277,Robert,Martinez,72,F,robert.martinez26@email.com,Los Angeles,IL,Standard,33796,562,2022-10-07
2278,Jessica,Williams,70,M,jessica.williams393@email.com,Los Angeles,WA,Premium,80111,683,2022-07-29
2279,William,Davis,60,F,william.davis911@email.com,Jacksonville,AZ,Standard,72731,840,2023-12-30
2280,Susan,Miller,34,M,susan.miller402@email.com,Los Angeles,FL,Basic,167205,840,2023-02-17
2281,Mary,Davis,39,F,mary.davis171@email.com,Philadelphia,TX,Basic,160033,603,2022-04-16
2282,Barbara,Garcia,21,F,barbara.garcia772@email.com,Chicago,PA,Basic,64964,568,2022-01-18
2283,Karen,Jones,50,F,karen.jones849@email.com,San Antonio,IL,Standard,92661,605,2023-04-21
2284,David,Jones,18,F,david.jones599@email.com,Houston,FL,Premium,100924,810,2021-03-11
2285,Linda,Smith,41,F,linda.smith422@email.com,San Antonio,AZ,Basic,42702,814,2021-12-09
2286,Joseph,Brown,30,F,joseph.brown351@email.com,Austin,TX,VIP,139350,798,2022-09-12
2287,John,Smith,68,M,john.smith378@email.com,New York,FL,Basic,80639,849,2022-01-14
2288,Susan,Williams,53,M,susan.williams23@email.com,San Antonio,NC,VIP,35479,616,2022-07-19
2289,Lisa,Smith,54,F,lisa.smith643@email.com,San Diego,WA,Basic,124589,712,2022-01-07
2290,Lisa,Johnson,34,M,lisa.johnson784@email.com,San Diego,NC,Basic,197530,727,2022-12-16
2291,James,Brown,62,F,james.brown150@email.com,Dallas,TX,Basic,172780,844,2023-12-22
2292,Patricia,Garcia,44,F,patricia.garcia267@email.com,Los Angeles,FL,Standard,198271,792,2022-08-23
2293,Thomas,Taylor,37,F,thomas.taylor605@email.com,San Diego,NC,VIP,120206,671,2023-11-25
2294,Thomas,Rodriguez,40,M,thomas.rodriguez107@email.com,Philadelphia,WA,VIP,40754,777,2023-12-14
2295,Karen,Davis,67,F,karen.davis410@email.com,Jacksonville,PA,Premium,139911,579,2023-04-11
2296,Jennifer,Johnson,21,M,jennifer.johnson693@email.com,Austin,CA,Standard,53033,601,2023-11-20
2297,James,Smith,62,F,james.smith84@email.com,Chicago,TX,Standard,94988,841,2022-10-24
2298,Sarah,Davis,51,M,sarah.davis354@email.com,Jacksonville,TX,Standard,132703,598,2022-08-20
2299,Mary,Taylor,30,F,mary.taylor855@email.com,Chicago,AZ,Premium,103613,629,2021-10-19
2300,Nancy,Miller,59,M,nancy.miller42@email.com,Jacksonville,NC,Standard,145163,599,2021-01-17
2301,Daniel,Thomas,26,M,daniel.thomas828@email.com,Chicago,NY,Basic,103572,585,2022-08-15
2302,Elizabeth,Davis,73,F,elizabeth.davis52@email.com,Chicago,OH,Standard,119409,772,2021-07-12
2303,Elizabeth,Miller,29,M,elizabeth.miller669@email.com,San Jose,CA,Standard,165623,829,2023-06-21
2304,Barbara,Garcia,49,F,barbara.garcia819@email.com,Los Angeles,AZ,Standard,111373,836,2023-11-08
2305,Mary,Davis,62,F,mary.davis106@email.com,Chicago,AZ,Basic,87148,559,2022-05-23
2306,Robert,Williams,51,F,robert.williams994@email.com,San Jose,NC,VIP,114624,739,2022-02-24
2307,Thomas,Davis,42,F,thomas.davis353@email.com,Austin,WA,Basic,156784,804,2022-02-13
2308,David,Johnson,64,M,david.johnson10@email.com,Los Angeles,OH,Standard,191349,821,2022-11-10
2309,Mary,Martinez,25,M,mary.martinez682@email.com,Houston,FL,Basic,120195,767,2023-11-20
2310,James,Garcia,32,F,james.garcia265@email.com,Chicago,OH,Premium,50715,597,2022-10-14
2311,Joseph,Taylor,35,M,joseph.taylor218@email.com,Dallas,TX,Standard,165956,832,2021-11-25
2312,Charles,Brown,62,F,charles.brown117@email.com,Phoenix,PA,Standard,188183,629,2023-05-18
2313,Daniel,Smith,19,M,daniel.smith298@email.com,Los Angeles,TX,Standard,130141,638,2023-07-04
2314,Linda,Jones,24,F,linda.jones127@email.com,New York,NC,Standard,130971,780,2022-10-04
2315,Mary,Garcia,29,M,mary.garcia449@email.com,New York,NY,Basic,111217,597,2023-11-04
2316,Barbara,Williams,42,F,barbara.williams442@email.com,Philadelphia,WA,Premium,155506,743,2022-12-01
2317,John,Rodriguez,45,F,john.rodriguez830@email.com,Philadelphia,NC,Standard,79105,786,2021-11-23
2318,Patricia,Jones,67,F,patricia.jones43@email.com,San Antonio,WA,VIP,128278,847,2022-07-02
2319,Jennifer,Taylor,72,M,jennifer.taylor363@email.com,Philadelphia,PA,Basic,67918,619,2021-11-16
2320,Charles,Miller,33,F,charles.miller758@email.com,San Antonio,AZ,Premium,47869,571,2023-08-18
2321,Susan,Anderson,26,M,susan.anderson932@email.com,Chicago,TX,Premium,187794,648,2021-09-19
2322,Jennifer,Thomas,36,F,jennifer.thomas637@email.com,Phoenix,OH,Standard,31367,716,2022-09-03
2323,Christopher,Johnson,48,F,christopher.johnson100@email.com,New York,NC,Standard,104387,837,2021-08-12
2324,Barbara,Thomas,57,F,barbara.thomas652@email.com,San Jose,WA,Standard,194664,589,2022-05-21
2325,Joseph,Garcia,24,F,joseph.garcia345@email.com,Jacksonville,NY,Basic,58621,673,2021-07-08
2326,Jessica,Jones,18,M,jessica.jones642@email.com,Phoenix,NY,Standard,51841,769,2022-05-09
2327,Mary,Johnson,39,F,mary.johnson992@email.com,San Diego,PA,Standard,139634,705,2023-04-10
2328,Lisa,Anderson,53,F,lisa.anderson949@email.com,Phoenix,TX,Basic,36536,650,2021-07-15
2329,Karen,Taylor,24,M,karen.taylor536@email.com,Phoenix,FL,Basic,77403,849,2022-12-03
2330,Thomas,Davis,52,F,thomas.davis506@email.com,Philadelphia,AZ,Standard,100626,783,2021-02-14
2331,William,Moore,74,M,william.moore890@email.com,Dallas,TX,Premium,194966,753,2021-01-19
2332,Nancy,Jones,72,F,nancy.jones615@email.com,Phoenix,WA,Basic,57023,578,2021-08-26
2333,David,Moore,54,F,david.moore469@email.com,Phoenix,TX,Basic,155064,681,2021-05-22
2334,Barbara,Taylor,63,F,barbara.taylor418@email.com,Chicago,TX,VIP,38160,803,2023-07-07
2335,Karen,Garcia,74,F,karen.garcia384@email.com,Jacksonville,NC,Basic,47017,754,2022-12-27
2336,Richard,Garcia,36,F,richard.garcia16@email.com,New York,CA,VIP,136004,824,2021-04-10
2337,David,Wilson,39,F,david.wilson795@email.com,Austin,OH,Standard,116948,674,2023-07-07
2338,John,Rodriguez,45,F,john.rodriguez142@email.com,Los Angeles,PA,Standard,104291,746,2022-10-25
2339,Karen,Anderson,34,F,karen.anderson30@email.com,Los Angeles,OH,Basic,194675,688,2022-12-27
2340,John,Rodriguez,72,F,john.rodriguez655@email.com,San Antonio,NY,Basic,193064,653,2022-07-03
2341,Susan,Garcia,70,F,susan.garcia757@email.com,San Diego,AZ,Standard,152615,738,2021-09-29
2342,Elizabeth,Garcia,59,F,elizabeth.garcia736@email.com,Jacksonville,WA,Standard,41582,674,2021-05-05
2343,William,Johnson,29,F,william.johnson243@email.com,Phoenix,NC,Standard,130649,672,2022-06-20
2344,Jennifer,Moore,36,F,jennifer.moore611@email.com,San Antonio,FL,Standard,127744,724,2022-03-25
2345,Joseph,Martinez,23,F,joseph.martinez788@email.com,Austin,OH,Premium,50321,771,2021-05-30
2346,Robert,Thomas,48,F,robert.thomas396@email.com,San Diego,PA,Premium,113708,803,2022-01-24
2347,David,Taylor,52,M,david.taylor276@email.com,Philadelphia,IL,VIP,81366,743,2022-02-23
2348,Karen,Jones,25,M,karen.jones671@email.com,New York,AZ,Basic,87998,652,2023-12-25
2349,Nancy,Thomas,35,M,nancy.thomas445@email.com,Dallas,TX,Basic,43767,579,2021-06-19
2350,Sarah,Miller,72,M,sarah.miller236@email.com,San Diego,CA,Standard,40725,759,2023-10-11
2351,Jennifer,Rodriguez,52,M,jennifer.rodriguez262@email.com,San Jose,WA,Premium,178785,786,2021-03-27
2352,Elizabeth,Garcia,50,F,elizabeth.garcia210@email.com,Houston,CA,Basic,171965,664,2023-06-27
2353,David,Johnson,43,M,david.johnson156@email.com,San Antonio,OH,Standard,197027,829,2023-01-01
2354,John,Thomas,28,F,john.thomas869@email.com,Los Angeles,FL,Basic,68913,651,2023-10-31
2355,Mary,Garcia,67,M,mary.garcia241@email.com,Philadelphia,NY,Standard,178253,554,2022-05-22
2356,Charles,Martinez,35,F,charles.martinez356@email.com,New York,IL,Standard,93295,559,2023-07-23
2357,Linda,Garcia,56,F,linda.garcia360@email.com,Phoenix,PA,Basic,99377,747,2023-07-01
2358,Jessica,Garcia,49,M,jessica.garcia245@email.com,Austin,FL,Basic,73316,568,2021-05-31
2359,Robert,Smith,68,F,robert.smith902@email.com,San Antonio,PA,Standard,65052,564,2022-06-07
2360,Daniel,Rodriguez,42,F,daniel.rodriguez873@email.com,San Jose,WA,Standard,100534,795,2022-10-13
2361,Mary,Jones,67,M,mary.jones653@email.com,Houston,CA,Standard,72240,606,2023-12-24
2362,Lisa,Brown,43,F,lisa.brown509@email.com,San Antonio,OH,Basic,102599,710,2023-06-23
2363,Susan,Miller,38,M,susan.miller971@email.com,San Jose,WA,Premium,151578,811,2021-01-10
2364,Mary,Moore,19,F,mary.moore835@email.com,Austin,AZ,Basic,182023,574,2023-02-14
2365,Christopher,Johnson,67,F,christopher.johnson893@email.com,New York,WA,Premium,117534,783,2021-12-01
2366,Jennifer,Moore,49,M,jennifer.moore579@email.com,Dallas,NC,Basic,60384,805,2021-12-16
2367,Linda,Taylor,25,F,linda.taylor172@email.com,Houston,WA,Standard,68798,759,2021-02-09
2368,Jessica,Miller,57,F,jessica.miller403@email.com,San Antonio,FL,Premium,130591,602,2022-11-12
2369,Charles,Jones,49,M,charles.jones333@email.com,San Diego,NY,Standard,35311,572,2021-03-11
2370,Jessica,Jones,53,M,jessica.jones620@email.com,San Antonio,IL,Standard,99549,761,2023-07-21
2371,Patricia,Moore,60,M,patricia.moore439@email.com,New York,CA,Standard,189632,828,2022-06-12
2372,Patricia,Wilson,39,F,patricia.wilson558@email.com,New York,FL,Standard,91358,726,2023-03-25
2373,Robert,Taylor,39,M,robert.taylor737@email.com,Dallas,FL,VIP,159122,827,2021-11-19
2374,Barbara,Miller,73,F,barbara.miller862@email.com,San Diego,FL,Basic,138247,673,2022-03-25
2375,Daniel,Smith,61,F,daniel.smith928@email.com,Los Angeles,FL,Standard,135318,771,2021-06-02
2376,Michael,Rodriguez,51,M,michael.rodriguez34@email.com,Los Angeles,TX,Standard,129084,683,2023-04-15
2377,Elizabeth,Garcia,72,M,elizabeth.garcia25@email.com,Philadelphia,NY,Basic,152655,597,2021-11-02
2378,James,Smith,60,M,james.smith128@email.com,San Antonio,NC,Standard,93448,678,2023-12-12
2379,Jessica,Martinez,30,F,jessica.martinez568@email.com,Los Angeles,WA,Standard,178763,752,2021-10-14
2380,David,Anderson,56,M,david.anderson767@email.com,San Antonio,FL,Standard,53912,793,2022-07-12
2381,Nancy,Wilson,64,F,nancy.wilson289@email.com,Houston,PA,VIP,128021,767,2022-10-23
2382,Patricia,Rodriguez,38,F,patricia.rodriguez906@email.com,Los Angeles,CA,Standard,186193,669,2021-02-27
2383,Thomas,Smith,32,F,thomas.smith442@email.com,San Jose,PA,Basic,31639,782,2021-08-18
2384,Nancy,Garcia,37,M,nancy.garcia541@email.com,Austin,AZ,VIP,129546,822,2022-04-02
2385,Nancy,Rodriguez,49,F,nancy.rodriguez117@email.com,San Jose,CA,Standard,45074,792,2022-02-04
2386,Richard,Rodriguez,66,F,richard.rodriguez711@email.com,Phoenix,CA,Basic,72042,686,2023-09-13
2387,Joseph,Jones,24,F,joseph.jones795@email.com,San Antonio,FL,Standard,69243,741,2022-11-13
2388,Karen,Taylor,29,M,karen.taylor233@email.com,San Jose,NY,Premium,197500,774,2023-08-02
2389,Daniel,Johnson,58,M,daniel.johnson833@email.com,Austin,OH,Standard,69810,758,2022-05-10
2390,Linda,Jones,48,M,linda.jones85@email.com,Jacksonville,NC,Basic,42459,798,2022-01-06
2391,Karen,Brown,63,M,karen.brown526@email.com,Dallas,IL,Standard,94593,626,2021-08-23
2392,Patricia,Williams,32,M,patricia.williams865@email.com,Dallas,OH,Standard,88844,670,2023-06-01
2393,William,Anderson,36,F,william.anderson51@email.com,Phoenix,AZ,Basic,190414,648,2021-02-04
2394,Mary,Taylor,66,F,mary.taylor26@email.com,Houston,NC,VIP,191640,789,2023-07-07
2395,John,Johnson,73,M,john.johnson947@email.com,Phoenix,TX,Basic,183485,801,2023-07-08
2396,Nancy,Moore,63,F,nancy.moore928@email.com,San Antonio,TX,Basic,66942,818,2022-12-19
2397,David,Williams,61,M,david.williams33@email.com,Jacksonville,AZ,Standard,81680,801,2022-03-12
2398,Michael,Jones,35,M,michael.jones609@email.com,Chicago,TX,Premium,47456,743,2021-09-10
2399,Christopher,Jones,35,M,christopher.jones362@email.com,Phoenix,TX,Standard,168902,826,2022-06-02
2400,Joseph,Jones,71,M,joseph.jones478@email.com,San Diego,NC,Basic,31349,646,2022-05-13
2401,Nancy,Miller,45,F,nancy.miller633@email.com,Jacksonville,AZ,Basic,119363,687,2023-09-17
2402,Sarah,Williams,42,F,sarah.williams135@email.com,San Jose,WA,Premium,170621,557,2023-01-25
2403,Barbara,Davis,52,F,barbara.davis894@email.com,Austin,AZ,Standard,117653,782,2022-09-20
2404,Barbara,Thomas,50,F,barbara.thomas594@email.com,Austin,AZ,Basic,67788,822,2022-09-15
2405,Karen,Brown,52,F,karen.brown545@email.com,Jacksonville,TX,Standard,52290,589,2023-08-25
2406,Jennifer,Davis,54,F,jennifer.davis204@email.com,San Antonio,NY,Basic,178802,718,2023-06-02
2407,Daniel,Taylor,34,M,daniel.taylor453@email.com,San Antonio,WA,VIP,159531,600,2022-06-13
2408,Daniel,Williams,69,M,daniel.williams752@email.com,Los Angeles,PA,Basic,149565,583,2021-11-20
2409,Elizabeth,Garcia,48,M,elizabeth.garcia32@email.com,Los Angeles,OH,Standard,113445,793,2021-01-05
2410,Mary,Smith,57,M,mary.smith697@email.com,Los Angeles,PA,Standard,41056,646,2023-03-29
2411,David,Anderson,33,F,david.anderson120@email.com,San Diego,WA,Standard,80505,780,2023-08-01
2412,William,Jones,30,M,william.jones903@email.com,San Diego,PA,Standard,99743,741,2022-07-11
2413,Barbara,Davis,59,M,barbara.davis462@email.com,Houston,FL,Standard,113178,599,2023-02-20
2414,Linda,Miller,66,M,linda.miller781@email.com,Houston,IL,VIP,110561,759,2023-10-31
2415,Elizabeth,Brown,20,M,elizabeth.brown423@email.com,Chicago,FL,Basic,37283,822,2021-07-12
2416,Charles,Anderson,53,F,charles.anderson628@email.com,Philadelphia,TX,Standard,33605,846,2022-10-02
2417,Mary,Williams,73,M,mary.williams781@email.com,Los Angeles,CA,Standard,128973,774,2023-06-25
2418,Jessica,Moore,41,F,jessica.moore843@email.com,Phoenix,OH,Standard,56017,561,2023-12-31
2419,Joseph,Thomas,57,F,joseph.thomas887@email.com,Los Angeles,WA,Standard,54921,553,2021-02-16
2420,Karen,Moore,66,F,karen.moore825@email.com,San Jose,AZ,Standard,95974,830,2021-11-07
2421,Barbara,Brown,68,M,barbara.brown102@email.com,San Diego,PA,Basic,99341,781,2023-12-13
2422,Thomas,Taylor,42,M,thomas.taylor530@email.com,New York,IL,Standard,111560,619,2022-08-22
2423,Robert,Moore,59,M,robert.moore691@email.com,Jacksonville,TX,Basic,50072,728,2021-05-19
2424,Nancy,Moore,48,F,nancy.moore943@email.com,Los Angeles,AZ,Standard,144235,674,2021-03-06
2425,William,Jones,20,M,william.jones699@email.com,San Diego,CA,VIP,38452,810,2021-08-07
2426,Patricia,Brown,27,M,patricia.brown973@email.com,Austin,CA,Basic,93050,590,2021-08-31
2427,William,Anderson,74,F,william.anderson656@email.com,Austin,NC,Standard,113449,768,2022-11-07
2428,Michael,Moore,34,M,michael.moore486@email.com,New York,TX,Basic,159559,721,2021-02-13
2429,David,Williams,19,F,david.williams327@email.com,Phoenix,NY,Standard,126618,556,2022-03-17
2430,Karen,Jones,46,F,karen.jones694@email.com,Austin,NC,Standard,81407,744,2022-11-13
2431,Mary,Anderson,68,M,mary.anderson260@email.com,San Diego,NC,Standard,181335,576,2021-05-11
2432,Lisa,Williams,44,F,lisa.williams479@email.com,New York,NY,Premium,177999,569,2023-01-23
2433,William,Smith,52,F,william.smith173@email.com,New York,TX,Premium,147246,747,2022-09-23
2434,Nancy,Jones,36,F,nancy.jones603@email.com,San Diego,PA,Standard,162384,804,2023-10-19
2435,Daniel,Martinez,35,F,daniel.martinez553@email.com,New York,CA,Basic,187908,694,2022-11-15
2436,Barbara,Anderson,37,F,barbara.anderson156@email.com,Houston,IL,Standard,193545,810,2022-08-23
2437,Daniel,Anderson,54,M,daniel.anderson578@email.com,Philadelphia,CA,Standard,56190,651,2022-10-03
2438,Jessica,Anderson,33,M,jessica.anderson906@email.com,San Jose,PA,VIP,146070,563,2022-08-02
2439,Jennifer,Wilson,29,F,jennifer.wilson35@email.com,Phoenix,FL,Basic,177782,717,2021-01-19
2440,Lisa,Taylor,48,F,lisa.taylor606@email.com,Los Angeles,IL,Basic,188825,778,2022-04-21
2441,William,Garcia,63,F,william.garcia263@email.com,New York,PA,Basic,101234,653,2021-12-20
2442,Patricia,Smith,74,F,patricia.smith531@email.com,Houston,AZ,Premium,173667,735,2022-12-18
2443,Robert,Moore,46,M,robert.moore354@email.com,Dallas,AZ,Basic,117649,837,2021-04-30
2444,David,Wilson,38,F,david.wilson477@email.com,San Diego,NC,Standard,191856,777,2022-11-06
2445,Sarah,Miller,46,M,sarah.miller664@email.com,San Antonio,TX,Standard,172154,566,2022-06-28
2446,Nancy,Miller,68,M,nancy.miller4@email.com,Los Angeles,FL,Standard,175190,565,2023-08-01
2447,James,Johnson,36,M,james.johnson806@email.com,Los Angeles,AZ,Premium,60420,803,2023-11-30
2448,Daniel,Brown,22,M,daniel.brown146@email.com,Dallas,TX,Basic,104840,643,2023-04-18
2449,Patricia,Garcia,64,M,patricia.garcia725@email.com,Dallas,WA,Standard,137373,604,2021-05-08
2450,Thomas,Wilson,70,M,thomas.wilson640@email.com,Phoenix,CA,Premium,73667,562,2023-10-04
2451,Sarah,Williams,45,M,sarah.williams91@email.com,San Antonio,CA,Standard,155147,805,2021-01-23
2452,Daniel,Johnson,64,M,daniel.johnson277@email.com,San Diego,NY,Standard,127278,684,2021-03-16
2453,William,Williams,61,M,william.williams122@email.com,Philadelphia,PA,Premium,76310,765,2022-11-28
2454,Karen,Anderson,64,F,karen.anderson824@email.com,San Diego,FL,Basic,185926,730,2021-04-17
2455,Sarah,Wilson,18,M,sarah.wilson394@email.com,New York,AZ,Standard,41355,732,2023-07-13
2456,Richard,Davis,47,M,richard.davis786@email.com,New York,AZ,Standard,138781,720,2023-04-21
2457,Linda,Johnson,43,M,linda.johnson970@email.com,Houston,CA,Basic,140254,744,2023-06-28
2458,Barbara,Moore,36,F,barbara.moore555@email.com,Los Angeles,AZ,Basic,50117,652,2023-07-19
2459,Sarah,Brown,74,F,sarah.brown527@email.com,New York,TX,Standard,121281,579,2023-05-24
2460,Patricia,Davis,69,F,patricia.davis845@email.com,Phoenix,PA,Basic,30076,680,2021-09-28
2461,Nancy,Thomas,18,F,nancy.thomas744@email.com,Philadelphia,AZ,Premium,51763,635,2022-03-07
2462,Susan,Anderson,41,M,susan.anderson81@email.com,Phoenix,AZ,VIP,112598,721,2021-09-03
2463,Jessica,Anderson,54,M,jessica.anderson896@email.com,San Diego,CA,VIP,49263,769,2023-12-18
2464,Robert,Johnson,30,M,robert.johnson703@email.com,Phoenix,NY,Standard,79970,680,2022-02-07
2465,Sarah,Miller,20,M,sarah.miller695@email.com,Dallas,FL,Basic,34330,772,2023-10-29
2466,Mary,Johnson,73,M,mary.johnson930@email.com,Chicago,NC,Standard,128931,814,2023-01-29
2467,Linda,Rodriguez,32,F,linda.rodriguez629@email.com,Philadelphia,OH,Premium,126445,773,2021-08-03
2468,Lisa,Anderson,53,F,lisa.anderson272@email.com,San Diego,IL,Standard,144901,829,2021-02-26
2469,Sarah,Johnson,26,F,sarah.johnson951@email.com,San Diego,WA,Premium,91892,632,2021-08-23
2470,Mary,Brown,21,F,mary.brown595@email.com,Phoenix,FL,Premium,140171,807,2021-05-21
2471,John,Miller,62,M,john.miller455@email.com,San Diego,FL,VIP,100207,618,2021-05-04
2472,Daniel,Brown,33,F,daniel.brown315@email.com,Philadelphia,FL,Standard,88488,832,2021-01-22
2473,James,Anderson,62,M,james.anderson985@email.com,Austin,AZ,Basic,30455,667,2021-05-27
2474,Jennifer,Martinez,36,M,jennifer.martinez614@email.com,Dallas,NY,Basic,113286,622,2023-04-11
2475,Karen,Wilson,33,M,karen.wilson702@email.com,San Diego,FL,Premium,157941,622,2021-09-27
2476,Barbara,Taylor,41,M,barbara.taylor360@email.com,Houston,OH,Standard,82582,564,2023-03-10
2477,Daniel,Wilson,59,M,daniel.wilson719@email.com,Austin,OH,Premium,130393,663,2021-07-27
2478,Lisa,Johnson,50,F,lisa.johnson342@email.com,San Jose,WA,Premium,49538,686,2022-01-06
2479,Joseph,Jones,74,M,joseph.jones527@email.com,Dallas,WA,Standard,32983,695,2021-03-08
2480,Michael,Williams,46,M,michael.williams829@email.com,Los Angeles,NY,Standard,94710,845,2023-03-12
2481,Elizabeth,Thomas,42,F,elizabeth.thomas329@email.com,Houston,FL,Basic,156318,601,2023-08-07
2482,Sarah,Rodriguez,30,F,sarah.rodriguez126@email.com,Philadelphia,PA,Basic,171072,556,2021-02-17
2483,Linda,Garcia,31,F,linda.garcia549@email.com,San Diego,WA,Standard,64122,756,2021-03-06
2484,Daniel,Davis,60,F,daniel.davis745@email.com,San Antonio,AZ,Basic,60909,764,2023-11-01
2485,David,Garcia,68,M,david.garcia504@email.com,Phoenix,CA,Premium,70917,615,2021-10-04
2486,Robert,Johnson,56,F,robert.johnson195@email.com,San Jose,AZ,Basic,102207,635,2021-09-28
2487,Christopher,Miller,58,M,christopher.miller503@email.com,Chicago,NY,VIP,103369,768,2023-12-29
2488,David,Taylor,43,F,david.taylor350@email.com,Dallas,NC,Standard,156543,666,2022-06-25
2489,Charles,Williams,53,F,charles.williams252@email.com,Chicago,PA,Standard,190799,769,2023-10-09
2490,Charles,Smith,23,M,charles.smith983@email.com,San Antonio,IL,Standard,109288,790,2021-12-31
2491,Joseph,Rodriguez,54,M,joseph.rodriguez605@email.com,Austin,IL,Standard,137586,641,2021-12-18
2492,James,Moore,69,M,james.moore27@email.com,Jacksonville,NY,Premium,124835,809,2023-07-06
2493,Susan,Johnson,65,F,susan.johnson442@email.com,San Diego,NY,Premium,87677,586,2023-09-21
2494,Daniel,Smith,43,M,daniel.smith312@email.com,San Antonio,PA,Standard,95989,822,2021-01-27
2495,Michael,Williams,47,M,michael.williams942@email.com,Austin,AZ,Basic,31553,712,2021-04-06
2496,Jessica,Miller,69,F,jessica.miller687@email.com,San Diego,NC,Standard,85512,808,2023-07-17
2497,Joseph,Smith,65,F,joseph.smith909@email.com,New York,OH,Basic,45197,569,2022-12-30
2498,David,Jones,31,F,david.jones91@email.com,San Jose,TX,VIP,63511,577,2021-12-16
2499,William,Johnson,43,M,william.johnson294@email.com,Los Angeles,FL,Premium,75614,652,2022-03-01
2500,David,Garcia,53,F,david.garcia602@email.com,Phoenix,AZ,Premium,189395,715,2021-05-29
2501,James,Brown,35,F,james.brown581@email.com,Los Angeles,IL,Standard,180957,705,2023-04-24
2502,Elizabeth,Miller,25,F,elizabeth.miller378@email.com,Phoenix,WA,Standard,85399,779,2022-02-09
2503,Richard,Jones,64,M,richard.jones716@email.com,Chicago,TX,Basic,132984,752,2022-02-07
2504,Christopher,Davis,68,M,christopher.davis326@email.com,Philadelphia,PA,Standard,159334,648,2023-02-28
2505,David,Anderson,74,F,david.anderson297@email.com,Los Angeles,NY,Premium,102562,779,2022-04-22
2506,Joseph,Brown,57,M,joseph.brown534@email.com,Dallas,IL,Standard,194850,661,2022-01-01
2507,Jessica,Smith,52,M,jessica.smith724@email.com,Austin,PA,Standard,130872,616,2021-03-21
2508,William,Williams,70,F,william.williams853@email.com,Chicago,OH,Premium,195850,551,2022-11-25
2509,William,Martinez,19,M,william.martinez366@email.com,Dallas,CA,Basic,136139,567,2021-02-08
2510,Linda,Moore,25,F,linda.moore964@email.com,San Antonio,TX,Basic,129480,637,2021-04-30
2511,Michael,Taylor,57,M,michael.taylor204@email.com,San Diego,CA,Standard,195852,621,2022-03-28
2512,Susan,Garcia,64,F,susan.garcia644@email.com,Dallas,OH,Premium,35555,843,2022-03-27
2513,Elizabeth,Rodriguez,63,M,elizabeth.rodriguez121@email.com,San Jose,OH,Premium,181704,669,2023-10-04
2514,James,Jones,50,F,james.jones251@email.com,Dallas,AZ,Premium,92155,833,2022-03-16
2515,Karen,Miller,55,F,karen.miller746@email.com,Austin,WA,Premium,190487,738,2023-07-22
2516,Charles,Martinez,65,M,charles.martinez690@email.com,San Diego,WA,Basic,167229,570,2021-01-13
2517,David,Miller,23,F,david.miller564@email.com,San Diego,FL,Standard,165966,719,2021-04-09
2518,Christopher,Wilson,29,M,christopher.wilson156@email.com,San Jose,PA,Basic,36632,749,2021-01-01
2519,David,Martinez,37,F,david.martinez465@email.com,Los Angeles,WA,Premium,119683,841,2021-04-25
2520,Lisa,Anderson,26,M,lisa.anderson835@email.com,Dallas,NC,Standard,112233,672,2022-09-18
2521,John,Williams,56,F,john.williams821@email.com,Phoenix,NC,Basic,192221,757,2023-08-14
2522,Patricia,Smith,52,F,patricia.smith72@email.com,San Diego,FL,Standard,81861,837,2021-12-07
2523,Nancy,Williams,69,M,nancy.williams324@email.com,Philadelphia,NC,Standard,168273,790,2022-03-25
2524,Linda,Smith,73,M,linda.smith341@email.com,San Jose,TX,VIP,44410,591,2023-09-22
2525,Richard,Jones,24,F,richard.jones807@email.com,San Antonio,NC,Basic,62343,805,2023-05-11
2526,Mary,Johnson,64,M,mary.johnson378@email.com,San Jose,OH,Standard,139915,840,2023-01-27
2527,Thomas,Wilson,24,M,thomas.wilson715@email.com,Jacksonville,CA,Premium,132594,775,2022-11-05
2528,John,Taylor,50,F,john.taylor845@email.com,Los Angeles,NC,Standard,102104,844,2022-02-28
2529,Robert,Taylor,25,M,robert.taylor381@email.com,San Jose,WA,Standard,33802,743,2022-11-21
2530,James,Johnson,20,M,james.johnson48@email.com,Dallas,IL,Standard,69572,664,2023-10-29
2531,Patricia,Martinez,18,F,patricia.martinez385@email.com,San Jose,WA,Basic,154217,813,2021-10-26
2532,Lisa,Martinez,29,F,lisa.martinez43@email.com,Austin,NC,Premium,79062,593,2024-01-01
2533,Karen,Moore,64,M,karen.moore516@email.com,San Diego,TX,Standard,53926,600,2023-02-28
2534,Elizabeth,Brown,59,F,elizabeth.brown253@email.com,Phoenix,OH,Basic,40773,702,2021-04-23
2535,Jennifer,Thomas,26,M,jennifer.thomas335@email.com,Phoenix,NC,Basic,172470,647,2023-05-23
2536,James,Johnson,47,F,james.johnson102@email.com,Dallas,NY,VIP,96739,721,2022-05-16
2537,Daniel,Jones,40,M,daniel.jones564@email.com,San Diego,TX,Standard,170655,667,2023-03-17
2538,Mary,Taylor,67,F,mary.taylor258@email.com,Phoenix,NC,Standard,178186,839,2022-08-15
2539,Lisa,Garcia,24,M,lisa.garcia973@email.com,New York,CA,Standard,125816,795,2022-05-13
2540,Robert,Moore,73,M,robert.moore846@email.com,San Diego,PA,Premium,102219,696,2023-02-15
2541,Nancy,Anderson,18,M,nancy.anderson812@email.com,Houston,AZ,Standard,151834,726,2023-08-10
2542,John,Thomas,37,F,john.thomas198@email.com,Philadelphia,FL,Basic,163211,705,2023-04-09
2543,Barbara,Miller,68,F,barbara.miller319@email.com,Phoenix,AZ,Standard,51151,703,2021-01-29
2544,Lisa,Smith,35,M,lisa.smith417@email.com,Houston,IL,Standard,185068,808,2023-01-02
2545,Barbara,Anderson,64,F,barbara.anderson340@email.com,Austin,FL,Standard,49010,610,2023-09-28
2546,David,Smith,49,F,david.smith456@email.com,San Jose,CA,Standard,175011,580,2022-01-15
2547,Sarah,Rodriguez,49,M,sarah.rodriguez368@email.com,Chicago,NY,Basic,122216,571,2021-10-02
2548,Karen,Brown,64,M,karen.brown819@email.com,San Diego,CA,Standard,171488,589,2021-06-29
2549,Michael,Davis,48,M,michael.davis793@email.com,New York,TX,Premium,32773,581,2022-02-10
2550,Karen,Rodriguez,41,M,karen.rodriguez98@email.com,Houston,NY,Basic,107167,570,2021-02-28
2551,Christopher,Garcia,63,F,christopher.garcia833@email.com,Houston,NY,Basic,54242,665,2021-02-15
2552,John,Williams,68,M,john.williams179@email.com,San Antonio,NC,VIP,119119,680,2022-11-21
2553,William,Thomas,29,F,william.thomas802@email.com,San Antonio,NC,Basic,198789,800,2023-02-27
2554,Charles,Moore,34,M,charles.moore12@email.com,Austin,WA,Basic,93732,576,2021-12-29
2555,Joseph,Moore,25,F,joseph.moore692@email.com,Los Angeles,IL,Standard,144475,727,2022-10-06
2556,Thomas,Miller,52,F,thomas.miller611@email.com,Los Angeles,CA,Basic,49949,554,2021-11-22
2557,Sarah,Johnson,69,M,sarah.johnson75@email.com,Austin,AZ,Standard,146215,721,2022-06-08
2558,Michael,Moore,37,M,michael.moore815@email.com,Houston,WA,Standard,43274,738,2023-04-22
2559,John,Martinez,60,F,john.martinez922@email.com,Houston,AZ,Premium,109158,743,2021-09-03
2560,Susan,Smith,70,M,susan.smith231@email.com,Chicago,CA,VIP,80378,754,2022-02-18
2561,James,Moore,25,F,james.moore551@email.com,Chicago,FL,Standard,86041,741,2021-07-01
2562,Thomas,Wilson,49,M,thomas.wilson218@email.com,San Antonio,NY,Standard,199982,570,2022-06-18
2563,Elizabeth,Jones,48,M,elizabeth.jones132@email.com,San Jose,CA,Basic,98226,827,2022-05-27
2564,John,Moore,54,M,john.moore48@email.com,New York,NY,Basic,31422,651,2022-10-21
2565,Richard,Martinez,35,M,richard.martinez358@email.com,Austin,IL,Premium,132605,624,2023-11-25
2566,John,Anderson,31,F,john.anderson326@email.com,San Diego,NY,Basic,155924,740,2022-10-23
2567,Karen,Martinez,39,F,karen.martinez24@email.com,San Diego,NC,VIP,156124,769,2023-11-10
2568,James,Brown,49,M,james.brown989@email.com,Phoenix,WA,Basic,31679,587,2021-11-23
2569,Robert,Williams,61,F,robert.williams92@email.com,Jacksonville,AZ,Standard,57658,817,2022-04-09
2570,Robert,Smith,38,F,robert.smith432@email.com,Chicago,OH,Basic,143202,563,2021-10-10
2571,Jessica,Taylor,67,M,jessica.taylor900@email.com,Austin,FL,Standard,36343,838,2021-02-16
2572,Nancy,Miller,43,M,nancy.miller342@email.com,Houston,IL,Basic,149869,623,2023-07-19
2573,Lisa,Thomas,19,F,lisa.thomas83@email.com,Austin,TX,Premium,156987,630,2023-11-10
2574,David,Wilson,32,M,david.wilson565@email.com,Austin,WA,Basic,135419,842,2021-02-07
2575,Charles,Miller,70,F,charles.miller698@email.com,Austin,TX,Premium,92576,632,2023-03-14
2576,Michael,Rodriguez,19,M,michael.rodriguez309@email.com,San Diego,CA,Basic,162571,679,2021-08-11
2577,Sarah,Wilson,22,F,sarah.wilson171@email.com,San Antonio,WA,Standard,161143,630,2021-11-25
2578,Joseph,Thomas,23,F,joseph.thomas358@email.com,Chicago,CA,Standard,86548,829,2023-11-07
2579,Jennifer,Garcia,67,M,jennifer.garcia246@email.com,Chicago,OH,Basic,40691,556,2022-03-04
2580,Charles,Anderson,19,M,charles.anderson577@email.com,San Diego,AZ,Premium,184054,587,2023-07-16
2581,Joseph,Davis,30,M,joseph.davis281@email.com,Los Angeles,OH,Premium,150386,630,2023-11-06
2582,Lisa,Davis,58,M,lisa.davis236@email.com,Houston,NY,Standard,65741,709,2022-05-14
2583,Patricia,Brown,60,F,patricia.brown577@email.com,Chicago,PA,Standard,149695,817,2023-12-12
2584,Thomas,Anderson,67,M,thomas.anderson961@email.com,Los Angeles,PA,Basic,64257,631,2021-02-04
2585,Charles,Jones,69,M,charles.jones434@email.com,Philadelphia,TX,Standard,127209,637,2021-05-15
2586,Michael,Williams,30,F,michael.williams224@email.com,Houston,PA,Basic,152731,803,2022-03-21
2587,Nancy,Moore,70,M,nancy.moore721@email.com,Dallas,NY,Basic,93615,561,2022-08-11
2588,Barbara,Anderson,58,M,barbara.anderson506@email.com,San Antonio,TX,Standard,86341,754,2023-09-07
2589,Sarah,Martinez,24,F,sarah.martinez818@email.com,Chicago,OH,Basic,112357,555,2023-10-16
2590,Daniel,Miller,57,M,daniel.miller988@email.com,Philadelphia,FL,Standard,157564,656,2021-11-10
2591,Sarah,Jones,37,F,sarah.jones62@email.com,Houston,OH,VIP,112262,794,2021-11-16
2592,John,Garcia,36,F,john.garcia570@email.com,Jacksonville,NC,Basic,110411,723,2021-01-07
2593,Karen,Johnson,74,M,karen.johnson169@email.com,Chicago,NY,Standard,185889,751,2021-11-22
2594,Robert,Rodriguez,31,M,robert.rodriguez781@email.com,Austin,WA,Basic,42215,565,2023-03-07
2595,Patricia,Garcia,46,F,patricia.garcia685@email.com,Los Angeles,FL,Standard,78207,638,2021-06-11
2596,Elizabeth,Rodriguez,51,F,elizabeth.rodriguez877@email.com,Phoenix,FL,Standard,108289,636,2023-10-23
2597,Christopher,Wilson,39,F,christopher.wilson270@email.com,San Diego,FL,Standard,198602,751,2023-12-01
2598,Nancy,Smith,74,M,nancy.smith327@email.com,Los Angeles,WA,Standard,79320,641,2021-05-02
2599,Robert,Wilson,22,F,robert.wilson755@email.com,Chicago,NY,Standard,81024,619,2023-08-03
2600,Jennifer,Taylor,33,F,jennifer.taylor330@email.com,Jacksonville,TX,Basic,34844,738,2021-05-18
2601,James,Miller,39,F,james.miller635@email.com,Philadelphia,AZ,Basic,118346,797,2021-01-07
2602,Robert,Moore,54,M,robert.moore731@email.com,Houston,PA,Basic,37958,651,2022-12-26
2603,Christopher,Moore,48,F,christopher.moore78@email.com,Los Angeles,IL,Premium,117641,632,2021-01-02
2604,Jennifer,Johnson,18,M,jennifer.johnson418@email.com,New York,NY,Premium,79689,640,2022-07-20
2605,Christopher,Williams,28,M,christopher.williams713@email.com,San Antonio,NC,Standard,171802,720,2023-10-31
2606,Barbara,Rodriguez,41,M,barbara.rodriguez745@email.com,San Diego,OH,Standard,90912,575,2023-12-11
2607,Sarah,Smith,61,F,sarah.smith503@email.com,Chicago,IL,Standard,185258,742,2022-03-30
2608,Sarah,Miller,70,F,sarah.miller725@email.com,Houston,PA,Standard,115413,713,2023-09-01
2609,James,Miller,22,F,james.miller598@email.com,Phoenix,NY,Basic,75772,649,2022-12-11
2610,William,Thomas,43,M,william.thomas829@email.com,Jacksonville,NY,Basic,50334,653,2022-12-09
2611,Charles,Martinez,69,M,charles.martinez381@email.com,New York,IL,VIP,59907,754,2023-02-16
2612,Elizabeth,Williams,20,F,elizabeth.williams275@email.com,Austin,CA,Premium,159649,681,2022-09-07
2613,Karen,Davis,52,F,karen.davis418@email.com,New York,NC,Basic,137853,609,2023-07-03
2614,Michael,Johnson,58,F,michael.johnson403@email.com,Chicago,AZ,Standard,183208,728,2023-02-23
2615,Lisa,Smith,27,M,lisa.smith960@email.com,San Antonio,WA,Basic,178396,649,2023-07-08
2616,Michael,Taylor,40,F,michael.taylor756@email.com,Houston,FL,Premium,178893,673,2022-03-01
2617,Jennifer,Garcia,24,F,jennifer.garcia275@email.com,San Jose,WA,Basic,83435,568,2023-07-09
2618,Sarah,Taylor,35,M,sarah.taylor918@email.com,San Antonio,AZ,Standard,139249,646,2023-06-26
2619,Linda,Rodriguez,57,F,linda.rodriguez61@email.com,Phoenix,FL,Basic,109839,811,2022-02-05
2620,Sarah,Johnson,36,M,sarah.johnson803@email.com,Houston,AZ,Premium,67165,597,2023-09-04
2621,Jessica,Johnson,64,M,jessica.johnson923@email.com,Chicago,CA,Standard,86324,583,2023-12-24
2622,Charles,Brown,23,M,charles.brown547@email.com,Dallas,CA,Standard,33161,789,2023-12-25
2623,Joseph,Williams,18,F,joseph.williams368@email.com,Austin,NY,Standard,111363,629,2022-12-21
2624,Patricia,Smith,34,M,patricia.smith977@email.com,Chicago,FL,Standard,108211,805,2023-07-26
2625,Barbara,Jones,31,M,barbara.jones873@email.com,Los Angeles,NY,Basic,72245,778,2022-06-09
2626,Richard,Thomas,53,F,richard.thomas448@email.com,Phoenix,CA,Standard,162174,585,2022-07-14
2627,Robert,Taylor,45,F,robert.taylor975@email.com,Austin,TX,Premium,137419,669,2022-07-04
2628,Lisa,Jones,44,F,lisa.jones145@email.com,Los Angeles,FL,VIP,62040,712,2023-08-03
2629,Charles,Smith,59,F,charles.smith353@email.com,Jacksonville,FL,Basic,82712,576,2023-11-21
2630,Robert,Thomas,49,M,robert.thomas360@email.com,Jacksonville,NY,Premium,91825,708,2023-04-12
2631,Sarah,Smith,60,F,sarah.smith985@email.com,San Jose,WA,Standard,61572,789,2023-11-24
2632,Patricia,Anderson,22,M,patricia.anderson722@email.com,Philadelphia,FL,Basic,186197,816,2022-02-15
2633,Sarah,Rodriguez,66,F,sarah.rodriguez934@email.com,San Jose,WA,Basic,116273,598,2023-12-17
2634,Sarah,Martinez,44,F,sarah.martinez929@email.com,San Diego,OH,Standard,156667,634,2021-01-03
2635,Michael,Williams,49,M,michael.williams564@email.com,Austin,NC,Basic,180056,598,2023-04-02
2636,William,Jones,55,F,william.jones645@email.com,Dallas,NC,Standard,114211,775,2023-09-07
2637,Barbara,Williams,74,M,barbara.williams539@email.com,Houston,WA,Premium,57904,644,2021-12-04
2638,Nancy,Garcia,27,F,nancy.garcia479@email.com,San Jose,AZ,Basic,125061,695,2021-06-06
2639,Jessica,Anderson,55,F,jessica.anderson362@email.com,Philadelphia,PA,Standard,167053,638,2022-07-02
2640,William,Jones,21,F,william.jones590@email.com,San Diego,CA,Standard,167497,741,2021-11-09
2641,Robert,Garcia,53,F,robert.garcia682@email.com,Phoenix,NY,Standard,174568,843,2022-09-15
2642,Patricia,Smith,61,M,patricia.smith741@email.com,Chicago,NY,Premium,143862,570,2023-12-31
2643,David,Taylor,69,M,david.taylor243@email.com,Chicago,AZ,Standard,109968,838,2021-12-03
2644,Richard,Davis,40,F,richard.davis155@email.com,Phoenix,CA,Standard,89086,573,2021-04-16
2645,Susan,Moore,20,M,susan.moore824@email.com,San Diego,NY,Premium,106244,553,2023-11-28
2646,Joseph,Jones,46,F,joseph.jones680@email.com,Chicago,NY,Basic,103148,698,2023-06-17
2647,Michael,Brown,29,M,michael.brown726@email.com,Dallas,TX,Standard,90979,795,2021-02-19
2648,Jessica,Jones,31,F,jessica.jones855@email.com,Austin,FL,VIP,168402,596,2021-09-14
2649,Jennifer,Martinez,20,M,jennifer.martinez841@email.com,Chicago,TX,Standard,108332,837,2023-07-19
2650,Joseph,Moore,43,M,joseph.moore872@email.com,Dallas,WA,Basic,92430,572,2023-11-10
2651,Lisa,Garcia,41,F,lisa.garcia456@email.com,Los Angeles,AZ,Standard,194998,788,2023-01-26
2652,Mary,Rodriguez,47,F,mary.rodriguez404@email.com,New York,PA,Standard,49198,623,2021-04-02
2653,Richard,Jones,45,M,richard.jones997@email.com,Philadelphia,NY,Standard,69395,735,2023-06-17
2654,Daniel,Jones,69,M,daniel.jones511@email.com,Chicago,CA,Basic,96337,805,2021-07-04
2655,Elizabeth,Martinez,51,M,elizabeth.martinez263@email.com,Phoenix,WA,VIP,33786,726,2023-05-06
2656,William,Miller,32,M,william.miller166@email.com,San Antonio,NC,VIP,61822,615,2023-03-23
2657,Linda,Williams,63,M,linda.williams942@email.com,Jacksonville,AZ,Standard,190189,729,2021-12-06
2658,Nancy,Davis,60,F,nancy.davis164@email.com,Jacksonville,OH,Standard,60498,779,2023-06-28
2659,Michael,Anderson,25,F,michael.anderson929@email.com,Houston,WA,Premium,150999,753,2023-06-10
2660,Richard,Brown,70,M,richard.brown925@email.com,San Diego,CA,Premium,155629,569,2023-12-12
2661,Richard,Moore,66,M,richard.moore705@email.com,San Antonio,NY,Basic,45725,827,2023-07-16
2662,Susan,Davis,37,F,susan.davis526@email.com,Dallas,TX,VIP,92609,640,2022-10-18
2663,Mary,Miller,45,M,mary.miller491@email.com,Philadelphia,TX,Basic,53967,682,2023-08-17
2664,Richard,Jones,44,F,richard.jones478@email.com,Dallas,AZ,Basic,37658,556,2023-09-28
2665,Sarah,Martinez,52,M,sarah.martinez452@email.com,Chicago,IL,Standard,80156,624,2022-04-27
2666,David,Moore,70,M,david.moore801@email.com,San Diego,OH,Standard,126712,700,2023-03-22
2667,Sarah,Jones,28,M,sarah.jones422@email.com,San Antonio,TX,Basic,73817,636,2023-04-14
2668,Nancy,Williams,41,M,nancy.williams221@email.com,Austin,CA,Basic,160351,836,2022-10-13
2669,Robert,Williams,30,M,robert.williams709@email.com,San Diego,AZ,Standard,87519,556,2021-03-05
2670,Susan,Moore,67,M,susan.moore308@email.com,San Jose,AZ,Basic,175088,781,2021-11-10
2671,Nancy,Rodriguez,60,F,nancy.rodriguez772@email.com,Philadelphia,NY,Basic,31598,795,2021-02-25
2672,Charles,Williams,39,M,charles.williams243@email.com,Chicago,TX,Premium,161199,607,2023-02-10
2673,William,Garcia,46,M,william.garcia638@email.com,San Jose,PA,Premium,82926,582,2023-05-28
2674,Patricia,Garcia,53,F,patricia.garcia810@email.com,Jacksonville,PA,Basic,134481,598,2021-09-28
2675,Michael,Anderson,38,F,michael.anderson170@email.com,New York,NY,Standard,90189,782,2023-11-30
2676,James,Thomas,66,F,james.thomas615@email.com,Philadelphia,NC,Basic,166284,556,2021-06-07
2677,Robert,Moore,34,M,robert.moore992@email.com,Jacksonville,WA,Standard,139747,727,2022-05-30
2678,Linda,Taylor,29,M,linda.taylor601@email.com,Los Angeles,NC,Basic,195993,683,2022-03-17
2679,David,Johnson,22,F,david.johnson300@email.com,Jacksonville,TX,Basic,171404,691,2021-08-07
2680,Joseph,Johnson,42,M,joseph.johnson174@email.com,Austin,TX,Premium,180960,577,2021-12-05
2681,Sarah,Johnson,70,F,sarah.johnson459@email.com,San Antonio,WA,Premium,60500,637,2023-08-13
2682,Joseph,Miller,31,F,joseph.miller230@email.com,Houston,NC,Standard,148957,593,2021-07-02
2683,Karen,Thomas,43,M,karen.thomas198@email.com,Dallas,IL,Standard,152913,582,2022-07-31
2684,Sarah,Miller,55,M,sarah.miller139@email.com,New York,IL,Basic,88309,562,2022-12-19
2685,Joseph,Rodriguez,71,M,joseph.rodriguez250@email.com,San Antonio,NY,Standard,142192,812,2023-07-10
2686,Jessica,Miller,49,M,jessica.miller374@email.com,Philadelphia,TX,Standard,77219,573,2021-02-26
2687,Susan,Johnson,62,M,susan.johnson769@email.com,San Diego,PA,Basic,102676,653,2023-10-16
2688,Charles,Martinez,20,F,charles.martinez147@email.com,Jacksonville,WA,VIP,193521,644,2021-05-05
2689,Thomas,Garcia,32,F,thomas.garcia764@email.com,San Antonio,CA,Standard,158589,622,2022-09-12
2690,Mary,Miller,22,M,mary.miller153@email.com,San Diego,NY,Premium,113946,552,2021-11-30
2691,Daniel,Taylor,72,F,daniel.taylor475@email.com,New York,TX,Basic,101084,677,2022-12-15
2692,Patricia,Williams,35,F,patricia.williams601@email.com,Houston,TX,Basic,60024,669,2023-01-18
2693,Susan,Garcia,53,M,susan.garcia565@email.com,Houston,PA,Basic,124179,733,2023-04-10
2694,Karen,Johnson,34,F,karen.johnson438@email.com,Jacksonville,IL,Standard,43644,640,2021-11-10
2695,Richard,Anderson,74,M,richard.anderson233@email.com,New York,AZ,Premium,79817,719,2023-04-01
2696,Lisa,Miller,54,F,lisa.miller170@email.com,Dallas,IL,Standard,48467,701,2021-10-08
2697,Thomas,Davis,18,M,thomas.davis212@email.com,Houston,CA,VIP,47765,641,2023-08-05
2698,Sarah,Brown,66,F,sarah.brown209@email.com,Philadelphia,CA,Standard,89921,774,2023-06-02
2699,Charles,Anderson,33,M,charles.anderson123@email.com,San Jose,AZ,Standard,160559,655,2023-12-09
2700,Sarah,Davis,37,F,sarah.davis851@email.com,New York,FL,Basic,130359,586,2021-06-14
2701,Susan,Martinez,74,M,susan.martinez949@email.com,San Antonio,TX,Basic,191658,837,2021-12-29
2702,William,Moore,52,F,william.moore228@email.com,New York,NC,Basic,184500,673,2022-11-08
2703,Michael,Wilson,30,F,michael.wilson117@email.com,Houston,NY,Standard,66056,631,2022-12-30
2704,Daniel,Jones,24,F,daniel.jones506@email.com,Austin,AZ,Standard,190643,775,2021-08-29
2705,Jessica,Rodriguez,58,F,jessica.rodriguez764@email.com,Philadelphia,IL,Basic,62347,738,2022-05-06
2706,Christopher,Moore,69,F,christopher.moore400@email.com,Los Angeles,FL,Standard,48826,836,2023-01-12
2707,Lisa,Smith,29,F,lisa.smith52@email.com,San Diego,IL,Standard,170768,749,2021-06-07
2708,Sarah,Wilson,63,M,sarah.wilson437@email.com,Philadelphia,PA,VIP,185933,760,2022-05-30
2709,Daniel,Smith,32,M,daniel.smith855@email.com,Phoenix,NY,Premium,199188,730,2023-10-11
2710,Patricia,Brown,35,F,patricia.brown434@email.com,Austin,FL,Premium,146522,805,2023-04-14
2711,Robert,Smith,43,F,robert.smith10@email.com,New York,IL,Basic,142461,792,2023-12-12
2712,Robert,Miller,36,F,robert.miller168@email.com,Chicago,WA,Premium,64844,630,2021-04-11
2713,Sarah,Brown,35,M,sarah.brown33@email.com,Jacksonville,FL,Standard,55977,632,2021-09-16
2714,David,Miller,43,M,david.miller316@email.com,Austin,NC,Standard,94567,777,2023-06-02
2715,Robert,Anderson,32,F,robert.anderson425@email.com,Dallas,TX,Premium,118948,656,2022-04-10
2716,David,Moore,26,M,david.moore43@email.com,Jacksonville,FL,Basic,83863,710,2024-01-01
2717,Nancy,Garcia,44,F,nancy.garcia772@email.com,San Antonio,TX,Standard,153214,584,2022-02-27
2718,Thomas,Taylor,61,F,thomas.taylor865@email.com,Austin,AZ,Basic,37645,565,2022-12-27
2719,Jessica,Taylor,19,F,jessica.taylor199@email.com,Jacksonville,NC,Standard,90608,790,2023-03-18
2720,Richard,Jones,25,M,richard.jones913@email.com,San Antonio,IL,Standard,99925,794,2021-03-03
2721,Barbara,Anderson,35,M,barbara.anderson488@email.com,Houston,IL,Premium,67415,745,2021-03-11
2722,Jessica,Taylor,48,F,jessica.taylor565@email.com,Jacksonville,PA,VIP,166073,559,2023-02-02
2723,Richard,Miller,19,F,richard.miller642@email.com,Chicago,PA,Standard,147732,745,2021-07-12
2724,Jessica,Wilson,38,M,jessica.wilson289@email.com,Philadelphia,NY,Standard,108904,822,2022-07-05
2725,Karen,Johnson,61,M,karen.johnson210@email.com,Jacksonville,FL,VIP,120082,590,2023-02-23
2726,Jennifer,Moore,20,F,jennifer.moore308@email.com,Chicago,IL,Basic,62666,738,2022-03-25
2727,Robert,Wilson,34,F,robert.wilson167@email.com,New York,AZ,Basic,184652,742,2021-02-08
2728,Barbara,Rodriguez,38,M,barbara.rodriguez100@email.com,New York,NY,VIP,191759,781,2021-02-02
2729,John,Johnson,56,F,john.johnson783@email.com,San Antonio,AZ,Standard,132622,827,2023-02-22
2730,David,Rodriguez,55,F,david.rodriguez190@email.com,Chicago,OH,Standard,178743,815,2021-05-28
2731,Robert,Garcia,57,M,robert.garcia561@email.com,Los Angeles,AZ,Standard,191016,611,2021-02-02
2732,Michael,Moore,32,F,michael.moore490@email.com,New York,IL,Basic,70447,702,2021-02-18
2733,John,Martinez,72,F,john.martinez505@email.com,Phoenix,NY,Premium,104140,654,2023-07-31
2734,Robert,Jones,63,F,robert.jones360@email.com,Philadelphia,PA,Standard,70149,642,2021-10-18
2735,Linda,Thomas,45,M,linda.thomas121@email.com,Dallas,CA,VIP,47503,659,2021-09-21
2736,Richard,Miller,58,F,richard.miller2@email.com,San Antonio,IL,Basic,70285,782,2022-10-01
2737,William,Davis,34,M,william.davis433@email.com,Austin,NC,Basic,96456,838,2022-02-08
2738,Robert,Wilson,45,M,robert.wilson188@email.com,San Antonio,CA,Standard,165652,646,2021-01-18
2739,Charles,Martinez,55,F,charles.martinez77@email.com,Chicago,NY,Standard,179023,660,2022-03-06
2740,Michael,Anderson,53,F,michael.anderson951@email.com,Dallas,IL,VIP,178518,842,2022-09-29
2741,Richard,Brown,54,F,richard.brown620@email.com,Los Angeles,NC,Standard,178704,807,2021-06-02
2742,Nancy,Anderson,63,M,nancy.anderson323@email.com,Phoenix,NY,Basic,56358,821,2021-11-17
2743,Thomas,Jones,70,F,thomas.jones956@email.com,Philadelphia,WA,Standard,96041,735,2023-09-30
2744,William,Smith,31,M,william.smith220@email.com,Jacksonville,AZ,Standard,35956,573,2021-02-10
2745,William,Davis,62,M,william.davis225@email.com,San Antonio,PA,Standard,32177,751,2023-05-05
2746,Robert,Johnson,55,F,robert.johnson936@email.com,Chicago,AZ,Standard,176001,793,2022-11-20
2747,Lisa,Wilson,69,M,lisa.wilson490@email.com,San Diego,TX,Standard,39086,813,2022-02-03
2748,Lisa,Anderson,50,F,lisa.anderson953@email.com,Philadelphia,OH,Standard,194457,718,2023-12-13
2749,Michael,Martinez,38,M,michael.martinez402@email.com,Philadelphia,CA,Standard,62714,720,2022-10-30
2750,Barbara,Davis,59,F,barbara.davis934@email.com,Houston,FL,Basic,91191,589,2021-12-08
2751,Thomas,Wilson,59,F,thomas.wilson288@email.com,Phoenix,WA,VIP,87348,817,2021-06-17
2752,Elizabeth,Garcia,66,F,elizabeth.garcia7@email.com,Houston,NC,Basic,93790,732,2021-10-29
2753,Michael,Anderson,59,M,michael.anderson810@email.com,Los Angeles,OH,Premium,188774,811,2023-12-24
2754,Jessica,Taylor,36,F,jessica.taylor922@email.com,Houston,IL,Basic,71302,603,2023-04-14
2755,Susan,Wilson,27,F,susan.wilson202@email.com,Houston,OH,Standard,199709,674,2021-02-20
2756,Mary,Johnson,30,F,mary.johnson586@email.com,Dallas,CA,Premium,196561,745,2022-08-22
2757,Richard,Davis,39,M,richard.davis502@email.com,Austin,NC,Basic,82189,736,2023-09-14
2758,Sarah,Wilson,63,M,sarah.wilson296@email.com,San Diego,AZ,Standard,179944,734,2022-10-22
2759,Susan,Rodriguez,69,F,susan.rodriguez928@email.com,Jacksonville,WA,Basic,117407,794,2022-08-21
2760,Charles,Jones,28,F,charles.jones197@email.com,Jacksonville,WA,VIP,71759,623,2021-10-15
2761,Barbara,Smith,27,M,barbara.smith150@email.com,Austin,IL,Premium,44252,566,2022-03-16
2762,Joseph,Martinez,39,F,joseph.martinez268@email.com,Dallas,PA,Basic,124739,779,2023-11-03
2763,John,Rodriguez,62,F,john.rodriguez258@email.com,Chicago,FL,Basic,100603,725,2021-01-26
2764,Karen,Johnson,22,M,karen.johnson790@email.com,Los Angeles,AZ,Standard,157763,563,2023-12-24
2765,David,Johnson,65,M,david.johnson478@email.com,Austin,OH,VIP,45516,568,2023-01-13
2766,Jessica,Moore,53,F,jessica.moore810@email.com,San Jose,IL,Basic,62226,696,2021-02-16
2767,Mary,Anderson,47,M,mary.anderson488@email.com,Houston,WA,Standard,197724,849,2022-03-05
2768,Robert,Wilson,21,M,robert.wilson77@email.com,Phoenix,IL,Basic,66978,835,2023-04-15
2769,Patricia,Taylor,28,F,patricia.taylor322@email.com,Jacksonville,NC,Standard,166631,766,2021-03-23
2770,Patricia,Moore,28,F,patricia.moore656@email.com,Austin,NY,Premium,164744,579,2021-05-30
2771,Elizabeth,Johnson,61,F,elizabeth.johnson789@email.com,Jacksonville,IL,Standard,69762,649,2021-01-07
2772,Susan,Anderson,50,F,susan.anderson757@email.com,San Antonio,AZ,Basic,131290,821,2023-05-20
2773,Karen,Smith,63,F,karen.smith183@email.com,Houston,WA,Standard,98326,678,2022-05-12
2774,Joseph,Wilson,45,M,joseph.wilson280@email.com,San Antonio,CA,Basic,123790,731,2022-02-16
2775,Susan,Davis,74,M,susan.davis232@email.com,San Jose,IL,Standard,41966,771,2023-03-07
2776,Joseph,Johnson,32,F,joseph.johnson853@email.com,New York,NY,Basic,107180,809,2021-02-14
2777,Richard,Garcia,43,M,richard.garcia153@email.com,San Antonio,NC,Standard,56805,577,2023-04-08
2778,Robert,Miller,45,M,robert.miller648@email.com,Houston,NY,Basic,39745,780,2021-02-11
2779,Joseph,Williams,38,M,joseph.williams400@email.com,New York,CA,Standard,174808,829,2023-02-19
2780,Sarah,Brown,58,M,sarah.brown123@email.com,Phoenix,FL,Standard,45746,788,2023-04-09
2781,Mary,Moore,45,F,mary.moore703@email.com,Phoenix,OH,Basic,48107,719,2023-05-04
2782,Joseph,Anderson,24,M,joseph.anderson349@email.com,Phoenix,OH,Standard,198831,775,2023-04-14
2783,Michael,Williams,63,M,michael.williams868@email.com,San Antonio,PA,Standard,68543,605,2022-07-01
2784,Michael,Rodriguez,68,M,michael.rodriguez33@email.com,San Antonio,TX,VIP,178570,761,2021-02-15
2785,William,Anderson,18,M,william.anderson576@email.com,San Antonio,PA,Standard,104629,795,2022-07-11
2786,Charles,Anderson,72,M,charles.anderson793@email.com,Jacksonville,WA,Standard,190229,782,2023-03-15
2787,Thomas,Johnson,35,F,thomas.johnson58@email.com,Chicago,IL,Premium,120667,707,2023-10-30
2788,David,Garcia,73,M,david.garcia539@email.com,San Antonio,WA,Standard,141698,791,2021-08-27
2789,James,Wilson,52,M,james.wilson91@email.com,Houston,OH,VIP,173649,736,2023-06-18
2790,Thomas,Miller,64,F,thomas.miller982@email.com,Austin,WA,Standard,140673,603,2021-07-11
2791,Richard,Miller,42,M,richard.miller10@email.com,San Antonio,NY,Standard,168870,743,2022-02-18
2792,Patricia,Miller,23,M,patricia.miller319@email.com,Phoenix,CA,Basic,34316,806,2022-06-19
2793,Daniel,Garcia,66,F,daniel.garcia1@email.com,Jacksonville,FL,Basic,148370,695,2023-11-30
2794,Karen,Johnson,21,M,karen.johnson572@email.com,New York,NC,Premium,122820,583,2022-10-18
2795,David,Williams,29,F,david.williams98@email.com,Houston,CA,Basic,119950,682,2022-08-04
2796,Michael,Rodriguez,29,F,michael.rodriguez855@email.com,New York,TX,Basic,106281,831,2022-09-12
2797,Robert,Martinez,22,F,robert.martinez805@email.com,San Antonio,PA,Basic,182224,694,2022-02-20
2798,Susan,Garcia,74,M,susan.garcia405@email.com,New York,IL,Standard,91857,733,2022-03-12
2799,David,Wilson,61,F,david.wilson2@email.com,Los Angeles,CA,Standard,182015,675,2023-04-08
2800,Karen,Jones,42,M,karen.jones489@email.com,Philadelphia,OH,Basic,76215,576,2021-07-08
2801,Sarah,Martinez,58,M,sarah.martinez429@email.com,Dallas,NC,Basic,153335,720,2021-07-15
2802,Linda,Garcia,66,M,linda.garcia111@email.com,San Antonio,NC,Basic,52227,683,2022-12-21
2803,Charles,Martinez,40,M,charles.martinez201@email.com,Dallas,IL,Basic,199147,648,2023-02-11
2804,Sarah,Miller,20,M,sarah.miller159@email.com,Jacksonville,TX,Basic,90593,715,2021-10-14
2805,Joseph,Brown,47,F,joseph.brown914@email.com,New York,PA,Standard,136747,560,2023-10-02
2806,Nancy,Garcia,57,M,nancy.garcia771@email.com,Houston,NC,Standard,188656,593,2023-09-30
2807,David,Garcia,19,F,david.garcia732@email.com,Austin,WA,Standard,160665,795,2023-09-21
2808,William,Garcia,27,F,william.garcia623@email.com,Jacksonville,AZ,Basic,111494,825,2023-05-12
2809,Linda,Jones,27,M,linda.jones874@email.com,New York,PA,Standard,44530,592,2022-07-28
2810,Elizabeth,Garcia,51,F,elizabeth.garcia87@email.com,Jacksonville,NC,Standard,87442,638,2023-02-11
2811,Lisa,Thomas,46,M,lisa.thomas720@email.com,Jacksonville,NC,Standard,39635,828,2023-05-26
2812,Robert,Jones,48,M,robert.jones849@email.com,Houston,IL,Standard,52767,825,2021-11-09
2813,Patricia,Jones,70,M,patricia.jones502@email.com,San Diego,FL,Standard,143487,611,2022-10-27
2814,Mary,Jones,37,F,mary.jones959@email.com,Austin,FL,Standard,138250,773,2021-07-27
2815,Elizabeth,Miller,74,F,elizabeth.miller42@email.com,Chicago,CA,Standard,191045,651,2022-03-05
2816,Daniel,Anderson,56,F,daniel.anderson290@email.com,Houston,NC,Standard,45409,768,2022-07-26
2817,Robert,Thomas,37,M,robert.thomas432@email.com,Los Angeles,OH,Basic,90678,709,2023-07-13
2818,Karen,Williams,52,F,karen.williams102@email.com,San Diego,WA,Basic,102089,734,2023-12-29
2819,Christopher,Davis,22,F,christopher.davis276@email.com,Phoenix,FL,Premium,110254,839,2023-09-11
2820,Barbara,Thomas,22,F,barbara.thomas374@email.com,Philadelphia,CA,Standard,141935,721,2023-12-15
2821,Elizabeth,Rodriguez,25,F,elizabeth.rodriguez535@email.com,San Jose,IL,Premium,143186,804,2023-03-15
2822,James,Smith,63,F,james.smith517@email.com,San Jose,AZ,Basic,66067,639,2022-02-01
2823,Patricia,Rodriguez,67,F,patricia.rodriguez419@email.com,San Jose,NY,Basic,137209,566,2023-05-21
2824,Christopher,Garcia,71,F,christopher.garcia264@email.com,Los Angeles,IL,Basic,33392,654,2022-02-13
2825,Daniel,Thomas,39,M,daniel.thomas269@email.com,New York,NY,VIP,40203,739,2022-05-05
2826,Michael,Smith,55,F,michael.smith302@email.com,Los Angeles,AZ,Standard,175326,697,2023-10-21
2827,William,Smith,56,F,william.smith518@email.com,Austin,CA,Standard,83171,741,2021-01-13
2828,Mary,Martinez,46,M,mary.martinez658@email.com,San Antonio,NC,Premium,39541,644,2022-08-15
2829,Lisa,Taylor,70,F,lisa.taylor731@email.com,Philadelphia,NY,Standard,158348,667,2022-10-03
2830,Linda,Taylor,41,M,linda.taylor549@email.com,Los Angeles,IL,Basic,37040,704,2023-01-12
2831,Charles,Johnson,64,M,charles.johnson867@email.com,Dallas,AZ,Standard,61018,820,2022-04-08
2832,Patricia,Garcia,37,F,patricia.garcia454@email.com,San Jose,NC,Basic,98897,755,2023-04-16
2833,Lisa,Rodriguez,52,F,lisa.rodriguez489@email.com,Phoenix,NC,Standard,165216,769,2021-02-20
2834,Linda,Thomas,48,F,linda.thomas171@email.com,San Antonio,NC,VIP,142940,795,2022-11-03
2835,Lisa,Garcia,49,F,lisa.garcia186@email.com,San Jose,NC,Standard,117864,732,2023-08-02
2836,Thomas,Anderson,72,M,thomas.anderson577@email.com,Philadelphia,IL,Standard,180809,550,2023-11-12
2837,David,Martinez,55,M,david.martinez539@email.com,Phoenix,OH,VIP,108497,795,2021-09-10
2838,Linda,Johnson,39,M,linda.johnson366@email.com,San Jose,NC,Standard,79867,615,2023-10-27
2839,William,Williams,55,M,william.williams19@email.com,San Jose,WA,Basic,111916,554,2022-11-19
2840,Thomas,Smith,54,M,thomas.smith17@email.com,San Jose,CA,Basic,81954,648,2021-06-10
2841,Jessica,Rodriguez,40,F,jessica.rodriguez609@email.com,Houston,TX,Standard,126733,800,2022-04-25
2842,Jessica,Moore,58,F,jessica.moore111@email.com,Austin,OH,Basic,121598,842,2023-09-16
2843,Richard,Garcia,35,F,richard.garcia468@email.com,Philadelphia,CA,Basic,143824,647,2022-11-29
2844,Susan,Garcia,32,F,susan.garcia703@email.com,Phoenix,TX,Standard,198311,716,2023-11-19
2845,Susan,Garcia,31,F,susan.garcia181@email.com,Austin,CA,Premium,177241,696,2022-03-08
2846,Patricia,Smith,55,F,patricia.smith254@email.com,San Antonio,NY,Premium,183858,561,2022-05-08
2847,Mary,Martinez,35,F,mary.martinez178@email.com,San Antonio,IL,Basic,31707,627,2022-11-17
2848,James,Davis,74,F,james.davis615@email.com,Philadelphia,NY,Basic,149951,829,2022-08-29
2849,Jennifer,Rodriguez,37,M,jennifer.rodriguez927@email.com,Houston,NY,Basic,42350,656,2021-03-12
2850,Michael,Moore,28,F,michael.moore842@email.com,Austin,IL,Premium,42694,770,2021-10-10
2851,Lisa,Miller,57,F,lisa.miller114@email.com,San Diego,CA,Standard,103496,809,2021-08-06
2852,Barbara,Johnson,61,F,barbara.johnson531@email.com,Chicago,OH,Basic,163404,710,2021-04-03
2853,David,Wilson,53,F,david.wilson64@email.com,Los Angeles,WA,Basic,197915,843,2022-10-17
2854,Jessica,Jones,48,F,jessica.jones552@email.com,Jacksonville,PA,Basic,192425,732,2021-05-07
2855,James,Rodriguez,71,M,james.rodriguez904@email.com,Chicago,NY,Premium,32080,559,2021-05-31
2856,Linda,Rodriguez,39,F,linda.rodriguez100@email.com,Chicago,AZ,Basic,111919,817,2021-08-03
2857,Linda,Moore,65,M,linda.moore319@email.com,Austin,AZ,VIP,176063,666,2023-08-08
2858,Elizabeth,Martinez,69,M,elizabeth.martinez155@email.com,Los Angeles,NY,Basic,141569,813,2023-12-05
2859,Mary,Moore,29,M,mary.moore890@email.com,Austin,CA,Basic,185412,639,2023-05-07
2860,Sarah,Rodriguez,54,F,sarah.rodriguez9@email.com,Los Angeles,IL,VIP,174416,762,2022-11-22
2861,James,Johnson,36,F,james.johnson669@email.com,San Jose,FL,Standard,88726,781,2021-09-10
2862,Daniel,Brown,26,M,daniel.brown209@email.com,Phoenix,OH,Standard,133369,840,2022-11-07
2863,Robert,Martinez,49,M,robert.martinez845@email.com,Austin,NY,Premium,139569,708,2021-08-02
2864,Christopher,Brown,40,M,christopher.brown957@email.com,San Diego,PA,Standard,172746,806,2021-06-01
2865,Jennifer,Miller,60,F,jennifer.miller756@email.com,Austin,PA,Basic,123810,760,2023-09-19
2866,Christopher,Moore,37,M,christopher.moore77@email.com,San Diego,TX,Standard,82665,849,2021-11-07
2867,Charles,Miller,58,M,charles.miller228@email.com,Chicago,CA,VIP,190720,702,2022-07-05
2868,Susan,Anderson,23,M,susan.anderson275@email.com,New York,IL,Standard,103096,601,2022-08-12
2869,Patricia,Garcia,67,F,patricia.garcia159@email.com,New York,IL,Basic,157640,629,2021-01-27
2870,Elizabeth,Johnson,31,F,elizabeth.johnson179@email.com,Austin,TX,Standard,34394,600,2022-03-18
2871,Lisa,Thomas,41,M,lisa.thomas482@email.com,Phoenix,AZ,Basic,132030,837,2021-11-14
2872,Robert,Garcia,34,M,robert.garcia923@email.com,Dallas,AZ,Basic,193959,630,2022-03-30
2873,Charles,Davis,26,F,charles.davis867@email.com,Los Angeles,IL,Basic,68904,682,2021-03-07
2874,Elizabeth,Garcia,70,M,elizabeth.garcia552@email.com,San Antonio,NC,Standard,65296,560,2022-06-17
2875,Sarah,Miller,42,M,sarah.miller519@email.com,Chicago,WA,Standard,111514,580,2021-12-12
2876,Charles,Taylor,30,M,charles.taylor474@email.com,Los Angeles,OH,Basic,143055,808,2021-12-13
2877,Nancy,Smith,36,M,nancy.smith827@email.com,Chicago,WA,Standard,85300,761,2021-11-19
2878,Elizabeth,Anderson,50,M,elizabeth.anderson236@email.com,Phoenix,OH,Premium,129078,642,2022-01-15
2879,Jennifer,Taylor,43,F,jennifer.taylor151@email.com,San Antonio,TX,Premium,142722,692,2021-12-28
2880,Daniel,Williams,18,F,daniel.williams550@email.com,Phoenix,NC,Standard,87522,780,2022-08-17
2881,Charles,Thomas,64,M,charles.thomas465@email.com,Philadelphia,FL,Premium,105285,697,2023-05-30
2882,David,Williams,27,M,david.williams127@email.com,Houston,CA,Standard,164000,750,2022-08-20
2883,Karen,Moore,31,F,karen.moore150@email.com,San Antonio,IL,Standard,185915,700,2021-08-12
2884,Barbara,Martinez,22,F,barbara.martinez165@email.com,Dallas,CA,VIP,134398,718,2021-06-08
2885,Christopher,Davis,65,F,christopher.davis220@email.com,San Jose,PA,Standard,49703,811,2021-08-25
2886,Michael,Johnson,31,M,michael.johnson321@email.com,New York,CA,Basic,116805,676,2022-06-12
2887,Karen,Taylor,33,F,karen.taylor193@email.com,Philadelphia,NC,Basic,111280,566,2023-07-05
2888,Thomas,Anderson,68,F,thomas.anderson632@email.com,Los Angeles,TX,Basic,71806,577,2022-12-09
2889,Karen,Taylor,41,F,karen.taylor505@email.com,Philadelphia,NC,Premium,76153,687,2023-02-22
2890,Daniel,Wilson,18,F,daniel.wilson610@email.com,Dallas,CA,Premium,72917,553,2022-02-15
2891,Michael,Williams,41,F,michael.williams444@email.com,Chicago,NY,Premium,101318,557,2022-06-13
2892,Sarah,Anderson,38,F,sarah.anderson492@email.com,New York,WA,Standard,151802,679,2022-09-24
2893,Linda,Davis,59,F,linda.davis815@email.com,Phoenix,WA,Premium,140226,791,2023-01-09
2894,John,Johnson,59,F,john.johnson725@email.com,San Jose,WA,Premium,107561,811,2022-04-25
2895,Joseph,Thomas,47,F,joseph.thomas134@email.com,San Diego,WA,Basic,67475,582,2021-06-17
2896,Jennifer,Johnson,45,F,jennifer.johnson152@email.com,Chicago,FL,Standard,161478,570,2021-02-01
2897,William,Williams,38,M,william.williams887@email.com,Phoenix,OH,VIP,41536,711,2021-03-14
2898,Jessica,Martinez,67,M,jessica.martinez87@email.com,Phoenix,OH,VIP,125020,787,2021-01-04
2899,Nancy,Williams,53,F,nancy.williams746@email.com,Austin,NY,Standard,102633,789,2022-11-03
2900,John,Rodriguez,63,F,john.rodriguez582@email.com,San Jose,NC,Basic,193115,554,2022-10-06
2901,Joseph,Miller,27,M,joseph.miller311@email.com,Jacksonville,CA,Premium,79882,836,2021-06-21
2902,James,Johnson,63,F,james.johnson43@email.com,Los Angeles,NC,Standard,181646,552,2021-02-01
2903,Michael,Williams,67,M,michael.williams418@email.com,Jacksonville,OH,Basic,91625,622,2023-06-15
2904,Robert,Williams,65,M,robert.williams9@email.com,Houston,NC,Standard,133584,744,2023-01-28
2905,Charles,Wilson,66,F,charles.wilson361@email.com,San Antonio,TX,Standard,179517,790,2023-01-23
2906,Elizabeth,Brown,61,F,elizabeth.brown905@email.com,Dallas,TX,Premium,122862,730,2023-11-14
2907,Linda,Anderson,30,F,linda.anderson831@email.com,Dallas,AZ,Premium,76091,716,2023-07-03
2908,William,Anderson,69,F,william.anderson563@email.com,New York,CA,Standard,56665,708,2022-05-18
2909,Barbara,Williams,72,M,barbara.williams578@email.com,New York,NY,Standard,183161,838,2022-06-09
2910,Susan,Miller,42,M,susan.miller235@email.com,Philadelphia,IL,Standard,63957,659,2021-03-04
2911,William,Moore,35,M,william.moore688@email.com,Dallas,NC,VIP,81691,749,2022-05-13
2912,Lisa,Wilson,54,M,lisa.wilson109@email.com,Chicago,FL,Standard,69763,674,2021-01-29
2913,Elizabeth,Brown,34,F,elizabeth.brown192@email.com,New York,AZ,Standard,74907,617,2021-04-10
2914,Joseph,Miller,41,F,joseph.miller137@email.com,Philadelphia,NY,Premium,177651,615,2022-09-16
2915,Lisa,Williams,52,F,lisa.williams334@email.com,San Diego,NY,VIP,37306,677,2022-03-14
2916,Linda,Williams,31,F,linda.williams384@email.com,Jacksonville,NY,Standard,34156,682,2023-06-14
2917,Christopher,Brown,47,M,christopher.brown381@email.com,Philadelphia,IL,Standard,189801,792,2021-12-27
2918,Daniel,Garcia,34,F,daniel.garcia479@email.com,Phoenix,WA,Standard,57691,697,2023-08-12
2919,Thomas,Martinez,56,M,thomas.martinez104@email.com,Jacksonville,CA,Basic,60052,762,2023-07-20
2920,William,Wilson,51,M,william.wilson652@email.com,Austin,TX,Standard,134105,649,2021-06-09
2921,Linda,Wilson,19,F,linda.wilson350@email.com,Los Angeles,TX,VIP,134561,846,2021-10-20
2922,Patricia,Rodriguez,59,F,patricia.rodriguez598@email.com,Dallas,TX,Standard,52933,634,2021-06-21
2923,Nancy,Taylor,40,M,nancy.taylor664@email.com,San Jose,NY,Standard,179153,637,2021-05-16
2924,Joseph,Johnson,65,M,joseph.johnson413@email.com,Houston,AZ,Basic,59204,849,2023-10-09
2925,Daniel,Davis,71,M,daniel.davis234@email.com,New York,IL,Standard,72055,831,2023-06-07
2926,Elizabeth,Miller,65,F,elizabeth.miller648@email.com,New York,CA,Premium,47617,572,2022-02-05
2927,Barbara,Miller,50,F,barbara.miller204@email.com,Austin,CA,Standard,103954,609,2021-08-12
2928,Susan,Anderson,56,F,susan.anderson209@email.com,Phoenix,NY,Standard,34111,766,2021-03-02
2929,William,Williams,68,M,william.williams323@email.com,Phoenix,OH,Standard,104242,764,2021-01-07
2930,Thomas,Rodriguez,37,F,thomas.rodriguez717@email.com,Dallas,CA,Basic,31008,777,2023-10-08
2931,David,Garcia,62,F,david.garcia684@email.com,San Diego,TX,Basic,108689,688,2022-03-28
2932,David,Garcia,21,F,david.garcia807@email.com,Jacksonville,CA,Basic,155221,719,2021-03-05
2933,David,Garcia,74,M,david.garcia553@email.com,New York,CA,Basic,121283,652,2021-06-18
2934,Richard,Garcia,22,F,richard.garcia299@email.com,Los Angeles,NY,Basic,63025,685,2022-12-15
2935,Lisa,Garcia,45,M,lisa.garcia999@email.com,Dallas,NY,VIP,112974,616,2022-03-04
2936,Lisa,Anderson,57,F,lisa.anderson845@email.com,Chicago,WA,VIP,173882,579,2022-12-01
2937,Charles,Martinez,41,F,charles.martinez29@email.com,Chicago,NY,Premium,78633,847,2022-02-08
2938,Patricia,Thomas,28,F,patricia.thomas394@email.com,San Antonio,IL,Basic,116117,763,2021-09-13
2939,Nancy,Davis,42,F,nancy.davis769@email.com,San Jose,NC,Standard,179487,707,2023-05-27
2940,David,Jones,51,M,david.jones115@email.com,San Jose,NY,Standard,114805,691,2023-03-16
2941,Jennifer,Smith,69,M,jennifer.smith651@email.com,Phoenix,NC,Standard,148408,575,2023-12-26
2942,Linda,Brown,72,F,linda.brown513@email.com,Los Angeles,PA,Basic,63105,585,2023-06-28
2943,Joseph,Taylor,56,M,joseph.taylor102@email.com,San Jose,CA,Basic,79061,564,2022-04-14
2944,Sarah,Williams,20,F,sarah.williams967@email.com,New York,FL,Basic,178815,721,2021-09-26
2945,Mary,Moore,36,M,mary.moore872@email.com,Austin,AZ,Basic,40833,663,2021-09-08
2946,William,Moore,34,F,william.moore613@email.com,Dallas,IL,Standard,98066,694,2021-04-29
2947,Barbara,Thomas,72,M,barbara.thomas559@email.com,San Diego,OH,Premium,179514,605,2022-07-27
2948,Jessica,Wilson,48,M,jessica.wilson989@email.com,New York,CA,Standard,114711,808,2021-12-20
2949,Sarah,Garcia,23,F,sarah.garcia619@email.com,Philadelphia,CA,Premium,86673,808,2021-11-29
2950,Thomas,Martinez,24,M,thomas.martinez945@email.com,Dallas,NC,Premium,128121,780,2022-10-19
2951,Robert,Johnson,18,F,robert.johnson71@email.com,Houston,PA,Basic,132887,788,2023-07-18
2952,Linda,Miller,70,F,linda.miller315@email.com,Jacksonville,IL,Standard,116219,662,2022-03-29
2953,Barbara,Wilson,45,M,barbara.wilson363@email.com,Houston,AZ,Basic,175374,582,2022-05-19
2954,Jessica,Miller,19,F,jessica.miller716@email.com,Houston,FL,Standard,83338,799,2023-12-09
2955,William,Garcia,63,M,william.garcia176@email.com,Dallas,NC,Basic,77131,600,2021-09-16
2956,Jennifer,Anderson,38,F,jennifer.anderson288@email.com,San Antonio,OH,Basic,69978,800,2021-10-24
2957,Christopher,Moore,63,F,christopher.moore387@email.com,Dallas,WA,Standard,195069,819,2021-01-06
2958,Barbara,Brown,51,F,barbara.brown629@email.com,San Diego,CA,Basic,104843,739,2022-04-16
2959,Elizabeth,Rodriguez,34,M,elizabeth.rodriguez988@email.com,Dallas,IL,Basic,196924,837,2021-08-18
2960,Patricia,Miller,38,F,patricia.miller218@email.com,San Antonio,AZ,Standard,161265,625,2023-01-14
2961,William,Anderson,71,M,william.anderson843@email.com,Phoenix,PA,Basic,132146,711,2021-04-13
2962,Charles,Garcia,56,F,charles.garcia507@email.com,Chicago,PA,Basic,178440,838,2022-06-07
2963,Susan,Smith,29,F,susan.smith34@email.com,Austin,PA,Standard,109290,664,2022-10-31
2964,Susan,Taylor,30,F,susan.taylor582@email.com,San Diego,PA,Standard,75437,645,2022-01-23
2965,Patricia,Rodriguez,33,F,patricia.rodriguez134@email.com,San Jose,NY,Standard,67158,583,2021-10-27
2966,Jessica,Martinez,65,F,jessica.martinez922@email.com,Chicago,FL,Basic,173661,757,2022-07-08
2967,Jessica,Taylor,55,M,jessica.taylor565@email.com,Los Angeles,PA,VIP,33428,808,2021-08-09
2968,Thomas,Miller,68,M,thomas.miller185@email.com,New York,CA,Basic,172780,835,2023-01-26
2969,Sarah,Smith,47,F,sarah.smith530@email.com,Austin,FL,Basic,62556,715,2022-07-02
2970,Linda,Thomas,28,F,linda.thomas623@email.com,Phoenix,WA,Premium,107615,706,2023-07-06
2971,Jessica,Wilson,46,M,jessica.wilson3@email.com,Philadelphia,IL,Premium,152968,777,2021-02-03
2972,Christopher,Johnson,60,F,christopher.johnson185@email.com,San Antonio,FL,Basic,190866,791,2023-02-26
2973,Christopher,Brown,45,F,christopher.brown220@email.com,San Jose,TX,Basic,80476,787,2022-02-02
2974,Joseph,Garcia,25,M,joseph.garcia87@email.com,Houston,NY,Basic,166707,625,2021-10-04
2975,Robert,Davis,59,F,robert.davis925@email.com,Houston,PA,Premium,70306,583,2022-10-21
2976,Daniel,Smith,35,M,daniel.smith517@email.com,San Diego,FL,VIP,98790,631,2024-01-01
2977,Nancy,Taylor,60,M,nancy.taylor740@email.com,Dallas,TX,Standard,98342,735,2022-07-14
2978,Nancy,Moore,23,M,nancy.moore774@email.com,San Jose,OH,Premium,170432,802,2021-11-22
2979,Nancy,Rodriguez,31,M,nancy.rodriguez346@email.com,Dallas,NC,Premium,44810,821,2023-06-03
2980,Charles,Williams,58,F,charles.williams677@email.com,Phoenix,OH,Basic,138846,673,2021-01-15
2981,John,Miller,72,M,john.miller367@email.com,Austin,PA,Standard,148506,795,2023-10-10
2982,Nancy,Martinez,37,M,nancy.martinez588@email.com,San Antonio,PA,VIP,50691,552,2021-08-13
2983,Joseph,Davis,43,M,joseph.davis910@email.com,Chicago,OH,Standard,178663,789,2021-12-29
2984,James,Johnson,74,F,james.johnson337@email.com,Houston,CA,Standard,152711,651,2023-01-14
2985,Jennifer,Williams,46,F,jennifer.williams419@email.com,New York,CA,Standard,147103,762,2023-05-25
2986,Elizabeth,Davis,50,F,elizabeth.davis105@email.com,Austin,PA,Premium,186526,718,2022-01-04
2987,David,Taylor,50,F,david.taylor641@email.com,San Jose,WA,Premium,62918,657,2022-11-15
2988,Joseph,Thomas,58,F,joseph.thomas694@email.com,Phoenix,OH,Basic,80519,585,2023-12-22
2989,Karen,Rodriguez,42,F,karen.rodriguez358@email.com,San Antonio,OH,Premium,112540,699,2023-11-26
2990,Jessica,Wilson,68,M,jessica.wilson647@email.com,San Jose,CA,Standard,197822,754,2023-11-11
2991,Jennifer,Jones,20,M,jennifer.jones437@email.com,Austin,FL,Basic,91952,749,2021-03-21
2992,Nancy,Jones,72,M,nancy.jones635@email.com,San Jose,TX,Standard,71551,599,2023-08-23
2993,Barbara,Wilson,72,F,barbara.wilson345@email.com,Phoenix,WA,Premium,113899,759,2022-11-22
2994,Mary,Thomas,53,M,mary.thomas910@email.com,Los Angeles,NC,Basic,118958,610,2022-07-30
2995,Patricia,Taylor,68,M,patricia.taylor126@email.com,San Antonio,WA,Standard,140327,770,2023-11-19
2996,Sarah,Smith,65,F,sarah.smith635@email.com,Philadelphia,FL,Basic,115899,770,2023-10-16
2997,Sarah,Garcia,43,M,sarah.garcia943@email.com,Chicago,FL,VIP,182278,758,2022-06-01
2998,Patricia,Moore,29,M,patricia.moore90@email.com,Los Angeles,TX,Premium,139039,749,2021-03-26
2999,Karen,Smith,31,F,karen.smith185@email.com,Los Angeles,FL,Basic,177071,788,2022-09-07
3000,Elizabeth,Davis,64,M,elizabeth.davis466@email.com,New York,IL,Standard,149712,818,2023-04-23
3001,Michael,Williams,44,F,michael.williams680@email.com,Austin,NY,Basic,137977,630,2023-03-10
3002,Lisa,Davis,22,M,lisa.davis872@email.com,Los Angeles,FL,Standard,103139,826,2021-10-06
3003,Richard,Davis,37,M,richard.davis967@email.com,Houston,IL,Basic,40906,838,2022-02-13
3004,Charles,Rodriguez,25,M,charles.rodriguez43@email.com,Jacksonville,OH,Premium,81306,843,2022-02-23
3005,Linda,Johnson,67,M,linda.johnson975@email.com,Jacksonville,NC,Basic,193281,700,2021-04-02
3006,Thomas,Anderson,48,F,thomas.anderson528@email.com,Austin,OH,Premium,71156,717,2022-02-27
3007,Joseph,Moore,25,M,joseph.moore372@email.com,Austin,TX,Standard,173906,621,2023-05-02
3008,Thomas,Anderson,36,M,thomas.anderson285@email.com,Philadelphia,TX,Standard,56286,770,2023-09-21
3009,David,Anderson,71,F,david.anderson104@email.com,San Antonio,NC,Basic,58163,764,2021-11-30
3010,Richard,Thomas,19,M,richard.thomas914@email.com,Dallas,NY,VIP,143629,812,2021-04-17
3011,Karen,Smith,22,M,karen.smith11@email.com,Los Angeles,PA,Basic,93416,835,2023-11-07
3012,Michael,Moore,53,M,michael.moore453@email.com,San Diego,PA,Standard,118237,649,2023-04-17
3013,James,Rodriguez,33,F,james.rodriguez231@email.com,Houston,OH,Standard,92860,805,2021-08-10
3014,James,Williams,41,M,james.williams416@email.com,Phoenix,IL,Standard,94912,797,2021-07-28
3015,Charles,Martinez,30,M,charles.martinez730@email.com,San Jose,FL,Basic,40366,685,2021-10-20
3016,James,Williams,53,F,james.williams542@email.com,Dallas,FL,Standard,143484,751,2021-06-09
3017,Mary,Smith,65,M,mary.smith229@email.com,New York,NC,Basic,61742,765,2022-06-21
3018,Richard,Davis,73,M,richard.davis650@email.com,Austin,NY,Standard,55474,662,2023-04-11
3019,Richard,Miller,32,F,richard.miller625@email.com,Jacksonville,NC,VIP,159065,712,2021-10-28
3020,Charles,Moore,67,F,charles.moore436@email.com,New York,OH,Premium,128073,680,2021-07-18
3021,Sarah,Smith,72,M,sarah.smith965@email.com,Houston,AZ,Basic,108873,806,2022-08-01
3022,Mary,Garcia,48,M,mary.garcia536@email.com,Jacksonville,CA,VIP,139058,807,2022-04-16
3023,Christopher,Garcia,30,F,christopher.garcia482@email.com,New York,PA,Basic,109425,569,2021-06-05
3024,Karen,Davis,45,M,karen.davis238@email.com,Phoenix,WA,Standard,183709,833,2023-10-18
3025,Lisa,Garcia,66,F,lisa.garcia539@email.com,Austin,CA,Standard,31341,562,2022-05-24
3026,Jessica,Brown,32,M,jessica.brown134@email.com,Jacksonville,FL,VIP,55998,833,2023-06-26
3027,Michael,Wilson,66,M,michael.wilson340@email.com,Dallas,IL,Premium,76458,751,2021-08-06
3028,Charles,Johnson,22,M,charles.johnson11@email.com,Houston,WA,Standard,51746,698,2023-04-09
3029,Jessica,Smith,65,M,jessica.smith651@email.com,Los Angeles,IL,Standard,43924,645,2021-03-18
3030,Elizabeth,Anderson,26,F,elizabeth.anderson304@email.com,Jacksonville,TX,Standard,127640,700,2021-12-30
3031,Susan,Moore,54,F,susan.moore895@email.com,Jacksonville,TX,Standard,52383,815,2022-11-21
3032,Joseph,Smith,18,M,joseph.smith948@email.com,Los Angeles,TX,Standard,160640,768,2023-07-29
3033,Linda,Rodriguez,29,F,linda.rodriguez696@email.com,Philadelphia,PA,Standard,66190,687,2021-01-29
3034,Robert,Williams,25,F,robert.williams577@email.com,San Diego,WA,Standard,65493,837,2021-06-12
3035,Michael,Smith,29,M,michael.smith911@email.com,Los Angeles,OH,Standard,52927,632,2021-05-13
3036,Robert,Brown,67,M,robert.brown641@email.com,Chicago,IL,Basic,133343,809,2023-02-23
3037,Charles,Wilson,48,M,charles.wilson51@email.com,San Diego,NC,Standard,186206,555,2021-04-21
3038,Sarah,Martinez,55,F,sarah.martinez567@email.com,San Diego,AZ,Standard,107520,823,2022-11-09
3039,Elizabeth,Davis,48,M,elizabeth.davis11@email.com,Philadelphia,WA,Standard,124355,553,2021-07-13
3040,William,Johnson,46,M,william.johnson249@email.com,Los Angeles,IL,Premium,108757,578,2022-10-10
3041,James,Thomas,74,F,james.thomas732@email.com,Dallas,CA,Standard,66567,829,2022-06-19
3042,Mary,Thomas,61,F,mary.thomas325@email.com,Los Angeles,TX,Basic,197224,810,2022-03-31
3043,John,Johnson,54,M,john.johnson634@email.com,Houston,FL,Basic,89166,697,2023-05-02
3044,David,Taylor,49,F,david.taylor270@email.com,San Jose,TX,Standard,95030,753,2023-07-01
3045,John,Miller,23,M,john.miller267@email.com,Chicago,TX,Premium,97065,764,2022-06-06
3046,William,Garcia,44,F,william.garcia602@email.com,Jacksonville,CA,Standard,130190,803,2022-07-27
3047,Joseph,Miller,39,F,joseph.miller415@email.com,Jacksonville,FL,Basic,46786,849,2021-07-02
3048,Lisa,Rodriguez,68,F,lisa.rodriguez318@email.com,Phoenix,AZ,Basic,160183,644,2023-05-14
3049,James,Williams,19,M,james.williams840@email.com,San Diego,CA,Standard,197434,684,2022-06-01
3050,Christopher,Taylor,29,M,christopher.taylor425@email.com,San Antonio,PA,Standard,111278,577,2021-07-26
3051,Joseph,Smith,47,M,joseph.smith194@email.com,San Diego,WA,Basic,81162,591,2021-01-06
3052,Lisa,Taylor,28,F,lisa.taylor889@email.com,Chicago,FL,Standard,178954,689,2023-01-11
3053,Jennifer,Jones,24,F,jennifer.jones142@email.com,Phoenix,PA,Basic,108002,595,2022-05-28
3054,Richard,Miller,62,M,richard.miller167@email.com,San Jose,CA,Premium,129190,738,2022-08-01
3055,William,Anderson,39,F,william.anderson7@email.com,San Antonio,AZ,Basic,164136,593,2023-06-03
3056,Barbara,Miller,26,M,barbara.miller813@email.com,San Antonio,FL,Basic,125644,703,2022-07-29
3057,Susan,Jones,65,F,susan.jones484@email.com,San Diego,NC,Standard,174202,808,2021-04-12
3058,Daniel,Davis,28,F,daniel.davis55@email.com,Philadelphia,OH,Premium,178739,612,2022-08-14
3059,William,Rodriguez,43,F,william.rodriguez19@email.com,Jacksonville,WA,Basic,33085,607,2023-06-14
3060,Christopher,Garcia,70,M,christopher.garcia595@email.com,San Diego,CA,Standard,79403,770,2023-09-01
3061,Thomas,Anderson,43,F,thomas.anderson851@email.com,Houston,NY,Standard,151076,826,2022-10-04
3062,Linda,Wilson,64,M,linda.wilson113@email.com,San Jose,TX,Standard,59313,585,2023-09-25
3063,Christopher,Williams,40,M,christopher.williams59@email.com,Philadelphia,OH,Basic,49008,647,2023-10-07
3064,Jessica,Brown,71,M,jessica.brown167@email.com,San Jose,AZ,Basic,182266,770,2022-06-18
3065,Barbara,Thomas,42,F,barbara.thomas836@email.com,San Diego,PA,Basic,157602,808,2021-09-25
3066,Sarah,Miller,60,F,sarah.miller564@email.com,San Diego,NC,Premium,69726,704,2023-02-11
3067,Daniel,Brown,66,M,daniel.brown392@email.com,San Jose,TX,Basic,103323,770,2023-02-12
3068,Michael,Taylor,38,M,michael.taylor918@email.com,New York,TX,Standard,96499,613,2021-05-13
3069,Michael,Moore,26,M,michael.moore702@email.com,Los Angeles,OH,Basic,93670,684,2022-01-02
3070,Charles,Martinez,31,F,charles.martinez686@email.com,Chicago,CA,Premium,65550,563,2023-10-05
3071,Sarah,Taylor,31,M,sarah.taylor353@email.com,San Antonio,CA,Standard,145135,801,2022-03-28
3072,Elizabeth,Taylor,48,F,elizabeth.taylor413@email.com,Dallas,OH,Basic,98522,559,2021-02-26
3073,Thomas,Garcia,27,M,thomas.garcia813@email.com,Austin,TX,Basic,63613,641,2021-08-17
3074,Lisa,Martinez,39,F,lisa.martinez977@email.com,Austin,OH,Standard,41563,556,2022-02-01
3075,Lisa,Martinez,68,F,lisa.martinez576@email.com,San Jose,WA,Basic,105976,699,2021-04-23
3076,Robert,Wilson,53,F,robert.wilson495@email.com,Los Angeles,WA,Standard,79821,795,2022-05-27
3077,Susan,Taylor,18,F,susan.taylor283@email.com,Dallas,NY,Standard,93898,787,2022-09-02
3078,Barbara,Davis,62,M,barbara.davis493@email.com,San Antonio,AZ,Standard,95233,651,2023-09-12
3079,Christopher,Moore,58,M,christopher.moore428@email.com,San Diego,OH,Premium,165406,825,2021-07-14
3080,William,Garcia,24,M,william.garcia436@email.com,Phoenix,TX,Basic,31418,835,2022-02-08
3081,William,Miller,30,F,william.miller722@email.com,San Jose,WA,Premium,104228,830,2021-07-26
3082,Christopher,Moore,20,F,christopher.moore272@email.com,New York,WA,Standard,91145,820,2021-07-15
3083,Lisa,Johnson,33,M,lisa.johnson525@email.com,New York,FL,Basic,141251,631,2023-08-22
3084,Jessica,Johnson,57,F,jessica.johnson99@email.com,San Diego,WA,Premium,73740,597,2023-01-20
3085,Michael,Moore,24,F,michael.moore716@email.com,Phoenix,TX,Standard,106451,798,2021-05-20
3086,Joseph,Rodriguez,41,F,joseph.rodriguez91@email.com,Philadelphia,WA,Basic,150474,617,2022-08-17
3087,James,Williams,62,F,james.williams304@email.com,Los Angeles,OH,Standard,174818,551,2022-06-02
3088,Mary,Martinez,24,F,mary.martinez180@email.com,San Jose,TX,Standard,42688,640,2023-09-17
3089,Sarah,Anderson,33,F,sarah.anderson194@email.com,Los Angeles,WA,Premium,48067,717,2021-07-04
3090,Jessica,Davis,25,M,jessica.davis865@email.com,Houston,CA,Standard,47410,654,2023-03-14
3091,Karen,Garcia,34,F,karen.garcia288@email.com,San Antonio,OH,Standard,156911,716,2022-07-12
3092,David,Thomas,29,M,david.thomas81@email.com,San Jose,CA,Standard,119007,842,2022-03-12
3093,Susan,Davis,26,M,susan.davis686@email.com,Los Angeles,TX,Standard,135340,839,2023-06-02
3094,Susan,Miller,57,F,susan.miller837@email.com,San Diego,TX,Premium,149802,634,2023-04-07
3095,Daniel,Brown,74,F,daniel.brown146@email.com,Phoenix,OH,Standard,92307,576,2021-06-17
3096,William,Garcia,59,M,william.garcia788@email.com,Houston,WA,Premium,172131,583,2021-11-14
3097,Lisa,Jones,26,F,lisa.jones821@email.com,Chicago,PA,Premium,195218,679,2021-12-14
3098,Daniel,Smith,56,F,daniel.smith262@email.com,Houston,TX,Basic,129677,639,2022-08-20
3099,Joseph,Jones,25,M,joseph.jones952@email.com,Phoenix,CA,Basic,98120,575,2022-12-31
3100,Jennifer,Thomas,25,F,jennifer.thomas152@email.com,San Antonio,AZ,Standard,36711,685,2023-10-11
3101,Richard,Williams,35,F,richard.williams101@email.com,Dallas,IL,Standard,173734,602,2022-07-29
3102,Thomas,Brown,29,M,thomas.brown474@email.com,Los Angeles,WA,Basic,101472,776,2023-07-23
3103,Richard,Rodriguez,33,F,richard.rodriguez105@email.com,Los Angeles,IL,Standard,191213,697,2022-06-01
3104,Christopher,Davis,26,M,christopher.davis97@email.com,New York,IL,Premium,192364,726,2023-09-13
3105,James,Smith,65,M,james.smith865@email.com,Philadelphia,AZ,Premium,152059,699,2023-12-25
3106,Sarah,Jones,41,F,sarah.jones382@email.com,Chicago,IL,Basic,33601,623,2022-10-10
3107,Barbara,Martinez,52,F,barbara.martinez308@email.com,Phoenix,IL,Basic,60508,578,2021-01-28
3108,Nancy,Brown,61,M,nancy.brown213@email.com,Philadelphia,CA,Standard,111697,663,2023-11-01
3109,Susan,Martinez,51,M,susan.martinez355@email.com,Philadelphia,TX,Standard,196427,782,2023-07-15
3110,Patricia,Miller,52,M,patricia.miller339@email.com,New York,WA,Basic,121567,803,2023-06-13
3111,Barbara,Davis,25,M,barbara.davis368@email.com,San Diego,OH,Standard,178856,582,2021-05-19
3112,Charles,Miller,20,M,charles.miller839@email.com,Philadelphia,OH,Standard,159906,752,2021-03-08
3113,Jennifer,Miller,53,F,jennifer.miller686@email.com,Los Angeles,WA,Basic,156042,609,2021-05-24
3114,Sarah,Anderson,69,M,sarah.anderson564@email.com,Los Angeles,IL,Standard,54447,607,2021-09-03
3115,Daniel,Jones,28,F,daniel.jones328@email.com,New York,PA,Basic,51582,720,2023-03-13
3116,David,Taylor,40,M,david.taylor90@email.com,Los Angeles,FL,Premium,83322,620,2022-04-25
3117,Barbara,Smith,60,M,barbara.smith755@email.com,San Diego,NC,Basic,105324,629,2023-12-28
3118,Karen,Smith,36,M,karen.smith914@email.com,San Antonio,FL,Basic,169325,718,2021-01-08
3119,Barbara,Williams,61,F,barbara.williams598@email.com,San Jose,NC,Standard,114148,821,2021-08-12
3120,William,Anderson,43,M,william.anderson851@email.com,San Antonio,PA,Standard,165222,829,2023-07-12
3121,Robert,Johnson,33,M,robert.johnson944@email.com,Dallas,TX,Standard,62955,718,2021-04-24
3122,William,Martinez,60,F,william.martinez291@email.com,San Antonio,WA,Standard,78206,706,2022-06-27
3123,Thomas,Smith,30,F,thomas.smith546@email.com,Chicago,TX,VIP,135338,710,2023-02-18
3124,John,Johnson,59,F,john.johnson411@email.com,Jacksonville,TX,Basic,94666,589,2022-02-13
3125,Lisa,Martinez,42,F,lisa.martinez922@email.com,Houston,OH,Standard,93015,673,2023-08-11
3126,Daniel,Rodriguez,28,F,daniel.rodriguez578@email.com,Philadelphia,NY,Standard,67426,712,2021-10-08
3127,Christopher,Jones,45,M,christopher.jones410@email.com,Chicago,NY,Standard,120797,634,2023-02-03
3128,Charles,Williams,28,M,charles.williams392@email.com,Los Angeles,FL,Standard,94183,593,2021-01-18
3129,Barbara,Taylor,68,M,barbara.taylor436@email.com,San Jose,FL,Standard,35223,729,2023-02-12
3130,Mary,Rodriguez,18,M,mary.rodriguez101@email.com,Dallas,FL,Standard,124237,830,2023-08-21
3131,Nancy,Jones,22,F,nancy.jones655@email.com,Dallas,FL,Basic,58574,571,2021-07-19
3132,Patricia,Williams,28,F,patricia.williams750@email.com,New York,NY,Basic,157357,607,2022-12-11
3133,Jennifer,Taylor,32,F,jennifer.taylor734@email.com,Dallas,NY,Standard,42763,721,2023-05-06
3134,Elizabeth,Wilson,70,F,elizabeth.wilson334@email.com,Austin,WA,Standard,39470,605,2022-05-24
3135,Daniel,Johnson,51,M,daniel.johnson844@email.com,San Jose,WA,Standard,153709,825,2023-04-19
3136,Barbara,Wilson,54,F,barbara.wilson831@email.com,Chicago,IL,VIP,42090,607,2021-06-12
3137,James,Williams,46,F,james.williams716@email.com,Jacksonville,NC,Basic,55032,655,2022-12-09
3138,James,Smith,40,F,james.smith367@email.com,Los Angeles,CA,Basic,135228,837,2023-04-25
3139,Patricia,Martinez,23,M,patricia.martinez818@email.com,Jacksonville,IL,Basic,100339,732,2023-03-20
3140,Patricia,Williams,30,F,patricia.williams355@email.com,Jacksonville,OH,Standard,120861,829,2022-08-09
3141,Daniel,Thomas,18,M,daniel.thomas671@email.com,Philadelphia,PA,Premium,89440,710,2022-09-27
3142,Thomas,Rodriguez,53,F,thomas.rodriguez311@email.com,Philadelphia,IL,Premium,57662,725,2021-04-22
3143,Elizabeth,Thomas,56,M,elizabeth.thomas986@email.com,Houston,NC,Premium,61509,681,2021-06-17
3144,John,Anderson,48,M,john.anderson909@email.com,Philadelphia,PA,Standard,149703,708,2021-12-28
3145,Jennifer,Davis,23,F,jennifer.davis897@email.com,San Diego,WA,Standard,112514,757,2021-02-14
3146,Elizabeth,Taylor,70,F,elizabeth.taylor194@email.com,Phoenix,CA,Basic,93263,643,2023-06-30
3147,Jennifer,Wilson,19,F,jennifer.wilson119@email.com,Dallas,FL,Standard,153361,692,2023-11-15
3148,Thomas,Miller,39,M,thomas.miller830@email.com,New York,TX,Standard,134722,779,2022-04-28
3149,David,Anderson,40,M,david.anderson850@email.com,Phoenix,AZ,Standard,136652,713,2023-01-19
3150,William,Miller,19,M,william.miller7@email.com,Phoenix,PA,Standard,112723,697,2021-03-14
3151,David,Smith,48,F,david.smith652@email.com,New York,WA,Standard,61189,814,2023-06-16
3152,Elizabeth,Taylor,56,M,elizabeth.taylor539@email.com,San Diego,TX,Standard,44292,798,2021-07-13
3153,Jennifer,Anderson,45,M,jennifer.anderson176@email.com,San Diego,PA,Standard,36620,642,2021-09-01
3154,Joseph,Garcia,19,M,joseph.garcia577@email.com,Chicago,FL,Basic,123044,834,2022-10-28
3155,Karen,Smith,61,F,karen.smith918@email.com,Jacksonville,CA,Basic,138148,584,2022-06-24
3156,Mary,Miller,46,F,mary.miller415@email.com,Chicago,NY,Standard,140716,751,2022-11-04
3157,Barbara,Johnson,44,M,barbara.johnson565@email.com,Los Angeles,IL,Basic,197969,552,2021-07-08
3158,Michael,Anderson,53,F,michael.anderson89@email.com,Philadelphia,AZ,VIP,136987,760,2023-01-14
3159,James,Williams,42,F,james.williams273@email.com,Houston,CA,Basic,192541,838,2023-06-16
3160,David,Thomas,55,M,david.thomas694@email.com,Houston,WA,Standard,39634,798,2023-11-01
3161,David,Wilson,73,F,david.wilson85@email.com,San Diego,NY,VIP,153347,823,2022-04-09
3162,Mary,Rodriguez,28,M,mary.rodriguez268@email.com,Philadelphia,OH,Basic,97075,767,2022-01-15
3163,Linda,Davis,18,M,linda.davis3@email.com,Austin,TX,Basic,74743,726,2022-08-27
3164,Joseph,Martinez,55,M,joseph.martinez87@email.com,San Jose,FL,Basic,96595,592,2023-05-17
3165,Patricia,Martinez,23,F,patricia.martinez764@email.com,New York,NC,Standard,162522,551,2023-02-22
3166,David,Taylor,36,F,david.taylor991@email.com,Jacksonville,FL,VIP,88639,809,2023-05-20
3167,Christopher,Wilson,66,F,christopher.wilson340@email.com,Austin,IL,Standard,155296,656,2022-06-25
3168,James,Rodriguez,60,M,james.rodriguez754@email.com,Austin,IL,Standard,127767,625,2021-02-02
3169,David,Jones,58,M,david.jones393@email.com,Los Angeles,NY,Basic,199100,668,2022-11-30
3170,Michael,Williams,53,M,michael.williams676@email.com,Los Angeles,IL,Premium,181763,749,2022-10-20
3171,James,Taylor,45,M,james.taylor437@email.com,Philadelphia,NY,Standard,139947,704,2023-04-09
3172,Lisa,Johnson,23,M,lisa.johnson716@email.com,Phoenix,NC,Standard,157052,624,2023-10-02
3173,John,Jones,56,M,john.jones761@email.com,Chicago,NY,Standard,161336,606,2021-01-27
3174,Karen,Garcia,41,M,karen.garcia275@email.com,Philadelphia,AZ,Standard,150599,748,2022-06-22
3175,Richard,Taylor,45,F,richard.taylor736@email.com,San Antonio,FL,Premium,160832,728,2021-03-23
3176,Susan,Martinez,74,F,susan.martinez602@email.com,San Antonio,CA,Standard,171546,757,2023-05-02
3177,Mary,Wilson,36,F,mary.wilson400@email.com,Dallas,FL,Basic,97465,793,2021-12-16
3178,Richard,Thomas,22,M,richard.thomas324@email.com,Chicago,PA,Basic,101570,817,2023-04-06
3179,Barbara,Rodriguez,45,M,barbara.rodriguez67@email.com,Los Angeles,OH,Standard,48189,687,2023-09-02
3180,Christopher,Wilson,61,F,christopher.wilson702@email.com,Dallas,WA,Standard,139712,562,2021-01-15
3181,Linda,Davis,52,M,linda.davis906@email.com,Chicago,IL,Standard,165865,606,2021-08-15
3182,Lisa,Brown,66,F,lisa.brown628@email.com,Austin,OH,Premium,111970,710,2021-03-17
3183,Patricia,Rodriguez,64,M,patricia.rodriguez281@email.com,San Antonio,NY,Standard,100659,660,2022-01-23
3184,Robert,Davis,56,M,robert.davis258@email.com,Philadelphia,CA,Standard,144993,638,2022-06-17
3185,Sarah,Anderson,72,F,sarah.anderson803@email.com,San Jose,FL,Basic,96568,833,2022-08-11
3186,John,Taylor,45,F,john.taylor915@email.com,Jacksonville,OH,Premium,128810,785,2021-09-14
3187,Richard,Jones,20,M,richard.jones609@email.com,New York,FL,Standard,142444,556,2022-10-06
3188,David,Martinez,64,F,david.martinez663@email.com,Los Angeles,NC,Premium,155622,718,2021-05-31
3189,Robert,Garcia,39,F,robert.garcia505@email.com,Los Angeles,WA,Premium,90577,595,2023-06-16
3190,Karen,Williams,32,F,karen.williams955@email.com,Phoenix,OH,Premium,141691,842,2023-05-16
3191,Lisa,Jones,18,F,lisa.jones955@email.com,San Jose,TX,Basic,159834,822,2022-04-10
3192,Sarah,Anderson,48,M,sarah.anderson889@email.com,New York,IL,Basic,122002,654,2021-12-24
3193,Joseph,Miller,38,M,joseph.miller567@email.com,San Antonio,AZ,Standard,41964,630,2021-09-25
3194,Barbara,Jones,68,M,barbara.jones704@email.com,Austin,FL,Standard,128049,657,2022-04-01
3195,Elizabeth,Martinez,72,F,elizabeth.martinez842@email.com,Houston,IL,Standard,96165,742,2021-11-11
3196,James,Taylor,21,M,james.taylor431@email.com,Austin,FL,Basic,31496,742,2023-02-16
3197,John,Martinez,18,F,john.martinez822@email.com,Houston,OH,Basic,156722,805,2023-06-13
3198,Michael,Davis,42,M,michael.davis661@email.com,San Diego,PA,Standard,142028,839,2023-11-08
3199,Joseph,Anderson,45,F,joseph.anderson556@email.com,San Jose,FL,Basic,58774,725,2021-03-23
3200,Karen,Garcia,24,F,karen.garcia723@email.com,Phoenix,CA,VIP,130225,740,2021-03-26
3201,Daniel,Garcia,37,M,daniel.garcia4@email.com,Philadelphia,AZ,Standard,186869,659,2021-04-05
3202,David,Williams,24,F,david.williams197@email.com,Jacksonville,IL,Standard,192587,583,2021-04-24
3203,Christopher,Wilson,39,F,christopher.wilson97@email.com,San Jose,AZ,Premium,186056,798,2023-06-10
3204,Christopher,Wilson,30,M,christopher.wilson170@email.com,New York,IL,Basic,193586,750,2023-09-23
3205,William,Garcia,63,M,william.garcia998@email.com,New York,FL,Standard,179774,688,2022-04-09
3206,Michael,Anderson,71,M,michael.anderson554@email.com,Dallas,CA,Basic,186021,686,2021-04-30
3207,John,Taylor,63,F,john.taylor547@email.com,Los Angeles,NC,Premium,63371,593,2022-08-01
3208,James,Smith,45,F,james.smith980@email.com,Houston,IL,Standard,134702,816,2023-12-01
3209,John,Wilson,56,M,john.wilson872@email.com,Los Angeles,PA,Basic,192836,713,2022-05-09
3210,Sarah,Jones,46,M,sarah.jones131@email.com,Chicago,NY,VIP,52720,813,2023-11-15
3211,Linda,Garcia,59,F,linda.garcia416@email.com,Dallas,AZ,Premium,119751,808,2021-07-18
3212,Charles,Brown,21,F,charles.brown353@email.com,Los Angeles,WA,Basic,57218,581,2021-08-05
3213,Robert,Thomas,18,M,robert.thomas744@email.com,Chicago,TX,Standard,107507,622,2023-12-19
3214,Robert,Jones,72,M,robert.jones53@email.com,New York,IL,VIP,170596,802,2023-05-27
3215,Mary,Jones,64,F,mary.jones843@email.com,New York,CA,Basic,86489,574,2023-03-15
3216,Joseph,Martinez,59,F,joseph.martinez991@email.com,San Antonio,TX,VIP,110007,777,2022-08-03
3217,Barbara,Anderson,68,M,barbara.anderson21@email.com,New York,AZ,Basic,41602,761,2021-10-29
3218,Joseph,Williams,32,M,joseph.williams717@email.com,New York,AZ,Basic,135659,749,2023-05-25
3219,Patricia,Thomas,31,M,patricia.thomas940@email.com,Philadelphia,TX,Standard,175138,796,2023-09-17
3220,Daniel,Wilson,38,F,daniel.wilson835@email.com,Houston,WA,Basic,132278,557,2022-06-24
3221,Lisa,Johnson,46,F,lisa.johnson526@email.com,Austin,NY,Standard,198535,681,2023-06-02
3222,Mary,Anderson,31,F,mary.anderson919@email.com,San Jose,OH,Premium,50963,704,2022-10-22
3223,Lisa,Garcia,44,F,lisa.garcia300@email.com,Austin,WA,Basic,84904,621,2021-08-20
3224,John,Rodriguez,25,M,john.rodriguez5@email.com,Dallas,FL,Basic,180336,588,2023-10-26
3225,Nancy,Jones,26,M,nancy.jones211@email.com,New York,NC,Basic,40914,832,2021-02-20
3226,Thomas,Taylor,26,F,thomas.taylor259@email.com,Phoenix,PA,Standard,105076,696,2021-12-23
3227,Joseph,Rodriguez,35,M,joseph.rodriguez474@email.com,Houston,OH,VIP,149961,832,2023-12-10
3228,Robert,Smith,34,M,robert.smith196@email.com,Austin,AZ,Premium,89901,713,2023-08-25
3229,Susan,Taylor,45,F,susan.taylor957@email.com,Los Angeles,AZ,Basic,69326,848,2022-05-12
3230,Jennifer,Anderson,62,F,jennifer.anderson441@email.com,Los Angeles,NY,Basic,130890,761,2021-08-18
3231,James,Davis,73,F,james.davis937@email.com,Houston,AZ,Basic,149092,684,2021-07-09
3232,John,Jones,35,F,john.jones681@email.com,Los Angeles,AZ,Basic,127812,738,2021-11-27
3233,Robert,Williams,24,M,robert.williams338@email.com,Chicago,NC,Basic,114877,834,2021-02-02
3234,Joseph,Anderson,48,M,joseph.anderson301@email.com,Phoenix,NY,Premium,115841,558,2022-03-27
3235,Jessica,Johnson,36,M,jessica.johnson991@email.com,Houston,NC,Standard,85325,667,2022-06-26
3236,Karen,Williams,68,M,karen.williams710@email.com,Chicago,PA,Premium,57611,552,2021-03-05
3237,John,Martinez,23,F,john.martinez254@email.com,Jacksonville,WA,Premium,179025,744,2023-06-20
3238,John,Williams,43,F,john.williams507@email.com,Houston,AZ,Standard,187764,711,2021-05-25
3239,Karen,Miller,66,F,karen.miller84@email.com,Philadelphia,NY,Standard,142442,746,2023-11-24
3240,Mary,Thomas,42,M,mary.thomas840@email.com,Dallas,CA,Premium,40623,556,2022-01-09
3241,Patricia,Brown,31,F,patricia.brown728@email.com,Chicago,FL,Standard,44836,747,2023-09-28
3242,Mary,Johnson,42,F,mary.johnson383@email.com,Philadelphia,WA,Premium,59214,675,2023-02-11
3243,Nancy,Davis,35,M,nancy.davis341@email.com,Los Angeles,TX,Standard,177702,751,2022-01-24
3244,Linda,Rodriguez,28,M,linda.rodriguez776@email.com,San Antonio,NC,Standard,38138,828,2021-07-09
3245,Thomas,Miller,45,M,thomas.miller862@email.com,Jacksonville,AZ,Basic,100289,837,2022-11-20
3246,William,Moore,61,M,william.moore230@email.com,Jacksonville,NY,VIP,157849,748,2022-01-24
3247,Michael,Miller,41,M,michael.miller673@email.com,Philadelphia,NC,Basic,182450,588,2023-05-27
3248,Daniel,Johnson,20,F,daniel.johnson988@email.com,Austin,PA,Basic,185369,817,2022-09-21
3249,Jessica,Taylor,35,M,jessica.taylor263@email.com,New York,WA,Basic,129112,763,2023-11-22
3250,William,Rodriguez,48,M,william.rodriguez680@email.com,Los Angeles,IL,Standard,114826,565,2021-01-02
3251,John,Moore,32,M,john.moore509@email.com,New York,TX,Standard,170739,639,2021-06-18
3252,Lisa,Wilson,62,F,lisa.wilson240@email.com,San Jose,TX,Standard,161442,779,2023-04-30
3253,William,Thomas,44,F,william.thomas631@email.com,Dallas,IL,Basic,64662,553,2022-05-01
3254,Christopher,Thomas,74,F,christopher.thomas380@email.com,San Antonio,IL,Standard,102357,585,2021-07-15
3255,Charles,Williams,45,F,charles.williams821@email.com,Dallas,PA,Premium,137582,710,2021-11-15
3256,Karen,Taylor,19,F,karen.taylor780@email.com,Jacksonville,OH,Basic,44669,788,2022-08-06
3257,Barbara,Taylor,36,F,barbara.taylor604@email.com,Houston,FL,Standard,69774,729,2021-11-15
3258,Sarah,Williams,31,F,sarah.williams124@email.com,Austin,FL,Basic,156438,622,2023-08-27
3259,Barbara,Smith,36,F,barbara.smith445@email.com,San Antonio,FL,Basic,169037,796,2021-06-08
3260,Nancy,Anderson,63,F,nancy.anderson638@email.com,San Antonio,NC,Basic,56109,789,2021-12-03
3261,Nancy,Moore,70,F,nancy.moore157@email.com,Jacksonville,FL,VIP,37785,633,2023-11-11
3262,Susan,Taylor,47,F,susan.taylor830@email.com,Phoenix,IL,Standard,136669,551,2021-06-06
3263,William,Miller,60,M,william.miller945@email.com,Houston,OH,Premium,178281,762,2023-05-20
3264,William,Anderson,32,F,william.anderson130@email.com,Austin,TX,Standard,55916,776,2022-04-26
3265,Patricia,Miller,34,M,patricia.miller417@email.com,San Diego,PA,Standard,124527,679,2021-05-10
3266,Robert,Garcia,67,M,robert.garcia711@email.com,Jacksonville,NC,Standard,194133,676,2023-03-29
3267,Patricia,Brown,30,F,patricia.brown106@email.com,San Antonio,NC,Standard,142379,669,2023-12-02
3268,Jennifer,Smith,44,F,jennifer.smith142@email.com,Philadelphia,WA,Basic,31214,751,2023-03-20
3269,Jennifer,Martinez,26,M,jennifer.martinez92@email.com,New York,TX,Standard,124532,730,2022-05-10
3270,Lisa,Jones,45,F,lisa.jones302@email.com,Los Angeles,WA,VIP,183512,690,2023-08-31
3271,Richard,Brown,25,M,richard.brown791@email.com,Chicago,WA,Basic,75596,551,2023-03-30
3272,Linda,Anderson,59,M,linda.anderson630@email.com,San Jose,OH,Standard,110902,707,2022-08-01
3273,William,Brown,43,M,william.brown258@email.com,Austin,PA,Standard,103729,783,2021-10-07
3274,Elizabeth,Rodriguez,23,M,elizabeth.rodriguez273@email.com,Austin,TX,Standard,114773,754,2022-09-10
3275,Sarah,Thomas,29,F,sarah.thomas176@email.com,Philadelphia,AZ,Standard,37664,585,2021-07-12
3276,Linda,Rodriguez,40,F,linda.rodriguez133@email.com,Phoenix,WA,Standard,106826,756,2021-07-01
3277,Charles,Williams,23,F,charles.williams617@email.com,Austin,NC,Premium,178500,613,2023-07-11
3278,Charles,Anderson,23,M,charles.anderson935@email.com,San Diego,CA,Premium,56407,640,2023-01-08
3279,David,Williams,34,F,david.williams625@email.com,San Jose,FL,Basic,41656,773,2022-01-19
3280,Joseph,Anderson,40,M,joseph.anderson749@email.com,Phoenix,CA,VIP,163097,629,2023-09-28
3281,Patricia,Brown,46,F,patricia.brown580@email.com,Houston,TX,Basic,157116,659,2021-09-22
3282,Sarah,Davis,51,F,sarah.davis113@email.com,Phoenix,CA,Standard,120914,728,2021-11-06
3283,Joseph,Wilson,26,F,joseph.wilson81@email.com,Philadelphia,OH,Standard,52385,624,2022-02-13
3284,Susan,Thomas,33,M,susan.thomas543@email.com,Houston,WA,Premium,151829,660,2022-12-23
3285,Michael,Johnson,53,F,michael.johnson780@email.com,San Jose,NC,Basic,46285,668,2023-04-04
3286,Nancy,Williams,39,F,nancy.williams408@email.com,Phoenix,CA,Basic,185563,737,2021-07-04
3287,David,Davis,48,M,david.davis862@email.com,Los Angeles,NY,Premium,59178,806,2021-08-13
3288,Jennifer,Martinez,58,M,jennifer.martinez66@email.com,Chicago,NC,Standard,156139,823,2023-01-05
3289,Charles,Taylor,34,M,charles.taylor857@email.com,San Jose,NY,Basic,139527,706,2021-03-22
3290,Barbara,Thomas,38,M,barbara.thomas95@email.com,Chicago,AZ,Standard,40630,725,2021-10-19
3291,William,Wilson,27,F,william.wilson761@email.com,San Diego,CA,Premium,130563,714,2021-11-11
3292,John,Moore,18,F,john.moore312@email.com,Phoenix,PA,Standard,147910,700,2022-02-13
3293,Barbara,Garcia,56,F,barbara.garcia833@email.com,Phoenix,OH,Basic,68362,685,2022-12-05
3294,Sarah,Moore,53,M,sarah.moore242@email.com,Dallas,AZ,Basic,186131,718,2022-09-06
3295,Sarah,Johnson,44,F,sarah.johnson764@email.com,San Antonio,FL,Basic,62856,758,2021-11-25
3296,Sarah,Miller,46,M,sarah.miller320@email.com,San Diego,TX,Basic,104058,636,2022-12-29
3297,Michael,Moore,29,M,michael.moore895@email.com,Philadelphia,NC,Premium,90646,840,2023-02-16
3298,Joseph,Williams,71,F,joseph.williams878@email.com,San Antonio,IL,Basic,127863,709,2023-08-03
3299,James,Garcia,49,F,james.garcia570@email.com,Dallas,OH,Standard,77794,757,2023-06-09
3300,Patricia,Martinez,45,F,patricia.martinez41@email.com,San Diego,OH,Basic,186769,644,2023-04-22
3301,Joseph,Thomas,50,M,joseph.thomas123@email.com,San Diego,AZ,Standard,58831,686,2021-07-30
3302,Jennifer,Martinez,68,F,jennifer.martinez513@email.com,Dallas,AZ,Standard,73255,560,2022-01-07
3303,Daniel,Jones,54,F,daniel.jones648@email.com,Jacksonville,AZ,Standard,96070,582,2024-01-01
3304,William,Martinez,42,F,william.martinez901@email.com,San Diego,NC,Standard,60645,651,2021-08-03
3305,Lisa,Jones,66,F,lisa.jones322@email.com,Philadelphia,PA,Standard,159482,728,2021-07-28
3306,Lisa,Williams,33,F,lisa.williams653@email.com,New York,TX,Standard,56067,714,2021-03-01
3307,Susan,Davis,49,F,susan.davis802@email.com,Philadelphia,CA,Premium,37924,785,2023-01-19
3308,Joseph,Miller,22,M,joseph.miller787@email.com,Philadelphia,AZ,Basic,154817,781,2023-11-22
3309,John,Williams,22,M,john.williams643@email.com,New York,TX,Premium,67505,675,2023-06-07
3310,Susan,Garcia,42,F,susan.garcia842@email.com,Austin,TX,VIP,140719,640,2021-04-16
3311,Thomas,Miller,58,F,thomas.miller19@email.com,Houston,AZ,VIP,137443,812,2023-11-22
3312,Michael,Smith,53,M,michael.smith570@email.com,San Diego,NY,Standard,126088,550,2023-12-29
3313,James,Rodriguez,21,F,james.rodriguez176@email.com,Austin,IL,Standard,44801,841,2023-06-30
3314,Karen,Jones,65,F,karen.jones138@email.com,San Antonio,NC,Standard,91694,552,2021-10-25
3315,Thomas,Brown,36,F,thomas.brown322@email.com,San Diego,IL,Standard,175247,805,2021-03-08
3316,Michael,Brown,22,F,michael.brown560@email.com,San Antonio,OH,Premium,107364,646,2023-12-29
3317,Sarah,Martinez,51,M,sarah.martinez963@email.com,Dallas,AZ,Basic,52553,756,2022-11-05
3318,Lisa,Garcia,72,M,lisa.garcia923@email.com,Jacksonville,CA,Standard,198261,849,2021-03-01
3319,Christopher,Wilson,69,F,christopher.wilson630@email.com,Philadelphia,AZ,Premium,129659,788,2022-07-27
3320,Karen,Martinez,23,F,karen.martinez230@email.com,Phoenix,NY,VIP,151591,802,2023-07-28
3321,James,Smith,18,F,james.smith663@email.com,Austin,NY,Premium,169131,683,2023-12-28
3322,Jessica,Rodriguez,32,F,jessica.rodriguez749@email.com,New York,NY,Standard,196078,601,2022-04-21
3323,Lisa,Davis,40,M,lisa.davis628@email.com,San Antonio,OH,Premium,176142,745,2021-07-26
3324,Robert,Davis,24,M,robert.davis108@email.com,Philadelphia,IL,Basic,158591,724,2022-06-05
3325,Mary,Rodriguez,52,M,mary.rodriguez63@email.com,Los Angeles,IL,Basic,158739,685,2023-03-08
3326,William,Rodriguez,32,F,william.rodriguez913@email.com,Los Angeles,NC,Basic,169802,667,2022-04-30
3327,Sarah,Martinez,43,M,sarah.martinez24@email.com,San Antonio,CA,Standard,55341,699,2022-01-25
3328,Richard,Davis,42,F,richard.davis651@email.com,Dallas,WA,Premium,148511,719,2021-11-11
3329,William,Martinez,51,F,william.martinez352@email.com,Chicago,WA,Basic,124947,636,2022-10-22
3330,Jennifer,Jones,72,F,jennifer.jones257@email.com,Houston,OH,Basic,198782,650,2021-03-30
3331,Sarah,Smith,25,F,sarah.smith613@email.com,San Diego,NC,Premium,43067,828,2022-06-25
3332,Robert,Smith,45,F,robert.smith909@email.com,New York,FL,Basic,181260,759,2022-09-15
3333,William,Miller,58,M,william.miller563@email.com,Dallas,AZ,Standard,99146,773,2021-09-30
3334,Mary,Johnson,62,F,mary.johnson242@email.com,Los Angeles,TX,Premium,48253,686,2021-10-14
3335,Nancy,Martinez,61,F,nancy.martinez711@email.com,San Diego,AZ,Premium,114689,579,2022-08-15
3336,Richard,Wilson,59,F,richard.wilson565@email.com,Austin,IL,Basic,189151,824,2022-07-02
3337,Linda,Garcia,56,F,linda.garcia210@email.com,Chicago,NC,Standard,139453,672,2023-11-04
3338,Jessica,Garcia,69,M,jessica.garcia894@email.com,Chicago,AZ,Premium,41438,582,2023-01-24
3339,Charles,Rodriguez,67,M,charles.rodriguez249@email.com,Austin,AZ,Basic,83646,767,2022-01-23
3340,Sarah,Smith,67,F,sarah.smith892@email.com,Philadelphia,CA,Standard,149207,767,2021-03-31
3341,David,Davis,43,M,david.davis974@email.com,Jacksonville,NY,Standard,31234,613,2023-11-12
3342,Patricia,Jones,44,M,patricia.jones851@email.com,Houston,NY,Premium,175007,778,2022-03-19
3343,Jennifer,Miller,46,M,jennifer.miller393@email.com,Houston,CA,Standard,159779,676,2023-03-11
3344,Richard,Moore,72,M,richard.moore657@email.com,Austin,CA,Premium,159821,625,2021-09-06
3345,Mary,Miller,51,F,mary.miller219@email.com,Phoenix,AZ,Standard,115363,665,2022-02-12
3346,David,Jones,31,M,david.jones918@email.com,San Diego,NY,Standard,128293,605,2023-12-23
3347,Christopher,Brown,38,F,christopher.brown853@email.com,Philadelphia,FL,Standard,138188,574,2021-06-15
3348,Charles,Miller,56,M,charles.miller322@email.com,Chicago,NY,Premium,142400,569,2022-03-03
3349,Joseph,Martinez,69,F,joseph.martinez353@email.com,Austin,CA,Basic,190797,746,2022-03-06
3350,Lisa,Moore,31,M,lisa.moore233@email.com,Phoenix,FL,VIP,82023,805,2022-12-29
3351,Joseph,Williams,63,M,joseph.williams33@email.com,Chicago,AZ,Premium,136582,725,2022-07-30
3352,Michael,Jones,26,M,michael.jones887@email.com,Philadelphia,OH,Standard,182667,782,2022-03-24
3353,Lisa,Moore,69,M,lisa.moore11@email.com,Houston,NY,Basic,36325,816,2021-08-28
3354,Nancy,Garcia,21,F,nancy.garcia468@email.com,San Antonio,CA,Basic,94063,779,2023-11-20
3355,Sarah,Rodriguez,45,M,sarah.rodriguez114@email.com,San Jose,TX,Standard,52148,649,2021-09-22
3356,Nancy,Johnson,38,F,nancy.johnson913@email.com,Houston,WA,Standard,186164,563,2022-06-26
3357,Jessica,Garcia,33,M,jessica.garcia305@email.com,Dallas,WA,Basic,195602,755,2023-04-23
3358,Charles,Smith,62,F,charles.smith93@email.com,New York,WA,Standard,44961,738,2022-03-29
3359,Thomas,Martinez,32,M,thomas.martinez596@email.com,San Jose,OH,Standard,154439,688,2021-05-18
3360,Patricia,Wilson,63,F,patricia.wilson49@email.com,Los Angeles,PA,Standard,87585,601,2021-02-03
3361,Patricia,Williams,37,F,patricia.williams750@email.com,Los Angeles,OH,Premium,128798,555,2022-08-15
3362,Sarah,Moore,22,F,sarah.moore962@email.com,Phoenix,TX,Basic,175646,559,2021-01-02
3363,Linda,Miller,20,F,linda.miller479@email.com,Los Angeles,OH,Premium,97031,596,2023-03-16
3364,Daniel,Anderson,62,F,daniel.anderson4@email.com,New York,IL,Standard,132206,648,2022-08-25
3365,Lisa,Wilson,27,M,lisa.wilson1@email.com,New York,WA,Basic,132635,584,2022-03-14
3366,James,Garcia,24,M,james.garcia377@email.com,Jacksonville,NY,Basic,130076,655,2021-01-14
3367,Daniel,Miller,28,M,daniel.miller504@email.com,New York,AZ,Standard,110058,587,2021-06-27
3368,David,Davis,41,M,david.davis584@email.com,Dallas,IL,Standard,82409,702,2021-12-16
3369,Christopher,Taylor,31,F,christopher.taylor296@email.com,Los Angeles,FL,Premium,170193,734,2023-11-09
3370,John,Garcia,45,M,john.garcia473@email.com,Phoenix,NC,Basic,88017,755,2023-11-09
3371,Karen,Jones,24,F,karen.jones73@email.com,Phoenix,TX,Premium,155050,711,2023-02-27
3372,Karen,Jones,68,F,karen.jones89@email.com,Los Angeles,WA,Standard,176601,652,2021-09-22
3373,William,Garcia,47,F,william.garcia465@email.com,Los Angeles,NC,Premium,162639,765,2023-06-04
3374,Robert,Thomas,29,M,robert.thomas360@email.com,Chicago,NC,Standard,101215,641,2023-06-20
3375,Sarah,Thomas,37,F,sarah.thomas134@email.com,San Antonio,WA,Basic,83577,695,2022-03-08
3376,Nancy,Martinez,31,F,nancy.martinez352@email.com,San Jose,TX,Basic,91779,734,2023-08-05
3377,Jessica,Jones,36,F,jessica.jones886@email.com,Phoenix,WA,Standard,175705,703,2023-04-02
3378,Karen,Williams,47,M,karen.williams937@email.com,San Jose,PA,Premium,99740,777,2021-11-14
3379,John,Brown,44,F,john.brown691@email.com,Philadelphia,WA,Standard,154011,759,2021-08-22
3380,Richard,Garcia,69,F,richard.garcia900@email.com,San Diego,PA,Standard,80722,845,2023-01-23
3381,Sarah,Moore,25,M,sarah.moore613@email.com,Austin,AZ,Basic,121427,659,2022-12-13
3382,Elizabeth,Anderson,19,M,elizabeth.anderson287@email.com,San Antonio,TX,Basic,31002,586,2022-04-27
3383,Joseph,Taylor,66,F,joseph.taylor202@email.com,Jacksonville,WA,Basic,104061,783,2021-10-02
3384,Jennifer,Jones,33,F,jennifer.jones139@email.com,New York,AZ,Basic,161409,796,2022-11-30
3385,James,Brown,54,F,james.brown532@email.com,San Antonio,WA,Basic,94871,652,2022-12-01
3386,Charles,Miller,54,M,charles.miller951@email.com,Dallas,TX,VIP,190927,746,2023-12-26
3387,Charles,Jones,33,M,charles.jones178@email.com,San Antonio,NC,Standard,113208,620,2022-12-26
3388,Jennifer,Anderson,66,M,jennifer.anderson788@email.com,Dallas,TX,Standard,58052,659,2022-01-12
3389,Daniel,Smith,73,M,daniel.smith547@email.com,Chicago,PA,Basic,140297,654,2021-02-01
3390,William,Brown,50,F,william.brown134@email.com,San Antonio,WA,Premium,138118,732,2022-10-11
3391,James,Davis,33,F,james.davis847@email.com,Phoenix,CA,Standard,180800,773,2023-03-29
3392,Karen,Thomas,54,M,karen.thomas800@email.com,Dallas,TX,Basic,155273,724,2022-02-12
3393,Jessica,Rodriguez,48,M,jessica.rodriguez746@email.com,Houston,CA,Basic,160225,745,2022-08-06
3394,David,Davis,45,F,david.davis227@email.com,Austin,AZ,Basic,74761,822,2022-06-19
3395,Michael,Garcia,61,M,michael.garcia506@email.com,San Jose,IL,Standard,142117,770,2023-03-15
3396,Patricia,Anderson,25,M,patricia.anderson47@email.com,Phoenix,IL,Standard,54258,614,2023-07-08
3397,David,Thomas,57,M,david.thomas50@email.com,Chicago,OH,Standard,146856,781,2021-04-11
3398,Charles,Anderson,39,F,charles.anderson800@email.com,San Diego,TX,Standard,175788,802,2023-11-15
3399,Robert,Rodriguez,62,F,robert.rodriguez411@email.com,Dallas,FL,Premium,61323,622,2021-05-13
3400,John,Rodriguez,24,M,john.rodriguez361@email.com,Los Angeles,FL,Basic,35001,778,2022-07-28
3401,Barbara,Davis,46,M,barbara.davis551@email.com,Houston,CA,Standard,102727,687,2023-09-27
3402,David,Jones,44,M,david.jones722@email.com,San Jose,OH,Standard,127052,647,2022-04-06
3403,Jessica,Garcia,71,M,jessica.garcia97@email.com,Jacksonville,TX,Standard,88092,649,2021-03-07
3404,Joseph,Williams,43,M,joseph.williams972@email.com,San Diego,AZ,Standard,97264,785,2021-09-26
3405,Lisa,Miller,55,M,lisa.miller309@email.com,Chicago,AZ,VIP,43586,787,2023-04-18
3406,Elizabeth,Williams,74,M,elizabeth.williams496@email.com,Phoenix,PA,Standard,191294,573,2022-02-16
3407,Robert,Taylor,27,F,robert.taylor60@email.com,Chicago,TX,Basic,169737,725,2021-06-19
3408,Susan,Taylor,35,M,susan.taylor490@email.com,San Jose,AZ,Basic,58514,565,2022-11-01
3409,Daniel,Davis,40,M,daniel.davis194@email.com,Chicago,AZ,Basic,181937,711,2022-09-19
3410,Daniel,Anderson,45,F,daniel.anderson54@email.com,Phoenix,FL,Basic,55456,784,2023-03-21
3411,Nancy,Davis,41,M,nancy.davis881@email.com,New York,PA,Standard,58069,706,2023-01-06
3412,David,Smith,65,F,david.smith321@email.com,Los Angeles,TX,Basic,94580,729,2021-11-18
3413,John,Miller,39,F,john.miller463@email.com,Chicago,OH,Standard,116522,755,2023-07-20
3414,Elizabeth,Garcia,48,F,elizabeth.garcia102@email.com,San Diego,IL,Basic,37245,835,2021-10-23
3415,Patricia,Williams,24,M,patricia.williams334@email.com,Houston,FL,Standard,107357,561,2021-12-21
3416,Lisa,Wilson,48,F,lisa.wilson201@email.com,Dallas,FL,Premium,156747,840,2021-11-22
3417,John,Miller,58,F,john.miller193@email.com,Jacksonville,NC,Basic,113874,623,2023-05-29
3418,Linda,Wilson,44,M,linda.wilson329@email.com,Los Angeles,TX,Basic,106888,578,2021-06-16
3419,Elizabeth,Moore,63,M,elizabeth.moore519@email.com,Los Angeles,FL,VIP,92921,604,2021-06-14
3420,Patricia,Thomas,68,F,patricia.thomas855@email.com,Chicago,AZ,Basic,153127,768,2021-12-09
3421,William,Rodriguez,51,F,william.rodriguez784@email.com,New York,FL,Standard,114910,608,2023-04-01
3422,Patricia,Smith,39,M,patricia.smith735@email.com,Jacksonville,NY,Basic,62608,702,2023-02-05
3423,John,Garcia,73,F,john.garcia58@email.com,San Jose,FL,Standard,158257,591,2022-08-20
3424,Thomas,Johnson,24,M,thomas.johnson415@email.com,San Antonio,PA,Basic,175520,745,2021-08-23
3425,Patricia,Brown,49,M,patricia.brown246@email.com,San Jose,OH,Basic,178431,605,2021-09-04
3426,Barbara,Moore,47,M,barbara.moore254@email.com,Jacksonville,NY,Standard,63705,695,2021-04-13
3427,Lisa,Garcia,71,F,lisa.garcia520@email.com,New York,OH,Premium,58213,815,2021-01-31
3428,James,Taylor,40,M,james.taylor379@email.com,Dallas,NC,Standard,188995,711,2023-06-18
3429,Daniel,Smith,26,M,daniel.smith129@email.com,San Diego,PA,Basic,66426,552,2023-12-28
3430,John,Williams,65,F,john.williams693@email.com,San Jose,TX,Premium,62784,641,2023-08-17
3431,William,Moore,69,M,william.moore516@email.com,Los Angeles,NC,Standard,94997,668,2021-03-11
3432,David,Anderson,70,F,david.anderson972@email.com,San Antonio,PA,Standard,65295,578,2022-04-09
3433,Charles,Taylor,31,M,charles.taylor584@email.com,New York,WA,Premium,182031,652,2022-01-09
3434,Jessica,Brown,59,M,jessica.brown59@email.com,Phoenix,IL,Basic,102732,644,2023-06-11
3435,David,Johnson,57,F,david.johnson565@email.com,Jacksonville,OH,Basic,78087,779,2021-04-06
3436,Nancy,Davis,18,M,nancy.davis958@email.com,San Antonio,AZ,Basic,134440,620,2022-05-22
3437,Daniel,Garcia,37,F,daniel.garcia84@email.com,Los Angeles,NY,Premium,63881,562,2021-11-15
3438,Sarah,Taylor,58,M,sarah.taylor8@email.com,Houston,OH,Premium,50331,553,2023-03-15
3439,Elizabeth,Johnson,67,M,elizabeth.johnson593@email.com,Houston,IL,Basic,136173,751,2021-11-17
3440,Elizabeth,Brown,54,M,elizabeth.brown718@email.com,Dallas,NY,VIP,38606,666,2021-10-09
3441,William,Davis,39,F,william.davis377@email.com,Los Angeles,AZ,Standard,74824,789,2022-05-31
3442,David,Martinez,33,F,david.martinez803@email.com,Chicago,CA,Standard,39133,587,2022-05-25
3443,Michael,Davis,29,M,michael.davis575@email.com,San Antonio,IL,Premium,157560,768,2021-12-03
3444,William,Smith,45,F,william.smith294@email.com,Houston,NC,Standard,129559,807,2023-04-14
3445,Barbara,Jones,33,F,barbara.jones686@email.com,San Jose,NC,Premium,178348,722,2021-02-11
3446,Nancy,Rodriguez,27,M,nancy.rodriguez884@email.com,Los Angeles,IL,Basic,162333,662,2022-01-12
3447,Jennifer,Davis,45,F,jennifer.davis207@email.com,San Jose,NC,Premium,109603,771,2022-10-28
3448,Nancy,Smith,50,F,nancy.smith25@email.com,Los Angeles,IL,Standard,121697,768,2023-04-01
3449,Mary,Martinez,32,M,mary.martinez947@email.com,Phoenix,OH,Standard,54107,552,2021-05-09
3450,Mary,Davis,57,M,mary.davis1@email.com,Los Angeles,IL,Basic,90601,575,2021-11-07
3451,Charles,Taylor,24,M,charles.taylor634@email.com,Philadelphia,PA,Standard,63289,797,2023-01-20
3452,Charles,Thomas,25,F,charles.thomas932@email.com,San Jose,FL,Standard,103520,588,2021-05-29
3453,David,Wilson,64,F,david.wilson574@email.com,New York,NC,Standard,49391,699,2022-02-12
3454,Thomas,Anderson,56,F,thomas.anderson102@email.com,Houston,IL,Basic,156343,813,2023-05-18
3455,David,Garcia,69,F,david.garcia368@email.com,Chicago,IL,Premium,151760,760,2021-09-09
3456,Patricia,Taylor,67,F,patricia.taylor637@email.com,Jacksonville,NY,Basic,174065,677,2021-03-16
3457,Lisa,Rodriguez,22,M,lisa.rodriguez163@email.com,Houston,WA,VIP,141178,572,2022-08-20
3458,Susan,Williams,28,F,susan.williams498@email.com,Chicago,CA,Standard,93538,801,2021-09-12
3459,James,Davis,51,M,james.davis502@email.com,New York,NC,Basic,101898,570,2021-01-15
3460,Linda,Rodriguez,58,M,linda.rodriguez575@email.com,San Jose,NC,Basic,71893,612,2022-06-26
3461,Patricia,Moore,69,M,patricia.moore606@email.com,Houston,FL,Premium,145688,766,2021-06-04
3462,Barbara,Taylor,63,M,barbara.taylor958@email.com,New York,NY,Premium,179148,822,2022-02-11
3463,Jennifer,Davis,39,M,jennifer.davis579@email.com,San Antonio,AZ,Premium,43423,645,2022-02-27
3464,Richard,Thomas,29,M,richard.thomas815@email.com,Chicago,NY,VIP,188778,724,2021-07-25
3465,Mary,Brown,62,M,mary.brown416@email.com,Austin,OH,Basic,142480,595,2021-09-29
3466,Sarah,Smith,74,M,sarah.smith907@email.com,New York,IL,Standard,101484,788,2021-09-25
3467,Susan,Johnson,71,F,susan.johnson654@email.com,Los Angeles,IL,Standard,31971,754,2023-07-12
3468,Christopher,Wilson,24,F,christopher.wilson191@email.com,San Jose,NC,Basic,52975,627,2022-07-22
3469,Barbara,Anderson,40,F,barbara.anderson417@email.com,San Antonio,FL,Standard,149096,827,2022-03-17
3470,Charles,Johnson,32,M,charles.johnson936@email.com,Chicago,WA,Standard,184944,816,2021-12-27
3471,Lisa,Taylor,31,M,lisa.taylor292@email.com,Phoenix,TX,Premium,182425,682,2021-11-15
3472,Robert,Martinez,68,F,robert.martinez165@email.com,San Jose,WA,Basic,128420,629,2021-12-01
3473,Elizabeth,Rodriguez,37,F,elizabeth.rodriguez396@email.com,New York,FL,Premium,38605,714,2023-05-15
3474,Linda,Davis,46,F,linda.davis330@email.com,Los Angeles,TX,Standard,75070,696,2021-09-27
3475,Lisa,Jones,57,F,lisa.jones774@email.com,Philadelphia,PA,Standard,185357,773,2022-01-04
3476,Mary,Thomas,42,M,mary.thomas127@email.com,San Jose,CA,Standard,64880,663,2023-03-16
3477,Patricia,Anderson,66,M,patricia.anderson265@email.com,Jacksonville,FL,Standard,140440,664,2021-01-07
3478,Linda,Brown,26,F,linda.brown828@email.com,Los Angeles,PA,Basic,158335,770,2021-11-25
3479,Christopher,Miller,37,F,christopher.miller688@email.com,Los Angeles,TX,Standard,49210,675,2023-05-30
3480,Patricia,Wilson,32,M,patricia.wilson439@email.com,San Diego,CA,Basic,147022,769,2021-05-21
3481,Patricia,Thomas,21,F,patricia.thomas61@email.com,New York,FL,Standard,83084,693,2022-10-13
3482,Susan,Smith,62,M,susan.smith405@email.com,Dallas,NC,Standard,106793,688,2021-01-10
3483,Nancy,Garcia,54,F,nancy.garcia733@email.com,Philadelphia,PA,Standard,175339,675,2021-05-21
3484,David,Johnson,71,M,david.johnson455@email.com,Jacksonville,CA,Premium,88453,753,2023-11-06
3485,Patricia,Garcia,68,M,patricia.garcia170@email.com,New York,WA,Standard,83016,586,2023-06-04
3486,Mary,Moore,27,F,mary.moore395@email.com,Chicago,PA,Basic,159806,656,2022-02-21
3487,Nancy,Johnson,67,M,nancy.johnson767@email.com,New York,PA,Standard,136321,577,2022-11-13
3488,Karen,Moore,57,M,karen.moore443@email.com,Los Angeles,AZ,Basic,30600,751,2021-01-15
3489,Jessica,Davis,63,F,jessica.davis640@email.com,Los Angeles,PA,Basic,38578,763,2023-11-10
3490,James,Jones,23,M,james.jones741@email.com,Chicago,TX,Premium,163245,709,2023-08-06
3491,Michael,Rodriguez,36,F,michael.rodriguez243@email.com,Chicago,OH,Standard,170299,594,2023-10-21
3492,William,Garcia,42,M,william.garcia722@email.com,San Diego,TX,Standard,133411,555,2023-10-26
3493,Charles,Smith,50,F,charles.smith538@email.com,Jacksonville,NY,Standard,38663,647,2022-11-21
3494,Christopher,Anderson,20,M,christopher.anderson628@email.com,San Diego,CA,Basic,71992,577,2022-02-10
3495,Patricia,Jones,59,F,patricia.jones123@email.com,Jacksonville,OH,Standard,103471,640,2022-06-06
3496,Jessica,Anderson,50,F,jessica.anderson980@email.com,Chicago,CA,VIP,51742,825,2022-08-26
3497,Charles,Rodriguez,57,F,charles.rodriguez204@email.com,San Diego,OH,Standard,167067,748,2021-11-09
3498,John,Miller,74,M,john.miller581@email.com,Los Angeles,IL,Standard,142845,620,2023-11-11
3499,Nancy,Wilson,43,M,nancy.wilson726@email.com,Dallas,AZ,Standard,154344,715,2023-12-27
3500,Mary,Miller,56,F,mary.miller640@email.com,Houston,OH,Premium,179500,773,2023-03-05
3501,John,Anderson,49,F,john.anderson974@email.com,San Antonio,OH,Premium,113763,780,2023-10-24
3502,Christopher,Miller,36,M,christopher.miller247@email.com,Austin,NY,Standard,110525,624,2021-11-19
3503,Christopher,Moore,19,M,christopher.moore908@email.com,Houston,NY,Basic,171149,672,2021-06-03
3504,Daniel,Williams,28,M,daniel.williams352@email.com,New York,TX,Standard,121434,561,2023-08-27
3505,William,Johnson,36,F,william.johnson19@email.com,Austin,NC,Standard,59420,797,2021-04-02
3506,Thomas,Wilson,48,F,thomas.wilson43@email.com,Dallas,IL,Basic,189935,562,2021-10-14
3507,Charles,Thomas,38,F,charles.thomas426@email.com,Philadelphia,CA,Standard,164418,779,2023-03-09
3508,James,Martinez,25,F,james.martinez332@email.com,Philadelphia,AZ,Basic,92787,697,2021-02-22
3509,Jennifer,Thomas,28,M,jennifer.thomas978@email.com,San Antonio,AZ,Premium,56283,740,2022-07-22
3510,Patricia,Anderson,61,F,patricia.anderson933@email.com,New York,TX,Basic,33769,582,2022-10-15
3511,Lisa,Anderson,22,F,lisa.anderson857@email.com,Dallas,AZ,Basic,116344,604,2022-01-06
3512,David,Jones,64,F,david.jones45@email.com,Houston,IL,VIP,130871,554,2021-10-18
3513,Daniel,Williams,71,M,daniel.williams287@email.com,Houston,FL,Premium,40718,747,2021-08-04
3514,Joseph,Anderson,70,F,joseph.anderson528@email.com,Philadelphia,NY,Basic,99236,598,2022-10-10
3515,Elizabeth,Williams,40,M,elizabeth.williams83@email.com,New York,OH,Premium,105649,756,2023-05-03
3516,David,Williams,45,F,david.williams947@email.com,San Jose,NY,Standard,88197,685,2021-04-12
3517,Robert,Rodriguez,70,M,robert.rodriguez758@email.com,San Jose,AZ,Standard,106341,637,2021-11-30
3518,Joseph,Davis,49,F,joseph.davis749@email.com,Dallas,CA,Premium,110931,709,2023-09-20
3519,John,Wilson,22,F,john.wilson425@email.com,Jacksonville,AZ,Premium,99050,841,2023-06-26
3520,Jennifer,Johnson,47,F,jennifer.johnson991@email.com,Philadelphia,WA,Standard,67180,748,2021-11-21
3521,John,Miller,37,F,john.miller377@email.com,Chicago,CA,Basic,59405,550,2022-05-23
3522,Christopher,Davis,58,M,christopher.davis271@email.com,Los Angeles,OH,Basic,56310,695,2023-08-26
3523,Charles,Moore,52,M,charles.moore818@email.com,Austin,FL,Standard,79477,624,2022-09-15
3524,Jennifer,Davis,25,M,jennifer.davis676@email.com,San Antonio,OH,Premium,122073,687,2022-04-16
3525,Elizabeth,Thomas,62,M,elizabeth.thomas843@email.com,Houston,IL,Standard,123207,732,2022-07-27
3526,Jennifer,Taylor,50,F,jennifer.taylor432@email.com,Chicago,IL,Basic,87419,695,2023-03-26
3527,Karen,Rodriguez,43,F,karen.rodriguez16@email.com,New York,TX,Basic,56391,823,2021-09-10
3528,Mary,Moore,33,M,mary.moore6@email.com,San Antonio,AZ,Basic,140640,644,2022-02-05
3529,Christopher,Moore,70,M,christopher.moore553@email.com,San Antonio,FL,VIP,91727,562,2021-01-16
3530,Linda,Wilson,26,F,linda.wilson782@email.com,San Diego,NY,Standard,136297,776,2021-05-07
3531,Mary,Martinez,59,F,mary.martinez277@email.com,Houston,FL,Standard,190286,759,2021-10-11
3532,Linda,Thomas,46,M,linda.thomas823@email.com,Dallas,FL,Basic,165210,831,2021-10-16
3533,Charles,Moore,57,M,charles.moore252@email.com,Jacksonville,WA,Standard,111639,826,2023-03-10
3534,William,Brown,62,M,william.brown436@email.com,San Diego,CA,Premium,174160,610,2023-03-30
3535,Sarah,Williams,38,F,sarah.williams981@email.com,New York,TX,Standard,124811,804,2021-11-06
3536,Richard,Moore,36,M,richard.moore766@email.com,New York,IL,Basic,129977,775,2022-05-18
3537,Elizabeth,Garcia,43,F,elizabeth.garcia47@email.com,New York,WA,Basic,151037,842,2023-07-07
3538,Elizabeth,Moore,52,M,elizabeth.moore182@email.com,Austin,IL,Basic,196709,745,2021-08-17
3539,Michael,Anderson,59,M,michael.anderson851@email.com,Jacksonville,AZ,VIP,79667,812,2021-07-27
3540,Robert,Anderson,49,F,robert.anderson544@email.com,Los Angeles,OH,Basic,71631,710,2023-07-25
3541,Charles,Wilson,61,F,charles.wilson896@email.com,Philadelphia,WA,Standard,113966,794,2021-04-08
3542,Patricia,Brown,67,M,patricia.brown779@email.com,Phoenix,FL,Standard,193998,755,2022-04-12
3543,Robert,Miller,68,F,robert.miller96@email.com,San Jose,NC,Standard,99115,810,2022-07-18
3544,Daniel,Moore,74,F,daniel.moore277@email.com,Dallas,NC,VIP,80981,711,2023-11-22
3545,David,Moore,24,F,david.moore622@email.com,Houston,WA,Standard,175589,712,2023-06-23
3546,Barbara,Miller,74,F,barbara.miller664@email.com,Chicago,OH,Premium,102436,564,2022-09-18
3547,Thomas,Martinez,27,M,thomas.martinez23@email.com,San Diego,WA,Standard,80525,566,2021-07-20
3548,Michael,Taylor,33,M,michael.taylor750@email.com,Dallas,WA,Standard,39819,754,2022-05-31
3549,Lisa,Martinez,38,M,lisa.martinez889@email.com,Chicago,NC,Premium,161201,750,2023-11-13
3550,David,Taylor,55,F,david.taylor570@email.com,San Diego,NC,Basic,173838,666,2022-07-07
3551,John,Garcia,67,F,john.garcia891@email.com,New York,AZ,Basic,182448,699,2021-08-16
3552,David,Taylor,74,M,david.taylor75@email.com,New York,PA,Standard,79450,618,2021-01-09
3553,Charles,Wilson,66,M,charles.wilson651@email.com,New York,FL,Basic,169972,551,2023-10-04
3554,Richard,Jones,53,M,richard.jones295@email.com,San Diego,OH,Standard,94346,698,2022-11-06
3555,Patricia,Williams,64,F,patricia.williams761@email.com,San Jose,AZ,Basic,123788,774,2023-08-13
3556,Joseph,Anderson,40,F,joseph.anderson735@email.com,Houston,TX,Standard,35847,659,2023-06-12
3557,Christopher,Wilson,42,F,christopher.wilson321@email.com,New York,PA,Standard,116939,581,2022-06-06
3558,Susan,Wilson,62,F,susan.wilson641@email.com,New York,TX,VIP,71396,646,2021-12-12
3559,Karen,Smith,69,M,karen.smith404@email.com,Los Angeles,NC,Basic,148741,765,2022-11-28
3560,Charles,Wilson,56,M,charles.wilson258@email.com,Los Angeles,TX,Standard,74276,840,2023-09-24
3561,Jessica,Jones,46,M,jessica.jones318@email.com,Philadelphia,CA,Standard,148832,581,2023-05-01
3562,Karen,Jones,68,M,karen.jones410@email.com,Phoenix,AZ,Standard,167867,812,2023-02-13
3563,Lisa,Taylor,65,F,lisa.taylor757@email.com,Philadelphia,AZ,Basic,47795,753,2022-12-09
3564,Richard,Rodriguez,73,F,richard.rodriguez20@email.com,Jacksonville,NC,Basic,32785,753,2023-05-21
3565,Susan,Jones,19,M,susan.jones96@email.com,Austin,NY,Standard,140793,651,2022-11-06
3566,William,Brown,50,M,william.brown414@email.com,Dallas,WA,Basic,131262,576,2021-04-04
3567,Lisa,Brown,47,F,lisa.brown57@email.com,San Diego,IL,Premium,97590,654,2022-11-01
3568,Barbara,Miller,22,F,barbara.miller990@email.com,Dallas,OH,Standard,179072,822,2021-07-14
3569,Michael,Garcia,49,M,michael.garcia991@email.com,Jacksonville,NC,VIP,110433,728,2022-11-18
3570,Thomas,Brown,41,F,thomas.brown461@email.com,Jacksonville,OH,Standard,121207,690,2021-11-25
3571,Karen,Davis,69,M,karen.davis912@email.com,Dallas,WA,Premium,136232,687,2023-09-22
3572,Thomas,Moore,68,M,thomas.moore965@email.com,Phoenix,TX,Standard,96469,827,2021-03-24
3573,Robert,Williams,73,F,robert.williams162@email.com,Dallas,NY,Standard,197324,810,2023-12-29
3574,Daniel,Garcia,39,F,daniel.garcia453@email.com,New York,FL,Standard,183165,559,2023-05-17
3575,William,Davis,72,M,william.davis122@email.com,Houston,PA,Premium,178958,685,2021-12-06
3576,Karen,Thomas,24,F,karen.thomas657@email.com,San Antonio,PA,Standard,66561,767,2021-10-09
3577,William,Taylor,25,M,william.taylor917@email.com,San Antonio,CA,Standard,48674,622,2023-08-09
3578,Charles,Davis,24,F,charles.davis925@email.com,Dallas,IL,Premium,192435,746,2022-03-26
3579,Sarah,Johnson,37,M,sarah.johnson773@email.com,New York,NC,Standard,106749,577,2021-05-24
3580,Elizabeth,Smith,35,F,elizabeth.smith967@email.com,Austin,IL,Standard,169553,730,2021-01-25
3581,Mary,Rodriguez,69,F,mary.rodriguez646@email.com,San Jose,PA,Standard,90018,584,2023-06-02
3582,Thomas,Thomas,48,M,thomas.thomas536@email.com,San Diego,CA,Standard,66346,738,2023-10-08
3583,Barbara,Jones,53,M,barbara.jones954@email.com,Houston,TX,Standard,151265,750,2022-01-07
3584,Charles,Williams,66,F,charles.williams54@email.com,Jacksonville,IL,Premium,85560,609,2021-03-15
3585,Richard,Martinez,73,M,richard.martinez949@email.com,New York,CA,Basic,168621,606,2022-04-05
3586,David,Miller,46,M,david.miller25@email.com,San Jose,NC,Standard,94988,754,2022-10-16
3587,Sarah,Moore,57,F,sarah.moore256@email.com,Los Angeles,OH,Basic,91152,794,2021-09-23
3588,Nancy,Davis,48,M,nancy.davis583@email.com,Phoenix,NY,Premium,102203,771,2023-04-29
3589,Patricia,Anderson,46,M,patricia.anderson406@email.com,Jacksonville,AZ,Standard,50142,684,2022-09-05
3590,Sarah,Miller,33,M,sarah.miller945@email.com,San Antonio,IL,Basic,39886,666,2021-06-09
3591,Lisa,Brown,67,F,lisa.brown54@email.com,Philadelphia,NC,Standard,95476,700,2023-07-15
3592,Jessica,Johnson,34,M,jessica.johnson139@email.com,New York,WA,VIP,147484,610,2022-07-17
3593,Daniel,Smith,42,F,daniel.smith267@email.com,San Jose,FL,Standard,41946,664,2022-09-07
3594,Barbara,Davis,46,M,barbara.davis322@email.com,Chicago,NC,Standard,67002,846,2022-01-31
3595,Jennifer,Wilson,25,M,jennifer.wilson133@email.com,Los Angeles,CA,Standard,199345,689,2023-07-03
3596,Daniel,Jones,39,F,daniel.jones201@email.com,San Jose,NY,Basic,79402,730,2022-08-19
3597,David,Garcia,36,F,david.garcia539@email.com,Phoenix,OH,Basic,151973,680,2021-10-18
3598,Richard,Wilson,56,M,richard.wilson259@email.com,Jacksonville,NC,Standard,166804,564,2023-04-05
3599,Karen,Rodriguez,48,F,karen.rodriguez417@email.com,San Antonio,PA,Premium,120598,558,2023-10-28
3600,Christopher,Smith,24,F,christopher.smith141@email.com,Austin,TX,Premium,131906,792,2021-10-22
3601,Jennifer,Miller,22,F,jennifer.miller977@email.com,Dallas,AZ,Standard,77048,662,2021-04-23
3602,Sarah,Davis,62,F,sarah.davis912@email.com,Jacksonville,NY,Standard,101876,654,2021-01-23
3603,John,Johnson,73,M,john.johnson981@email.com,Dallas,WA,Standard,144599,829,2022-01-25
3604,Jessica,Williams,39,M,jessica.williams645@email.com,Jacksonville,NY,VIP,70241,597,2023-12-21
3605,Jessica,Martinez,36,F,jessica.martinez409@email.com,Austin,AZ,Standard,147686,657,2023-07-18
3606,Sarah,Rodriguez,70,F,sarah.rodriguez827@email.com,San Diego,NC,Standard,101232,586,2023-09-17
3607,Thomas,Miller,35,M,thomas.miller31@email.com,Los Angeles,CA,Basic,89164,749,2021-08-05
3608,Joseph,Wilson,47,F,joseph.wilson232@email.com,San Jose,OH,Standard,159799,677,2022-05-17
3609,Richard,Wilson,44,M,richard.wilson25@email.com,Phoenix,WA,VIP,183055,720,2023-05-27
3610,Linda,Garcia,37,M,linda.garcia14@email.com,Chicago,WA,Standard,69693,768,2022-10-15
3611,Karen,Anderson,46,M,karen.anderson948@email.com,Jacksonville,IL,Basic,166146,622,2022-06-19
3612,Susan,Rodriguez,54,F,susan.rodriguez878@email.com,San Antonio,IL,VIP,175413,575,2022-10-05
3613,William,Davis,30,F,william.davis907@email.com,San Diego,FL,Standard,166715,834,2023-06-19
3614,Sarah,Williams,46,F,sarah.williams418@email.com,San Jose,FL,Standard,138812,581,2022-02-05
3615,James,Miller,36,F,james.miller959@email.com,Austin,TX,Standard,101403,740,2023-01-19
3616,Robert,Davis,54,M,robert.davis729@email.com,Austin,WA,Standard,170263,791,2021-08-28
3617,John,Jones,36,F,john.jones602@email.com,Austin,TX,Basic,49313,812,2023-12-03
3618,Thomas,Brown,47,M,thomas.brown328@email.com,Los Angeles,AZ,Basic,73831,588,2021-06-04
3619,Christopher,Jones,31,M,christopher.jones776@email.com,New York,NC,VIP,61622,787,2023-06-16
3620,Daniel,Taylor,27,M,daniel.taylor672@email.com,San Jose,PA,Basic,136668,608,2021-08-16
3621,John,Moore,70,M,john.moore162@email.com,San Jose,IL,VIP,143602,759,2021-11-28
3622,Richard,Garcia,35,F,richard.garcia258@email.com,Chicago,TX,VIP,107217,606,2022-10-16
3623,Daniel,Moore,47,M,daniel.moore967@email.com,Dallas,OH,Standard,40911,825,2021-01-25
3624,William,Wilson,37,F,william.wilson888@email.com,Austin,PA,Standard,183130,700,2023-03-31
3625,Christopher,Moore,23,F,christopher.moore539@email.com,Philadelphia,IL,Premium,150177,755,2022-07-04
3626,Susan,Moore,31,M,susan.moore137@email.com,Houston,WA,Standard,104805,631,2022-01-29
3627,Christopher,Johnson,39,F,christopher.johnson81@email.com,San Antonio,TX,Standard,41889,790,2023-07-14
3628,Christopher,Miller,59,F,christopher.miller972@email.com,Houston,AZ,Standard,160191,789,2023-01-11
3629,Susan,Taylor,62,M,susan.taylor788@email.com,Philadelphia,TX,Premium,119282,701,2023-09-16
3630,Christopher,Miller,24,F,christopher.miller960@email.com,New York,PA,Standard,71772,572,2023-09-23
3631,Charles,Davis,49,M,charles.davis44@email.com,San Diego,NC,Basic,148347,620,2021-11-25
3632,Susan,Garcia,70,F,susan.garcia233@email.com,San Antonio,PA,Standard,133735,691,2021-05-28
3633,Robert,Martinez,36,F,robert.martinez581@email.com,Phoenix,NC,Standard,195737,586,2023-07-21
3634,Barbara,Martinez,20,F,barbara.martinez946@email.com,Philadelphia,OH,Standard,64475,626,2022-05-19
3635,Susan,Miller,73,M,susan.miller314@email.com,Dallas,NY,VIP,127541,697,2023-11-16
3636,Richard,Garcia,62,F,richard.garcia236@email.com,San Jose,OH,VIP,70735,708,2022-10-03
3637,Sarah,Garcia,30,F,sarah.garcia666@email.com,San Antonio,NC,Standard,86637,729,2023-03-03
3638,Michael,Moore,55,M,michael.moore206@email.com,Phoenix,NY,Basic,193155,827,2023-09-06
3639,Karen,Brown,48,M,karen.brown5@email.com,San Diego,OH,Basic,101015,669,2023-07-04
3640,Richard,Miller,44,M,richard.miller919@email.com,Houston,WA,Basic,40308,651,2023-06-10
3641,Karen,Wilson,59,M,karen.wilson496@email.com,New York,PA,Standard,137678,822,2021-09-22
3642,Thomas,Anderson,69,M,thomas.anderson107@email.com,Philadelphia,NC,Basic,195139,725,2023-07-07
3643,Sarah,Jones,36,F,sarah.jones237@email.com,Houston,PA,Standard,58504,590,2022-01-02
3644,Karen,Smith,70,M,karen.smith390@email.com,Los Angeles,CA,VIP,61506,797,2021-03-25
3645,Thomas,Garcia,54,M,thomas.garcia250@email.com,Austin,NY,Basic,73881,554,2022-12-27
3646,Michael,Martinez,48,M,michael.martinez128@email.com,Houston,FL,Standard,111456,576,2021-05-22
3647,James,Davis,22,F,james.davis203@email.com,Los Angeles,CA,Standard,172950,702,2023-02-11
3648,Susan,Jones,59,F,susan.jones155@email.com,San Jose,NC,Standard,93902,699,2023-06-07
3649,Barbara,Garcia,21,M,barbara.garcia685@email.com,San Diego,OH,Standard,81624,616,2021-05-17
3650,James,Miller,66,F,james.miller364@email.com,Dallas,NC,Standard,66659,597,2023-10-10
3651,Christopher,Anderson,39,M,christopher.anderson171@email.com,San Jose,OH,Standard,91352,808,2023-12-27
3652,Thomas,Jones,22,M,thomas.jones33@email.com,Jacksonville,NY,Standard,62116,746,2023-01-13
3653,William,Moore,68,M,william.moore966@email.com,Chicago,FL,Basic,72798,708,2023-06-26
3654,Daniel,Thomas,34,M,daniel.thomas31@email.com,Chicago,WA,Premium,38695,752,2021-11-30
3655,Thomas,Garcia,51,F,thomas.garcia970@email.com,Houston,NY,Basic,64576,826,2021-04-01
3656,Lisa,Jones,24,F,lisa.jones530@email.com,Jacksonville,TX,Premium,38487,624,2021-03-05
3657,Charles,Rodriguez,47,F,charles.rodriguez232@email.com,Jacksonville,NC,Standard,171668,603,2023-09-13
3658,Nancy,Garcia,23,M,nancy.garcia78@email.com,Jacksonville,NY,Standard,155209,583,2022-09-11
3659,Jennifer,Jones,38,F,jennifer.jones993@email.com,Phoenix,IL,Basic,104190,626,2023-03-22
3660,Richard,Brown,69,F,richard.brown918@email.com,Dallas,AZ,Standard,137057,692,2022-06-07
3661,Robert,Rodriguez,24,M,robert.rodriguez851@email.com,Philadelphia,CA,Basic,136023,828,2021-02-21
3662,Jennifer,Wilson,67,M,jennifer.wilson640@email.com,New York,IL,Standard,153371,582,2021-12-21
3663,Barbara,Davis,54,M,barbara.davis889@email.com,San Jose,CA,Standard,123870,609,2023-04-24
3664,Susan,Miller,67,F,susan.miller801@email.com,Jacksonville,TX,Basic,96109,604,2022-07-28
3665,Lisa,Moore,71,M,lisa.moore789@email.com,San Antonio,TX,VIP,48845,567,2021-09-28
3666,Patricia,Garcia,44,M,patricia.garcia304@email.com,Phoenix,CA,Standard,63857,788,2021-10-08
3667,Richard,Davis,31,F,richard.davis815@email.com,Austin,WA,Standard,134821,630,2022-09-17
3668,Thomas,Smith,44,F,thomas.smith200@email.com,Jacksonville,IL,Standard,103394,759,2023-03-07
3669,Charles,Wilson,47,M,charles.wilson707@email.com,Philadelphia,NY,Standard,180657,735,2022-02-26
3670,Susan,Williams,19,M,susan.williams530@email.com,Houston,NC,VIP,59379,782,2021-12-09
3671,James,Brown,61,M,james.brown972@email.com,Philadelphia,TX,VIP,163404,679,2022-01-26
3672,Mary,Wilson,34,F,mary.wilson508@email.com,Jacksonville,TX,Standard,130320,816,2021-11-30
3673,John,Taylor,69,F,john.taylor264@email.com,Phoenix,TX,Premium,188156,687,2023-07-24
3674,Robert,Garcia,33,M,robert.garcia574@email.com,Phoenix,PA,Standard,182884,765,2021-05-25
3675,Joseph,Brown,48,M,joseph.brown381@email.com,Philadelphia,CA,VIP,188248,779,2023-03-09
3676,Robert,Taylor,27,F,robert.taylor327@email.com,New York,PA,Standard,198753,714,2023-12-10
3677,James,Anderson,48,F,james.anderson208@email.com,Houston,NY,Standard,105039,693,2022-05-01
3678,Robert,Thomas,24,F,robert.thomas380@email.com,Houston,PA,Standard,40497,812,2023-05-15
3679,Daniel,Taylor,47,F,daniel.taylor298@email.com,Jacksonville,CA,Standard,38709,849,2023-07-19
3680,Nancy,Martinez,50,M,nancy.martinez622@email.com,San Antonio,IL,Premium,88406,708,2021-08-14
3681,Joseph,Wilson,18,M,joseph.wilson96@email.com,San Antonio,AZ,VIP,131986,619,2023-08-10
3682,Nancy,Jones,41,F,nancy.jones665@email.com,San Antonio,NC,Standard,98756,764,2021-04-22
3683,Lisa,Williams,27,F,lisa.williams849@email.com,Phoenix,TX,Basic,34220,608,2022-04-17
3684,William,Moore,25,M,william.moore385@email.com,San Antonio,IL,Basic,60666,668,2021-07-15
3685,Richard,Davis,43,M,richard.davis500@email.com,San Antonio,NC,Basic,142272,583,2022-06-10
3686,Michael,Johnson,18,M,michael.johnson911@email.com,Dallas,IL,Basic,172640,793,2021-04-03
3687,Richard,Miller,30,M,richard.miller550@email.com,Houston,PA,VIP,98081,834,2023-01-08
3688,Sarah,Moore,20,F,sarah.moore957@email.com,Phoenix,IL,Basic,177910,735,2021-03-06
3689,Lisa,Rodriguez,70,F,lisa.rodriguez518@email.com,Phoenix,NY,Standard,166183,708,2022-03-07
3690,Linda,Anderson,21,F,linda.anderson591@email.com,Phoenix,OH,Standard,53258,634,2022-12-18
3691,Michael,Jones,28,F,michael.jones409@email.com,Phoenix,PA,Standard,97095,588,2022-09-13
3692,Joseph,Martinez,68,M,joseph.martinez561@email.com,Houston,OH,Standard,94643,775,2021-03-08
3693,Karen,Moore,20,M,karen.moore546@email.com,New York,OH,Standard,143573,619,2021-07-23
3694,Barbara,Williams,26,M,barbara.williams937@email.com,Jacksonville,PA,Premium,109778,696,2021-07-22
3695,Daniel,Davis,74,M,daniel.davis307@email.com,Chicago,IL,Basic,133228,658,2022-05-09
3696,Sarah,Rodriguez,30,M,sarah.rodriguez374@email.com,New York,TX,VIP,47561,846,2021-08-24
3697,Nancy,Brown,20,F,nancy.brown697@email.com,Los Angeles,CA,Standard,92072,589,2021-05-03
3698,Nancy,Brown,31,F,nancy.brown781@email.com,Los Angeles,NY,Basic,52822,760,2021-10-12
3699,John,Miller,37,M,john.miller810@email.com,San Antonio,AZ,Basic,39638,564,2021-07-06
3700,Thomas,Anderson,48,F,thomas.anderson120@email.com,Jacksonville,OH,Standard,151173,649,2021-08-29
3701,Thomas,Garcia,52,M,thomas.garcia544@email.com,Jacksonville,AZ,Standard,166859,766,2023-02-11
3702,Sarah,Smith,48,F,sarah.smith905@email.com,San Jose,NC,Premium,147763,721,2023-08-26
3703,David,Thomas,56,F,david.thomas27@email.com,Philadelphia,AZ,Basic,38182,726,2023-06-16
3704,Jessica,Davis,42,F,jessica.davis296@email.com,Philadelphia,WA,Standard,109901,712,2023-06-17
3705,Richard,Garcia,39,M,richard.garcia94@email.com,Dallas,TX,Basic,53563,792,2022-11-12
3706,Robert,Brown,74,M,robert.brown216@email.com,Los Angeles,IL,Standard,129646,659,2022-12-15
3707,Mary,Garcia,52,M,mary.garcia593@email.com,Chicago,PA,Premium,139505,834,2021-12-29
3708,Thomas,Davis,71,M,thomas.davis844@email.com,Los Angeles,NY,Premium,48817,611,2023-05-09
3709,Thomas,Davis,59,M,thomas.davis300@email.com,Houston,OH,Basic,192460,733,2021-05-31
3710,Christopher,Williams,22,F,christopher.williams643@email.com,Phoenix,AZ,Basic,141110,595,2023-08-10
3711,Jessica,Smith,22,F,jessica.smith357@email.com,Dallas,PA,Basic,132940,818,2022-02-20
3712,Barbara,Wilson,48,F,barbara.wilson107@email.com,San Diego,OH,VIP,184429,558,2023-07-04
3713,James,Moore,25,F,james.moore137@email.com,Jacksonville,IL,VIP,106827,789,2022-02-22
3714,James,Martinez,35,M,james.martinez609@email.com,Phoenix,PA,Standard,145586,613,2023-04-22
3715,Michael,Wilson,39,F,michael.wilson430@email.com,Phoenix,NY,Standard,149577,736,2021-05-19
3716,Joseph,Rodriguez,50,M,joseph.rodriguez496@email.com,Austin,CA,Standard,180801,588,2022-03-01
3717,Michael,Jones,74,M,michael.jones685@email.com,Austin,FL,Standard,75290,767,2021-06-03
3718,William,Smith,54,F,william.smith33@email.com,New York,CA,VIP,165504,656,2022-02-17
3719,Lisa,Anderson,33,F,lisa.anderson867@email.com,Los Angeles,PA,VIP,149746,641,2021-10-18
3720,Joseph,Martinez,39,F,joseph.martinez281@email.com,Houston,IL,Standard,85038,726,2021-09-06
3721,Mary,Martinez,44,M,mary.martinez301@email.com,Jacksonville,TX,Basic,95394,735,2022-07-30
3722,Patricia,Martinez,53,F,patricia.martinez205@email.com,Houston,PA,Basic,146324,777,2021-08-01
3723,Barbara,Miller,22,F,barbara.miller57@email.com,Los Angeles,WA,VIP,195655,815,2023-01-28
3724,Thomas,Wilson,39,M,thomas.wilson839@email.com,Houston,TX,Basic,176147,750,2022-06-01
3725,Michael,Johnson,53,M,michael.johnson832@email.com,Chicago,NY,Premium,130871,771,2022-06-07
3726,Patricia,Davis,39,M,patricia.davis603@email.com,Los Angeles,OH,VIP,198152,664,2021-08-17
3727,James,Wilson,68,M,james.wilson804@email.com,San Antonio,WA,Premium,165318,669,2022-06-03
3728,Sarah,Williams,52,F,sarah.williams681@email.com,Austin,NC,Standard,140842,736,2023-07-19
3729,Patricia,Brown,52,M,patricia.brown215@email.com,Phoenix,NY,Standard,183800,824,2021-06-17
3730,John,Martinez,37,M,john.martinez230@email.com,Chicago,WA,Standard,155115,731,2022-01-17
3731,Christopher,Wilson,34,M,christopher.wilson66@email.com,San Jose,WA,Standard,90721,753,2021-02-17
3732,Elizabeth,Anderson,66,M,elizabeth.anderson346@email.com,Austin,IL,Premium,48873,552,2022-12-01
3733,Sarah,Williams,58,M,sarah.williams422@email.com,Jacksonville,AZ,Standard,174941,730,2022-05-16
3734,Barbara,Rodriguez,33,F,barbara.rodriguez379@email.com,Phoenix,TX,Standard,167139,698,2023-06-06
3735,Thomas,Smith,48,F,thomas.smith970@email.com,Houston,PA,Standard,179323,605,2022-03-29
3736,Charles,Davis,31,M,charles.davis628@email.com,Dallas,WA,Standard,117461,624,2021-12-01
3737,Lisa,Rodriguez,29,F,lisa.rodriguez188@email.com,Los Angeles,FL,Standard,111909,624,2022-12-09
3738,Nancy,Moore,57,F,nancy.moore273@email.com,San Antonio,TX,Basic,115244,716,2022-07-13
3739,Christopher,Davis,25,F,christopher.davis234@email.com,Chicago,TX,Premium,42896,683,2021-04-26
3740,Joseph,Martinez,68,F,joseph.martinez640@email.com,San Diego,NC,Standard,148683,772,2023-12-26
3741,William,Jones,21,F,william.jones878@email.com,New York,TX,Basic,125377,607,2021-06-05
3742,Daniel,Johnson,30,F,daniel.johnson496@email.com,San Jose,AZ,Standard,111293,764,2022-09-24
3743,Richard,Thomas,47,F,richard.thomas680@email.com,San Diego,NY,Basic,87250,800,2023-01-17
3744,Nancy,Thomas,46,M,nancy.thomas476@email.com,Dallas,NC,Standard,175496,733,2021-08-31
3745,Barbara,Martinez,65,M,barbara.martinez358@email.com,Phoenix,NY,Standard,154512,597,2021-10-30
3746,Lisa,Wilson,28,F,lisa.wilson387@email.com,Chicago,WA,VIP,129427,836,2022-02-21
3747,James,Smith,54,F,james.smith178@email.com,Houston,NY,Standard,130934,756,2023-12-17
3748,Thomas,Jones,71,F,thomas.jones194@email.com,Chicago,PA,Premium,188264,795,2022-12-09
3749,Daniel,Martinez,43,F,daniel.martinez355@email.com,San Antonio,AZ,Basic,32109,600,2022-09-13
3750,Robert,Johnson,67,F,robert.johnson711@email.com,Chicago,TX,Standard,58595,614,2021-09-29
3751,Jennifer,Davis,70,M,jennifer.davis115@email.com,Houston,OH,Standard,147145,556,2022-11-27
3752,Nancy,Johnson,31,M,nancy.johnson949@email.com,Philadelphia,WA,Standard,178668,706,2022-10-26
3753,Lisa,Smith,51,F,lisa.smith122@email.com,Houston,NY,Basic,145739,832,2021-08-19
3754,Thomas,Moore,20,F,thomas.moore173@email.com,Los Angeles,PA,Standard,70560,831,2021-01-08
3755,Joseph,Rodriguez,71,M,joseph.rodriguez140@email.com,San Antonio,TX,Basic,150555,761,2022-11-01
3756,Susan,Johnson,45,M,susan.johnson440@email.com,Chicago,NY,Standard,109027,709,2022-12-30
3757,William,Garcia,51,F,william.garcia528@email.com,Philadelphia,PA,Standard,197730,637,2021-01-27
3758,William,Moore,19,F,william.moore490@email.com,Dallas,CA,Premium,60289,848,2022-08-08
3759,James,Martinez,39,M,james.martinez918@email.com,San Antonio,NC,Standard,177573,739,2023-09-22
3760,Sarah,Williams,26,M,sarah.williams697@email.com,Dallas,TX,Basic,158095,608,2022-09-03
3761,Sarah,Taylor,55,F,sarah.taylor642@email.com,Dallas,WA,VIP,149245,587,2022-04-24
3762,Richard,Garcia,51,F,richard.garcia421@email.com,Philadelphia,IL,Standard,122927,783,2022-12-04
3763,David,Moore,33,M,david.moore126@email.com,Phoenix,AZ,Basic,39949,685,2022-04-21
3764,Patricia,Rodriguez,73,F,patricia.rodriguez978@email.com,Dallas,CA,Standard,84264,756,2022-03-20
3765,Daniel,Brown,65,F,daniel.brown754@email.com,San Diego,NC,Standard,129949,760,2021-03-09
3766,William,Brown,65,M,william.brown4@email.com,Philadelphia,PA,VIP,105087,592,2023-02-03
3767,William,Wilson,24,M,william.wilson390@email.com,Jacksonville,CA,Basic,139458,810,2022-10-15
3768,David,Johnson,55,M,david.johnson124@email.com,Phoenix,TX,Basic,188761,553,2023-05-15
3769,Jessica,Johnson,57,F,jessica.johnson985@email.com,New York,AZ,Basic,75898,813,2023-01-23
3770,James,Moore,27,M,james.moore176@email.com,San Jose,TX,Standard,122460,646,2022-12-20
3771,Thomas,Taylor,27,F,thomas.taylor106@email.com,Austin,PA,Standard,198689,796,2023-12-29
3772,Sarah,Miller,26,F,sarah.miller224@email.com,Chicago,OH,Premium,33162,824,2021-03-17
3773,Patricia,Davis,19,M,patricia.davis715@email.com,San Antonio,FL,Standard,89514,799,2023-06-12
3774,Elizabeth,Brown,53,M,elizabeth.brown384@email.com,San Diego,WA,Standard,41806,751,2023-07-30
3775,Joseph,Taylor,62,M,joseph.taylor737@email.com,Phoenix,CA,Standard,179750,614,2021-03-30
3776,Jessica,Taylor,59,F,jessica.taylor571@email.com,San Diego,CA,VIP,194096,710,2023-06-22
3777,David,Garcia,62,M,david.garcia82@email.com,San Jose,TX,VIP,54576,706,2022-07-07
3778,Patricia,Jones,50,F,patricia.jones316@email.com,Phoenix,PA,Standard,89815,652,2021-03-17
3779,Karen,Smith,50,F,karen.smith995@email.com,San Jose,OH,Basic,69212,656,2022-04-18
3780,Patricia,Williams,22,F,patricia.williams402@email.com,Los Angeles,FL,Standard,175530,569,2022-02-26
3781,Richard,Taylor,23,M,richard.taylor112@email.com,Philadelphia,NY,Basic,115380,602,2023-12-07
3782,Joseph,Williams,39,F,joseph.williams561@email.com,San Diego,NY,Standard,164142,685,2021-08-10
3783,Robert,Johnson,61,M,robert.johnson349@email.com,Houston,FL,Standard,186868,807,2022-03-30
3784,Karen,Wilson,39,F,karen.wilson836@email.com,Chicago,WA,Standard,70840,771,2023-06-07
3785,Barbara,Anderson,19,F,barbara.anderson68@email.com,Phoenix,NC,Standard,164644,550,2023-02-04
3786,David,Taylor,52,F,david.taylor463@email.com,San Jose,CA,Standard,47578,696,2023-02-26
3787,Patricia,Miller,41,M,patricia.miller952@email.com,Phoenix,NC,Standard,34559,813,2023-12-25
3788,Elizabeth,Johnson,60,M,elizabeth.johnson940@email.com,Phoenix,WA,Standard,134798,795,2023-10-10
3789,James,Smith,48,F,james.smith568@email.com,Jacksonville,NC,Standard,75144,828,2023-05-11
3790,Joseph,Taylor,49,M,joseph.taylor757@email.com,Phoenix,IL,Basic,117690,573,2022-03-19
3791,Jessica,Miller,48,M,jessica.miller673@email.com,San Jose,FL,VIP,195515,688,2022-02-10
3792,Barbara,Rodriguez,29,M,barbara.rodriguez395@email.com,San Diego,NY,Basic,82046,670,2022-01-17
3793,Michael,Rodriguez,18,M,michael.rodriguez313@email.com,San Jose,NY,Standard,42718,565,2021-01-14
3794,Christopher,Moore,73,M,christopher.moore486@email.com,San Jose,AZ,Basic,78824,763,2023-07-01
3795,Lisa,Thomas,68,F,lisa.thomas869@email.com,San Jose,IL,Basic,46556,771,2023-03-24
3796,Jessica,Miller,55,F,jessica.miller963@email.com,Dallas,IL,Premium,62803,754,2021-09-20
3797,David,Miller,53,F,david.miller102@email.com,Dallas,PA,Basic,125397,698,2022-11-12
3798,John,Wilson,72,M,john.wilson64@email.com,Phoenix,TX,Basic,119573,561,2022-06-24
3799,Karen,Wilson,57,M,karen.wilson364@email.com,San Diego,OH,VIP,166176,633,2023-11-20
3800,Robert,Wilson,74,M,robert.wilson284@email.com,Phoenix,CA,Standard,43337,568,2023-11-19
3801,Jennifer,Davis,63,M,jennifer.davis74@email.com,Chicago,FL,Premium,144093,818,2021-08-30
3802,Susan,Miller,64,F,susan.miller743@email.com,Houston,TX,Standard,112247,782,2022-03-16
3803,James,Thomas,57,F,james.thomas220@email.com,San Diego,IL,Basic,61140,747,2021-03-15
3804,Joseph,Thomas,20,M,joseph.thomas295@email.com,Houston,FL,Standard,169974,760,2021-09-28
3805,Joseph,Martinez,53,M,joseph.martinez629@email.com,Jacksonville,WA,Basic,147472,773,2021-10-01
3806,John,Anderson,33,M,john.anderson561@email.com,San Diego,PA,Standard,179568,703,2023-04-22
3807,Nancy,Jones,33,M,nancy.jones388@email.com,Phoenix,WA,VIP,37289,814,2021-08-27
3808,Richard,Williams,19,F,richard.williams174@email.com,San Diego,OH,Standard,106799,682,2023-05-05
3809,Nancy,Moore,38,F,nancy.moore817@email.com,Los Angeles,NC,Standard,116504,635,2021-02-09
3810,William,Davis,36,F,william.davis475@email.com,Austin,PA,VIP,87034,753,2023-12-04
3811,Sarah,Garcia,53,M,sarah.garcia49@email.com,Los Angeles,WA,Standard,166274,703,2021-12-26
3812,Elizabeth,Jones,50,M,elizabeth.jones980@email.com,Philadelphia,NY,Premium,171164,630,2022-01-30
3813,Elizabeth,Miller,44,F,elizabeth.miller177@email.com,Philadelphia,PA,Standard,138901,578,2021-05-20
3814,Michael,Smith,20,F,michael.smith487@email.com,Chicago,NC,Standard,146816,817,2021-12-13
3815,Charles,Anderson,19,M,charles.anderson856@email.com,Phoenix,CA,Basic,30273,624,2021-10-07
3816,Susan,Taylor,44,F,susan.taylor760@email.com,San Diego,CA,Premium,174959,777,2022-02-14
3817,Linda,Johnson,41,M,linda.johnson4@email.com,San Antonio,WA,Standard,189096,671,2023-06-30
3818,Susan,Garcia,57,M,susan.garcia607@email.com,Jacksonville,IL,VIP,108838,697,2021-09-06
3819,William,Taylor,20,M,william.taylor808@email.com,San Antonio,NC,Standard,114731,580,2022-06-26
3820,Lisa,Williams,39,F,lisa.williams817@email.com,Jacksonville,IL,Premium,90834,824,2023-04-12
3821,John,Moore,25,F,john.moore475@email.com,Chicago,WA,Basic,31942,570,2021-02-08
3822,Linda,Anderson,42,M,linda.anderson692@email.com,Houston,OH,Basic,106057,683,2022-04-29
3823,Mary,Martinez,68,M,mary.martinez828@email.com,New York,IL,VIP,145616,805,2023-09-22
3824,Christopher,Smith,41,F,christopher.smith846@email.com,San Jose,NY,Standard,103508,592,2023-06-24
3825,Sarah,Smith,18,F,sarah.smith776@email.com,Dallas,TX,Standard,152153,655,2022-04-04
3826,Elizabeth,Anderson,64,M,elizabeth.anderson11@email.com,Phoenix,OH,Standard,127767,647,2022-07-14
3827,Elizabeth,Miller,71,F,elizabeth.miller704@email.com,Phoenix,NC,Standard,197103,729,2021-06-28
3828,Michael,Johnson,52,F,michael.johnson761@email.com,San Jose,OH,Basic,161399,694,2023-08-09
3829,Robert,Jones,24,F,robert.jones746@email.com,Phoenix,OH,Standard,55570,747,2023-02-20
3830,Jennifer,Martinez,61,F,jennifer.martinez899@email.com,San Antonio,IL,Basic,195860,761,2021-05-12
3831,Charles,Smith,47,M,charles.smith354@email.com,Jacksonville,FL,Standard,99473,591,2021-04-20
3832,Michael,Taylor,59,M,michael.taylor771@email.com,Chicago,NC,Premium,52339,629,2023-10-28
3833,Sarah,Jones,64,M,sarah.jones164@email.com,San Jose,WA,Standard,56675,687,2021-07-03
3834,Elizabeth,Thomas,30,M,elizabeth.thomas500@email.com,Jacksonville,CA,Standard,110253,817,2022-02-17
3835,David,Wilson,24,M,david.wilson943@email.com,San Jose,OH,Basic,136318,622,2021-02-08
3836,Richard,Taylor,55,M,richard.taylor596@email.com,Chicago,FL,Basic,39758,628,2022-10-01
3837,Elizabeth,Johnson,36,F,elizabeth.johnson758@email.com,San Jose,WA,Standard,99346,557,2022-11-09
3838,Michael,Martinez,41,F,michael.martinez746@email.com,Dallas,IL,Basic,127955,766,2022-12-12
3839,Jessica,Williams,18,F,jessica.williams545@email.com,San Jose,FL,Standard,77291,594,2023-11-21
3840,Lisa,Anderson,66,F,lisa.anderson90@email.com,Phoenix,NC,Premium,153417,558,2023-12-02
3841,Robert,Martinez,36,M,robert.martinez71@email.com,Austin,OH,Standard,75134,847,2022-03-11
3842,Mary,Moore,27,F,mary.moore342@email.com,Austin,PA,Standard,183715,739,2022-03-17
3843,Michael,Miller,69,M,michael.miller980@email.com,Dallas,AZ,Basic,133564,804,2022-09-26
3844,Linda,Jones,66,M,linda.jones558@email.com,Phoenix,FL,Basic,89274,799,2021-04-05
3845,Jennifer,Jones,37,F,jennifer.jones690@email.com,Austin,PA,Standard,144450,848,2021-07-08
3846,Joseph,Taylor,23,M,joseph.taylor156@email.com,Jacksonville,AZ,Standard,164509,796,2021-04-14
3847,Susan,Garcia,32,M,susan.garcia890@email.com,San Jose,IL,Standard,65269,693,2021-01-10
3848,John,Johnson,38,F,john.johnson387@email.com,Philadelphia,NC,VIP,67869,817,2021-01-01
3849,John,Garcia,53,F,john.garcia49@email.com,Austin,NY,Basic,96882,764,2021-05-23
3850,James,Williams,50,F,james.williams930@email.com,San Diego,TX,Premium,149458,725,2022-05-29
3851,Thomas,Thomas,72,M,thomas.thomas540@email.com,Chicago,OH,VIP,114812,635,2021-04-12
3852,James,Wilson,57,F,james.wilson555@email.com,Houston,CA,Premium,109762,693,2023-06-07
3853,Lisa,Brown,46,M,lisa.brown385@email.com,San Antonio,AZ,VIP,35162,632,2021-06-19
3854,Daniel,Anderson,43,M,daniel.anderson649@email.com,Austin,TX,Standard,81254,680,2021-12-27
3855,Jennifer,Moore,21,F,jennifer.moore857@email.com,New York,AZ,Premium,174864,707,2023-04-22
3856,Jessica,Brown,73,M,jessica.brown641@email.com,Chicago,IL,Basic,87295,559,2023-10-22
3857,Elizabeth,Moore,74,F,elizabeth.moore896@email.com,Dallas,TX,Basic,160562,770,2023-06-19
3858,Richard,Williams,21,F,richard.williams631@email.com,New York,AZ,Standard,157454,775,2023-05-06
3859,James,Williams,34,M,james.williams483@email.com,Dallas,OH,Basic,48580,735,2021-07-11
3860,Jessica,Anderson,67,M,jessica.anderson331@email.com,Phoenix,TX,Standard,35852,582,2021-07-27
3861,Lisa,Miller,46,M,lisa.miller303@email.com,Phoenix,NY,Basic,60248,811,2022-02-04
3862,Linda,Moore,73,M,linda.moore199@email.com,San Diego,PA,Premium,131546,811,2022-05-28
3863,Lisa,Anderson,65,F,lisa.anderson190@email.com,New York,PA,Standard,156889,646,2022-10-17
3864,James,Davis,55,M,james.davis448@email.com,New York,FL,Basic,177542,628,2021-11-30
3865,James,Garcia,58,F,james.garcia353@email.com,Houston,IL,Standard,46987,670,2023-04-13
3866,Robert,Williams,28,F,robert.williams719@email.com,Chicago,IL,Standard,146628,563,2023-05-25
3867,Karen,Taylor,36,F,karen.taylor45@email.com,Phoenix,OH,Basic,79222,622,2023-12-11
3868,Patricia,Thomas,36,F,patricia.thomas711@email.com,Los Angeles,WA,Standard,105930,593,2023-04-27
3869,David,Brown,64,M,david.brown542@email.com,Austin,FL,Standard,168243,682,2022-03-04
3870,Elizabeth,Moore,58,M,elizabeth.moore251@email.com,Dallas,NC,Basic,110628,844,2022-02-20
3871,Daniel,Miller,25,F,daniel.miller643@email.com,New York,WA,Standard,57303,752,2021-03-12
3872,William,Miller,60,F,william.miller243@email.com,San Antonio,NC,Standard,107370,611,2022-04-20
3873,Joseph,Thomas,63,M,joseph.thomas800@email.com,Jacksonville,IL,VIP,56740,617,2022-08-29
3874,Daniel,Garcia,42,F,daniel.garcia902@email.com,Philadelphia,NC,Standard,170606,820,2022-05-03
3875,James,Smith,18,M,james.smith484@email.com,New York,WA,Standard,40033,675,2023-11-14
3876,Christopher,Anderson,32,M,christopher.anderson733@email.com,Dallas,IL,Premium,172564,814,2023-06-29
3877,Nancy,Johnson,27,F,nancy.johnson49@email.com,Austin,TX,Standard,101342,643,2021-02-07
3878,Susan,Johnson,46,M,susan.johnson154@email.com,Philadelphia,TX,Standard,190288,823,2023-12-02
3879,Sarah,Wilson,43,F,sarah.wilson428@email.com,Austin,CA,Standard,32078,696,2021-10-24
3880,Nancy,Anderson,29,F,nancy.anderson980@email.com,San Diego,FL,Basic,56843,747,2023-08-02
3881,Mary,Williams,21,F,mary.williams101@email.com,San Diego,WA,Basic,58923,628,2022-04-24
3882,Linda,Garcia,66,M,linda.garcia573@email.com,San Antonio,WA,Basic,151596,835,2022-12-18
3883,David,Anderson,41,F,david.anderson433@email.com,San Antonio,FL,Standard,162514,723,2023-07-01
3884,Sarah,Jones,49,F,sarah.jones144@email.com,Los Angeles,AZ,VIP,159492,678,2022-02-27
3885,William,Brown,42,M,william.brown796@email.com,Houston,PA,Standard,44932,581,2023-10-14
3886,John,Rodriguez,72,F,john.rodriguez518@email.com,New York,WA,Standard,109394,551,2023-09-12
3887,James,Smith,29,F,james.smith354@email.com,Houston,NC,Basic,78712,600,2022-09-28
3888,Thomas,Brown,25,F,thomas.brown252@email.com,Dallas,NC,Standard,116033,553,2022-03-28
3889,Jessica,Davis,56,M,jessica.davis823@email.com,Dallas,FL,Premium,136135,686,2021-04-21
3890,Daniel,Smith,63,F,daniel.smith511@email.com,Los Angeles,PA,Basic,147204,595,2021-08-16
3891,Elizabeth,Anderson,50,M,elizabeth.anderson951@email.com,Dallas,NY,Standard,169600,753,2022-05-22
3892,Lisa,Martinez,71,M,lisa.martinez774@email.com,Phoenix,IL,Standard,111703,776,2023-10-13
3893,Joseph,Davis,72,F,joseph.davis583@email.com,Austin,NC,Premium,103634,813,2022-09-17
3894,Joseph,Jones,68,M,joseph.jones431@email.com,Philadelphia,FL,Standard,124583,551,2022-05-23
3895,Mary,Taylor,39,M,mary.taylor472@email.com,Dallas,TX,Standard,140244,816,2023-07-16
3896,David,Jones,33,F,david.jones796@email.com,Jacksonville,WA,Standard,94346,781,2022-07-02
3897,Sarah,Brown,25,M,sarah.brown416@email.com,Philadelphia,CA,Standard,195049,570,2022-08-17
3898,Nancy,Johnson,70,F,nancy.johnson385@email.com,New York,TX,Standard,81090,780,2022-12-14
3899,Daniel,Rodriguez,30,M,daniel.rodriguez801@email.com,Austin,AZ,Standard,50232,848,2022-06-18
3900,William,Johnson,46,F,william.johnson450@email.com,New York,NY,Basic,70198,764,2023-10-16
3901,Karen,Moore,42,F,karen.moore29@email.com,Philadelphia,NC,Standard,165965,577,2022-11-23
3902,Thomas,Davis,28,M,thomas.davis617@email.com,Jacksonville,TX,Basic,133664,764,2021-01-25
3903,Mary,Thomas,42,M,mary.thomas292@email.com,Chicago,NY,Standard,146473,798,2021-07-11
3904,John,Thomas,60,F,john.thomas991@email.com,New York,NY,Basic,72177,576,2021-12-12
3905,Jessica,Miller,34,M,jessica.miller443@email.com,Jacksonville,PA,Basic,63113,848,2022-08-28
3906,William,Brown,60,M,william.brown297@email.com,Los Angeles,IL,Basic,57350,612,2023-12-30
3907,Mary,Jones,29,F,mary.jones497@email.com,Dallas,PA,Premium,161826,825,2021-06-16
3908,Sarah,Jones,71,M,sarah.jones397@email.com,Jacksonville,OH,Standard,166634,838,2023-10-04
3909,James,Jones,40,F,james.jones476@email.com,Phoenix,TX,VIP,120031,782,2022-02-19
3910,John,Johnson,48,F,john.johnson827@email.com,Philadelphia,TX,Standard,138749,680,2022-01-23
3911,Nancy,Moore,63,M,nancy.moore947@email.com,San Jose,PA,Standard,178560,722,2023-10-24
3912,Mary,Smith,47,M,mary.smith789@email.com,Chicago,FL,Standard,113951,588,2021-02-12
3913,Barbara,Davis,66,F,barbara.davis752@email.com,New York,TX,Basic,132613,584,2022-02-07
3914,Linda,Jones,63,F,linda.jones307@email.com,San Jose,NY,VIP,134284,648,2022-04-19
3915,Richard,Taylor,66,M,richard.taylor338@email.com,Phoenix,OH,VIP,199224,557,2022-09-29
3916,Daniel,Taylor,32,M,daniel.taylor107@email.com,Chicago,PA,Premium,37966,775,2023-02-10
3917,Robert,Miller,23,F,robert.miller866@email.com,San Jose,NY,Basic,199397,592,2022-05-08
3918,Joseph,Taylor,56,M,joseph.taylor5@email.com,New York,OH,Standard,89400,614,2023-11-09
3919,David,Johnson,27,M,david.johnson883@email.com,Philadelphia,WA,Standard,173482,761,2022-03-11
3920,Susan,Johnson,36,F,susan.johnson375@email.com,New York,IL,Standard,66213,676,2023-11-19
3921,Jennifer,Wilson,53,F,jennifer.wilson334@email.com,Chicago,IL,Standard,157382,719,2021-03-10
3922,Charles,Wilson,53,F,charles.wilson381@email.com,Philadelphia,WA,Premium,152875,797,2023-06-26
3923,Michael,Garcia,51,F,michael.garcia492@email.com,Chicago,AZ,Standard,44841,842,2022-11-02
3924,Richard,Jones,70,F,richard.jones499@email.com,Los Angeles,NC,Basic,188943,723,2023-08-04
3925,William,Taylor,53,M,william.taylor385@email.com,Austin,AZ,Premium,130292,616,2022-02-27
3926,James,Johnson,52,M,james.johnson702@email.com,Los Angeles,WA,Standard,123919,633,2021-05-27
3927,Patricia,Jones,68,M,patricia.jones460@email.com,Houston,PA,Basic,131561,658,2022-01-05
3928,James,Moore,27,M,james.moore50@email.com,Houston,TX,Standard,134587,721,2022-02-03
3929,Barbara,Martinez,73,M,barbara.martinez275@email.com,Jacksonville,WA,Premium,167283,813,2023-11-03
3930,Mary,Smith,25,F,mary.smith79@email.com,Houston,CA,Basic,177479,655,2021-08-02
3931,Linda,Davis,49,F,linda.davis211@email.com,San Diego,TX,Standard,183911,704,2021-09-08
3932,Christopher,Rodriguez,30,M,christopher.rodriguez972@email.com,Austin,NC,Premium,139662,786,2022-08-16
3933,Susan,Miller,60,F,susan.miller598@email.com,Los Angeles,CA,Basic,98337,574,2023-11-12
3934,Mary,Taylor,48,F,mary.taylor251@email.com,Dallas,AZ,Standard,41025,845,2022-01-05
3935,Daniel,Wilson,38,M,daniel.wilson390@email.com,San Antonio,FL,Basic,191812,702,2023-04-14
3936,Christopher,Wilson,41,F,christopher.wilson138@email.com,Dallas,NC,Basic,139999,664,2022-03-24
3937,Karen,Taylor,40,F,karen.taylor846@email.com,San Antonio,IL,Basic,57497,626,2022-10-31
3938,Sarah,Miller,57,M,sarah.miller890@email.com,Dallas,OH,VIP,190056,833,2021-06-08
3939,James,Smith,69,F,james.smith989@email.com,San Diego,CA,Standard,37935,746,2023-03-29
3940,Linda,Miller,43,F,linda.miller402@email.com,Chicago,IL,VIP,166726,602,2022-06-30
3941,Elizabeth,Martinez,49,M,elizabeth.martinez682@email.com,San Diego,CA,Basic,136649,769,2023-02-20
3942,Sarah,Brown,23,M,sarah.brown402@email.com,San Diego,FL,Premium,155315,845,2021-10-27
3943,Nancy,Jones,33,F,nancy.jones345@email.com,Jacksonville,WA,Standard,64858,557,2021-02-03
3944,Sarah,Taylor,29,F,sarah.taylor225@email.com,New York,AZ,Basic,97308,670,2021-11-22
3945,Jessica,Martinez,72,M,jessica.martinez453@email.com,Los Angeles,WA,Standard,50949,635,2022-09-08
3946,Daniel,Garcia,65,M,daniel.garcia489@email.com,Houston,NC,Standard,195519,766,2022-03-24
3947,Charles,Brown,49,M,charles.brown749@email.com,Houston,AZ,Standard,30475,695,2023-05-14
3948,Lisa,Brown,28,F,lisa.brown907@email.com,Philadelphia,WA,Basic,41172,664,2021-08-21
3949,Joseph,Taylor,44,F,joseph.taylor392@email.com,Houston,NC,Basic,38235,602,2022-03-28
3950,William,Taylor,61,M,william.taylor644@email.com,Austin,IL,Standard,109587,658,2021-11-28
3951,Robert,Taylor,47,F,robert.taylor601@email.com,San Antonio,CA,Premium,180500,602,2021-12-04
3952,Susan,Brown,42,M,susan.brown556@email.com,Dallas,WA,Standard,101196,815,2023-12-01
3953,Charles,Smith,19,F,charles.smith24@email.com,Houston,PA,Standard,180174,711,2023-10-14
3954,William,Martinez,48,F,william.martinez317@email.com,San Antonio,TX,VIP,193951,553,2021-09-10
3955,Daniel,Jones,21,M,daniel.jones61@email.com,San Antonio,NC,VIP,110619,761,2021-02-04
3956,David,Davis,63,F,david.davis501@email.com,Jacksonville,IL,Basic,39282,809,2021-09-08
3957,Christopher,Jones,51,M,christopher.jones573@email.com,Phoenix,NY,Basic,112396,813,2021-09-08
3958,John,Brown,18,F,john.brown673@email.com,Los Angeles,WA,Basic,140394,590,2023-10-10
3959,Patricia,Brown,71,M,patricia.brown978@email.com,San Jose,PA,Basic,161734,661,2021-01-15
3960,Susan,Miller,20,F,susan.miller349@email.com,Chicago,TX,Standard,153412,828,2022-07-23
3961,Joseph,Anderson,71,M,joseph.anderson558@email.com,Los Angeles,IL,Premium,154424,614,2023-06-18
3962,David,Garcia,20,M,david.garcia282@email.com,Jacksonville,IL,Standard,153096,762,2023-05-16
3963,Barbara,Martinez,54,F,barbara.martinez188@email.com,Dallas,OH,Standard,100625,681,2023-10-17
3964,Sarah,Rodriguez,29,F,sarah.rodriguez995@email.com,San Diego,NY,Standard,87886,737,2023-07-22
3965,Lisa,Wilson,69,F,lisa.wilson531@email.com,Dallas,AZ,Basic,69323,843,2022-01-05
3966,Karen,Moore,66,M,karen.moore49@email.com,Phoenix,OH,Standard,184132,847,2021-03-16
3967,Robert,Davis,50,M,robert.davis807@email.com,Los Angeles,FL,Standard,78658,753,2022-09-13
3968,John,Martinez,19,M,john.martinez477@email.com,Houston,NY,VIP,67212,724,2023-07-13
3969,Nancy,Thomas,72,M,nancy.thomas905@email.com,Dallas,OH,Standard,133010,578,2022-12-02
3970,Daniel,Williams,52,M,daniel.williams70@email.com,Dallas,CA,Standard,128791,620,2021-08-15
3971,Richard,Garcia,73,M,richard.garcia688@email.com,Dallas,CA,Basic,49995,678,2023-04-01
3972,Elizabeth,Davis,52,F,elizabeth.davis593@email.com,Philadelphia,WA,Basic,158815,801,2021-04-06
3973,Richard,Williams,49,M,richard.williams359@email.com,New York,OH,Standard,37464,814,2022-06-21
3974,Sarah,Davis,57,M,sarah.davis383@email.com,San Jose,WA,VIP,42135,659,2023-05-14
3975,Susan,Miller,64,F,susan.miller426@email.com,New York,OH,Basic,127560,754,2023-08-06
3976,Nancy,Rodriguez,53,M,nancy.rodriguez810@email.com,San Jose,OH,VIP,152347,671,2022-02-28
3977,Jessica,Anderson,63,F,jessica.anderson268@email.com,San Diego,NC,Standard,64474,690,2023-09-29
3978,Mary,Taylor,59,F,mary.taylor580@email.com,San Diego,AZ,Standard,189083,575,2023-03-13
3979,John,Brown,44,M,john.brown225@email.com,San Jose,PA,Premium,94430,769,2023-02-16
3980,Daniel,Garcia,67,M,daniel.garcia248@email.com,Austin,FL,Basic,147348,693,2022-07-24
3981,Sarah,Miller,50,F,sarah.miller561@email.com,New York,WA,Standard,198769,738,2021-09-05
3982,Robert,Garcia,66,F,robert.garcia256@email.com,San Jose,TX,Premium,72025,621,2023-10-09
3983,Lisa,Garcia,56,M,lisa.garcia138@email.com,Dallas,OH,Premium,113419,833,2023-04-25
3984,Michael,Taylor,34,M,michael.taylor816@email.com,New York,TX,Standard,34764,557,2023-09-08
3985,Charles,Smith,48,M,charles.smith263@email.com,San Jose,IL,Basic,97758,571,2022-09-11
3986,Mary,Garcia,51,F,mary.garcia975@email.com,Houston,NY,Basic,142471,739,2023-08-15
3987,Patricia,Moore,28,F,patricia.moore655@email.com,Dallas,TX,Basic,91092,624,2022-08-15
3988,Christopher,Thomas,67,M,christopher.thomas924@email.com,Philadelphia,IL,Standard,147672,602,2023-04-22
3989,Elizabeth,Brown,67,F,elizabeth.brown896@email.com,Jacksonville,PA,Basic,44725,751,2021-07-30
3990,Elizabeth,Miller,28,F,elizabeth.miller673@email.com,Philadelphia,TX,Standard,136695,615,2023-10-02
3991,Barbara,Martinez,35,F,barbara.martinez665@email.com,San Diego,CA,Standard,86283,621,2022-09-28
3992,Jessica,Thomas,62,M,jessica.thomas155@email.com,San Antonio,NC,Basic,185596,678,2023-05-15
3993,Jessica,Brown,60,M,jessica.brown874@email.com,Phoenix,FL,Basic,158853,845,2022-11-06
3994,Nancy,Anderson,51,F,nancy.anderson914@email.com,Dallas,AZ,VIP,133343,616,2022-04-26
3995,James,Rodriguez,18,F,james.rodriguez917@email.com,Philadelphia,NC,Standard,180911,604,2023-06-03
3996,Barbara,Anderson,44,F,barbara.anderson724@email.com,Phoenix,WA,Standard,145134,668,2022-07-29
3997,John,Moore,20,M,john.moore67@email.com,Austin,TX,VIP,173245,692,2023-09-21
3998,Richard,Garcia,49,F,richard.garcia783@email.com,San Jose,OH,Basic,91619,771,2021-03-26
3999,Mary,Garcia,40,M,mary.garcia9@email.com,Houston,TX,VIP,75050,625,2023-01-30
4000,Karen,Anderson,52,M,karen.anderson885@email.com,Los Angeles,OH,VIP,44274,564,2021-03-26
4001,Thomas,Wilson,58,M,thomas.wilson101@email.com,San Diego,TX,Premium,175537,661,2022-06-27
4002,Linda,Williams,71,F,linda.williams327@email.com,Houston,WA,Standard,120759,764,2023-09-24
4003,Michael,Williams,32,M,michael.williams697@email.com,San Diego,PA,Basic,37181,731,2021-04-14
4004,Jessica,Brown,41,M,jessica.brown101@email.com,Philadelphia,OH,Standard,155160,717,2022-12-17
4005,Thomas,Thomas,52,F,thomas.thomas738@email.com,Austin,CA,Standard,92488,625,2023-12-23
4006,Robert,Garcia,45,F,robert.garcia460@email.com,Chicago,IL,Premium,178092,553,2021-09-05
4007,Karen,Taylor,67,F,karen.taylor75@email.com,Los Angeles,AZ,Standard,99452,732,2021-05-22
4008,Linda,Miller,72,F,linda.miller244@email.com,San Diego,FL,Basic,165776,626,2022-02-04
4009,Nancy,Garcia,70,F,nancy.garcia619@email.com,Houston,FL,Standard,66154,743,2022-01-03
4010,Charles,Taylor,43,F,charles.taylor323@email.com,New York,IL,Premium,198719,635,2023-08-06
4011,Michael,Jones,25,M,michael.jones141@email.com,Jacksonville,NC,Basic,137539,791,2021-07-25
4012,Barbara,Davis,69,M,barbara.davis915@email.com,Los Angeles,IL,Standard,184999,716,2022-08-09
4013,Jennifer,Thomas,18,M,jennifer.thomas715@email.com,San Jose,PA,Premium,42941,785,2022-09-14
4014,Patricia,Moore,61,F,patricia.moore890@email.com,New York,NC,Standard,61355,834,2022-07-28
4015,Elizabeth,Taylor,53,M,elizabeth.taylor898@email.com,San Jose,NY,Premium,85501,837,2021-12-16
4016,Susan,Taylor,25,F,susan.taylor560@email.com,San Jose,TX,Premium,71589,623,2023-03-19
4017,Richard,Smith,40,M,richard.smith53@email.com,San Jose,AZ,Basic,177940,777,2022-09-26
4018,James,Davis,72,M,james.davis798@email.com,San Diego,FL,Basic,176607,673,2021-01-14
4019,William,Taylor,20,M,william.taylor587@email.com,Chicago,NC,Standard,35748,737,2023-05-05
4020,Sarah,Thomas,26,M,sarah.thomas368@email.com,Austin,AZ,VIP,53426,586,2022-06-17
4021,Lisa,Wilson,23,F,lisa.wilson606@email.com,Houston,AZ,Standard,69427,784,2022-12-01
4022,Jessica,Williams,69,F,jessica.williams98@email.com,Jacksonville,TX,Standard,142528,570,2021-08-03
4023,Barbara,Garcia,65,M,barbara.garcia203@email.com,San Jose,FL,Premium,100186,766,2021-11-30
4024,Thomas,Wilson,65,M,thomas.wilson60@email.com,Chicago,AZ,Basic,85168,785,2021-11-21
4025,Jennifer,Wilson,67,F,jennifer.wilson423@email.com,Houston,NC,Standard,178345,768,2023-01-10
4026,Sarah,Anderson,25,M,sarah.anderson971@email.com,San Diego,TX,Premium,145734,780,2023-04-12
4027,Sarah,Taylor,45,F,sarah.taylor507@email.com,Austin,PA,Basic,49104,591,2022-05-24
4028,Nancy,Wilson,70,M,nancy.wilson187@email.com,Houston,NC,Standard,183633,677,2022-08-31
4029,Susan,Smith,49,F,susan.smith680@email.com,Philadelphia,NY,Standard,169186,676,2023-07-05
4030,Richard,Moore,74,M,richard.moore930@email.com,San Jose,NC,Standard,153710,673,2022-08-27
4031,Mary,Smith,21,F,mary.smith885@email.com,San Jose,OH,Basic,74050,575,2021-09-24
4032,Jessica,Wilson,42,M,jessica.wilson355@email.com,New York,WA,VIP,53085,624,2022-05-18
4033,Barbara,Martinez,20,F,barbara.martinez760@email.com,Austin,NC,Premium,100823,607,2022-12-14
4034,Richard,Martinez,44,M,richard.martinez998@email.com,Los Angeles,TX,Standard,193384,662,2023-01-19
4035,David,Garcia,42,M,david.garcia201@email.com,Jacksonville,FL,Basic,122541,674,2023-02-23
4036,Daniel,Johnson,49,M,daniel.johnson128@email.com,Phoenix,WA,Basic,155246,773,2022-02-19
4037,William,Taylor,54,M,william.taylor503@email.com,San Antonio,AZ,Basic,79065,765,2022-02-01
4038,Thomas,Taylor,61,F,thomas.taylor273@email.com,Phoenix,AZ,Basic,86683,576,2023-10-01
4039,Charles,Jones,19,M,charles.jones490@email.com,San Jose,IL,Standard,81978,765,2023-03-21
4040,Michael,Smith,27,F,michael.smith36@email.com,Jacksonville,IL,Basic,122303,806,2023-05-05
4041,Christopher,Taylor,60,F,christopher.taylor847@email.com,San Jose,NC,Basic,90918,787,2022-01-04
4042,Richard,Thomas,58,M,richard.thomas164@email.com,San Diego,NY,Standard,184608,584,2021-09-28
4043,Charles,Johnson,60,M,charles.johnson199@email.com,Austin,TX,Standard,140754,740,2023-12-24
4044,Karen,Davis,29,F,karen.davis744@email.com,Philadelphia,OH,Standard,53814,841,2022-07-17
4045,Mary,Taylor,48,F,mary.taylor962@email.com,San Jose,CA,Basic,152720,810,2022-04-09
4046,David,Anderson,73,F,david.anderson410@email.com,San Jose,OH,Standard,177810,766,2023-04-20
4047,Jennifer,Taylor,28,M,jennifer.taylor173@email.com,Los Angeles,CA,Premium,102889,813,2021-03-27
4048,Barbara,Rodriguez,33,M,barbara.rodriguez292@email.com,Houston,AZ,Basic,45629,623,2022-01-09
4049,Christopher,Jones,24,M,christopher.jones687@email.com,Los Angeles,WA,Premium,42703,619,2021-11-06
4050,Barbara,Anderson,63,F,barbara.anderson23@email.com,Austin,OH,VIP,112185,807,2021-10-09
4051,Joseph,Davis,72,M,joseph.davis628@email.com,Los Angeles,FL,VIP,94353,681,2023-07-13
4052,Barbara,Miller,43,M,barbara.miller96@email.com,Austin,AZ,Basic,161330,847,2023-07-04
4053,Lisa,Jones,43,F,lisa.jones364@email.com,New York,FL,Standard,137809,663,2021-03-20
4054,James,Miller,30,F,james.miller637@email.com,Jacksonville,CA,Premium,114947,778,2021-02-07
4055,Richard,Jones,33,F,richard.jones106@email.com,Austin,AZ,Standard,119189,645,2023-03-05
4056,John,Smith,40,M,john.smith14@email.com,Chicago,WA,Basic,91980,691,2023-11-21
4057,Patricia,Johnson,60,M,patricia.johnson772@email.com,Chicago,WA,Basic,93259,724,2022-04-13
4058,Patricia,Martinez,72,F,patricia.martinez232@email.com,Chicago,PA,Standard,76241,641,2021-09-22
4059,Karen,Smith,52,M,karen.smith426@email.com,Houston,NC,Basic,35967,558,2023-01-08
4060,Barbara,Taylor,73,M,barbara.taylor935@email.com,Houston,IL,Standard,122498,673,2023-05-24
4061,Mary,Wilson,45,F,mary.wilson203@email.com,San Jose,CA,VIP,37244,779,2022-06-04
4062,Nancy,Thomas,26,M,nancy.thomas240@email.com,Houston,FL,Basic,195198,591,2022-10-26
4063,Michael,Miller,18,F,michael.miller219@email.com,Houston,WA,Basic,168034,840,2023-08-18
4064,Charles,Williams,22,F,charles.williams96@email.com,San Diego,NY,Basic,91997,813,2022-10-30
4065,Susan,Martinez,74,M,susan.martinez262@email.com,Austin,OH,Basic,148982,706,2023-02-24
4066,William,Jones,34,F,william.jones522@email.com,Chicago,FL,Standard,101760,749,2022-08-04
4067,Patricia,Miller,39,M,patricia.miller620@email.com,Austin,NY,VIP,44475,844,2022-08-29
4068,Daniel,Williams,28,F,daniel.williams122@email.com,Houston,FL,Standard,198323,770,2022-07-25
4069,William,Thomas,62,F,william.thomas65@email.com,Phoenix,OH,Basic,67174,781,2022-06-27
4070,Thomas,Garcia,61,M,thomas.garcia179@email.com,San Antonio,NC,Standard,42069,555,2022-01-17
4071,David,Garcia,53,M,david.garcia339@email.com,Chicago,NC,Standard,50438,694,2023-04-22
4072,Barbara,Smith,46,F,barbara.smith250@email.com,Dallas,TX,Standard,198677,604,2023-02-03
4073,Lisa,Jones,23,M,lisa.jones485@email.com,Philadelphia,FL,Standard,172354,845,2022-09-02
4074,William,Wilson,42,F,william.wilson425@email.com,Jacksonville,NY,Standard,168887,795,2021-11-11
4075,Sarah,Miller,73,M,sarah.miller969@email.com,Chicago,OH,Standard,148386,616,2023-05-21
4076,Daniel,Johnson,58,F,daniel.johnson698@email.com,Phoenix,TX,Standard,75158,593,2021-07-25
4077,Barbara,Smith,20,M,barbara.smith197@email.com,Phoenix,NC,VIP,193503,833,2022-07-31
4078,Charles,Davis,73,F,charles.davis597@email.com,Chicago,CA,Standard,86348,569,2021-11-23
4079,Charles,Davis,35,M,charles.davis217@email.com,Houston,TX,Basic,184726,580,2023-02-18
4080,Michael,Brown,48,F,michael.brown247@email.com,Jacksonville,IL,Premium,117800,767,2023-02-19
4081,Karen,Garcia,41,F,karen.garcia404@email.com,Phoenix,NY,Premium,35007,726,2021-06-30
4082,Linda,Miller,33,M,linda.miller320@email.com,Chicago,NC,Standard,172857,745,2023-03-29
4083,John,Martinez,53,M,john.martinez574@email.com,Philadelphia,IL,Basic,50865,587,2021-10-23
4084,Lisa,Thomas,30,F,lisa.thomas72@email.com,Austin,OH,VIP,158893,608,2022-01-09
4085,Karen,Jones,35,F,karen.jones376@email.com,Los Angeles,TX,Premium,59493,673,2022-09-25
4086,Joseph,Wilson,42,M,joseph.wilson318@email.com,San Jose,IL,Standard,50858,575,2023-12-18
4087,Thomas,Jones,53,M,thomas.jones159@email.com,Chicago,TX,Basic,170440,581,2021-04-30
4088,James,Garcia,56,M,james.garcia19@email.com,Chicago,TX,VIP,107641,722,2021-03-17
4089,James,Moore,52,F,james.moore658@email.com,San Antonio,IL,Premium,139847,657,2023-11-13
4090,Thomas,Martinez,21,F,thomas.martinez731@email.com,San Antonio,IL,Standard,53053,744,2022-09-23
4091,Charles,Martinez,74,M,charles.martinez562@email.com,Jacksonville,WA,Basic,128369,791,2023-05-07
4092,Linda,Wilson,62,F,linda.wilson858@email.com,Houston,OH,Standard,55644,593,2022-06-19
4093,Patricia,Thomas,27,M,patricia.thomas334@email.com,San Diego,NY,Basic,189793,725,2021-10-21
4094,David,Martinez,61,M,david.martinez576@email.com,Philadelphia,IL,Premium,182110,638,2021-12-05
4095,Richard,Taylor,52,M,richard.taylor994@email.com,Phoenix,TX,Basic,183437,650,2022-04-25
4096,Susan,Taylor,56,M,susan.taylor732@email.com,Houston,WA,Standard,138025,796,2023-02-20
4097,David,Taylor,57,F,david.taylor936@email.com,Dallas,IL,Standard,162302,597,2023-01-03
4098,David,Williams,61,M,david.williams505@email.com,Jacksonville,AZ,Basic,131014,556,2022-10-21
4099,Nancy,Taylor,69,F,nancy.taylor868@email.com,Los Angeles,PA,Standard,70767,680,2023-08-04
4100,David,Smith,26,F,david.smith658@email.com,New York,TX,Standard,160899,844,2023-09-21
4101,Sarah,Davis,41,F,sarah.davis493@email.com,Austin,NY,Standard,91445,573,2021-09-08
4102,Jennifer,Garcia,54,F,jennifer.garcia795@email.com,New York,WA,Basic,180509,633,2022-12-06
4103,Daniel,Martinez,45,M,daniel.martinez763@email.com,San Antonio,NC,Basic,158421,556,2021-11-27
4104,Linda,Wilson,27,M,linda.wilson659@email.com,Chicago,PA,Standard,126204,727,2021-01-17
4105,Linda,Smith,19,M,linda.smith792@email.com,Philadelphia,IL,VIP,109566,677,2021-11-20
4106,Susan,Rodriguez,32,M,susan.rodriguez24@email.com,Chicago,TX,Premium,136832,801,2023-01-28
4107,John,Taylor,19,M,john.taylor825@email.com,Chicago,IL,Basic,84560,767,2023-12-11
4108,Linda,Martinez,74,F,linda.martinez133@email.com,Austin,WA,Standard,109123,791,2022-08-18
4109,John,Wilson,62,M,john.wilson157@email.com,Chicago,CA,Standard,179356,750,2022-05-26
4110,Jessica,Garcia,66,M,jessica.garcia192@email.com,Phoenix,NY,Standard,56805,696,2022-08-09
4111,Lisa,Anderson,33,F,lisa.anderson556@email.com,San Antonio,AZ,Basic,194329,624,2023-08-09
4112,Thomas,Thomas,53,F,thomas.thomas28@email.com,San Jose,IL,Basic,53457,647,2021-11-22
4113,Elizabeth,Moore,18,F,elizabeth.moore30@email.com,Los Angeles,OH,Standard,171685,827,2022-07-20
4114,James,Smith,72,F,james.smith769@email.com,San Antonio,IL,Standard,117138,829,2023-10-29
4115,Jennifer,Williams,73,F,jennifer.williams723@email.com,New York,IL,Premium,156644,705,2021-10-27
4116,Robert,Jones,56,F,robert.jones780@email.com,Jacksonville,CA,Standard,142640,658,2022-02-19
4117,Thomas,Williams,48,F,thomas.williams351@email.com,San Antonio,NC,Standard,85005,704,2021-07-02
4118,Karen,Jones,64,M,karen.jones899@email.com,Austin,NC,Standard,192976,752,2021-03-25
4119,Joseph,Anderson,48,M,joseph.anderson956@email.com,Phoenix,IL,Standard,180323,599,2021-08-26
4120,Charles,Jones,19,F,charles.jones746@email.com,Philadelphia,NC,Standard,78010,601,2022-12-21
4121,Thomas,Smith,67,M,thomas.smith78@email.com,Philadelphia,IL,Basic,74897,657,2021-12-15
4122,Daniel,Smith,26,M,daniel.smith45@email.com,Houston,FL,Basic,127185,754,2022-02-11
4123,Charles,Williams,45,M,charles.williams272@email.com,San Jose,AZ,Standard,100275,800,2023-11-28
4124,Susan,Martinez,20,F,susan.martinez672@email.com,Chicago,TX,Basic,147879,665,2021-01-06
4125,Nancy,Williams,49,M,nancy.williams430@email.com,New York,OH,Basic,68565,568,2022-02-28
4126,Elizabeth,Brown,49,F,elizabeth.brown28@email.com,Dallas,WA,Basic,163427,710,2021-02-24
4127,Charles,Jones,65,M,charles.jones569@email.com,Dallas,CA,Basic,45966,783,2023-11-03
4128,Patricia,Williams,67,M,patricia.williams210@email.com,San Jose,NY,Premium,50313,759,2022-01-21
4129,Mary,Martinez,64,M,mary.martinez831@email.com,San Jose,WA,Basic,189039,620,2021-05-18
4130,Jennifer,Martinez,65,F,jennifer.martinez136@email.com,Austin,OH,VIP,167889,722,2022-06-22
4131,William,Anderson,70,F,william.anderson601@email.com,New York,OH,Premium,164203,683,2022-07-27
4132,Richard,Johnson,44,F,richard.johnson162@email.com,New York,CA,Standard,181886,610,2022-12-21
4133,Jennifer,Martinez,39,F,jennifer.martinez108@email.com,San Diego,PA,Standard,141977,688,2021-12-30
4134,Susan,Miller,22,F,susan.miller305@email.com,San Jose,AZ,Basic,44489,743,2022-01-12
4135,Linda,Williams,34,M,linda.williams798@email.com,San Jose,CA,Premium,155754,569,2022-09-26
4136,Sarah,Garcia,40,M,sarah.garcia447@email.com,Phoenix,NY,Premium,64214,550,2021-04-02
4137,Linda,Rodriguez,62,M,linda.rodriguez90@email.com,Austin,NY,Standard,51294,730,2022-04-07
4138,Barbara,Anderson,35,M,barbara.anderson797@email.com,San Diego,TX,Standard,187478,805,2023-12-06
4139,Lisa,Anderson,47,F,lisa.anderson868@email.com,New York,OH,VIP,123878,643,2022-11-19
4140,Jessica,Wilson,64,M,jessica.wilson154@email.com,Phoenix,OH,Standard,143618,628,2023-06-25
4141,Daniel,Williams,33,F,daniel.williams511@email.com,Los Angeles,PA,Basic,133280,642,2023-11-25
4142,Karen,Wilson,55,F,karen.wilson243@email.com,Philadelphia,FL,Standard,148759,696,2023-12-08
4143,Jennifer,Moore,48,M,jennifer.moore758@email.com,Jacksonville,CA,Standard,194199,796,2023-11-14
4144,Christopher,Wilson,38,F,christopher.wilson241@email.com,Los Angeles,PA,Basic,149639,604,2021-06-20
4145,Barbara,Smith,46,F,barbara.smith520@email.com,Philadelphia,WA,Basic,93681,844,2021-03-07
4146,Patricia,Rodriguez,19,F,patricia.rodriguez423@email.com,Chicago,TX,Premium,177368,762,2021-07-09
4147,John,Thomas,54,M,john.thomas794@email.com,Los Angeles,TX,Basic,114243,562,2022-07-07
4148,Mary,Miller,40,F,mary.miller576@email.com,San Diego,IL,VIP,102394,774,2021-12-22
4149,James,Jones,33,M,james.jones237@email.com,Austin,PA,Standard,150785,723,2021-12-22
4150,Charles,Williams,41,F,charles.williams410@email.com,Phoenix,CA,Standard,89000,817,2021-06-21
4151,Thomas,Jones,31,F,thomas.jones864@email.com,Los Angeles,FL,Premium,161288,703,2021-01-18
4152,Michael,Garcia,64,F,michael.garcia959@email.com,Austin,WA,Basic,39311,792,2021-11-23
4153,Richard,Davis,54,F,richard.davis559@email.com,San Diego,PA,Basic,109836,659,2022-10-28
4154,Jennifer,Brown,59,M,jennifer.brown419@email.com,Los Angeles,IL,Basic,71784,756,2023-12-25
4155,Patricia,Taylor,61,F,patricia.taylor230@email.com,San Diego,NY,Basic,98581,758,2022-07-03
4156,Charles,Miller,43,M,charles.miller25@email.com,Houston,PA,Standard,126397,703,2023-01-01
4157,Daniel,Miller,53,M,daniel.miller657@email.com,San Diego,NY,Standard,168345,630,2023-05-27
4158,Barbara,Garcia,36,M,barbara.garcia148@email.com,Jacksonville,NC,Basic,103872,799,2023-04-04
4159,William,Anderson,52,M,william.anderson543@email.com,Philadelphia,FL,Basic,106038,586,2021-02-02
4160,Patricia,Brown,26,M,patricia.brown703@email.com,Phoenix,PA,VIP,192737,843,2022-08-11
4161,William,Brown,56,F,william.brown148@email.com,Phoenix,IL,Basic,68661,599,2021-12-24
4162,Charles,Thomas,20,F,charles.thomas18@email.com,Philadelphia,WA,Standard,178523,666,2023-03-14
4163,Patricia,Garcia,30,M,patricia.garcia140@email.com,San Diego,CA,VIP,84983,766,2022-05-27
4164,Daniel,Anderson,35,M,daniel.anderson565@email.com,San Diego,WA,Standard,164241,815,2021-07-17
4165,Mary,Garcia,29,M,mary.garcia593@email.com,Phoenix,NY,Premium,89517,768,2023-05-04
4166,Jennifer,Wilson,37,M,jennifer.wilson931@email.com,Chicago,FL,Standard,168399,585,2023-02-19
4167,Robert,Moore,32,F,robert.moore144@email.com,Phoenix,OH,VIP,45187,766,2021-08-21
4168,Nancy,Taylor,43,F,nancy.taylor943@email.com,Houston,OH,Basic,153492,564,2022-08-15
4169,Jessica,Williams,72,M,jessica.williams192@email.com,Chicago,NC,Standard,65857,623,2023-01-20
4170,William,Johnson,19,F,william.johnson44@email.com,Chicago,TX,Basic,138236,706,2023-04-02
4171,Charles,Taylor,40,M,charles.taylor734@email.com,San Antonio,WA,Standard,161062,729,2023-01-21
4172,Daniel,Taylor,36,F,daniel.taylor299@email.com,Los Angeles,FL,Standard,77059,700,2022-12-22
4173,Michael,Johnson,67,M,michael.johnson55@email.com,San Diego,WA,VIP,50785,631,2022-05-02
4174,John,Smith,31,F,john.smith67@email.com,Houston,AZ,Standard,61098,628,2022-06-11
4175,Linda,Moore,59,M,linda.moore880@email.com,Jacksonville,NY,Standard,68418,643,2023-05-23
4176,Richard,Rodriguez,42,M,richard.rodriguez666@email.com,Phoenix,TX,VIP,148988,772,2022-04-15
4177,Patricia,Thomas,25,M,patricia.thomas55@email.com,New York,AZ,Basic,180038,562,2023-12-23
4178,Thomas,Brown,60,F,thomas.brown973@email.com,Jacksonville,NC,Basic,164929,725,2021-12-30
4179,James,Wilson,44,F,james.wilson403@email.com,Phoenix,CA,Standard,55629,784,2021-06-16
4180,David,Anderson,44,F,david.anderson152@email.com,San Antonio,NY,Standard,131007,594,2021-07-17
4181,Joseph,Rodriguez,68,F,joseph.rodriguez283@email.com,New York,PA,Standard,113738,645,2023-12-16
4182,William,Williams,29,F,william.williams989@email.com,San Jose,AZ,Standard,66326,780,2023-11-07
4183,Charles,Taylor,70,M,charles.taylor433@email.com,Philadelphia,WA,VIP,161462,840,2022-12-12
4184,Karen,Garcia,62,F,karen.garcia970@email.com,Chicago,TX,Premium,148938,796,2023-08-30
4185,Charles,Anderson,57,M,charles.anderson289@email.com,San Diego,WA,Standard,98191,726,2021-04-09
4186,Sarah,Williams,51,M,sarah.williams5@email.com,New York,NC,Basic,94010,815,2023-02-11
4187,Lisa,Garcia,73,F,lisa.garcia68@email.com,San Jose,NC,Basic,57654,778,2022-01-01
4188,Mary,Anderson,45,M,mary.anderson791@email.com,Chicago,TX,Standard,138400,742,2023-08-01
4189,Sarah,Miller,27,M,sarah.miller711@email.com,Austin,NC,Standard,53225,554,2021-03-03
4190,Elizabeth,Thomas,66,M,elizabeth.thomas725@email.com,Phoenix,NY,Standard,66821,706,2021-05-20
4191,Linda,Brown,29,M,linda.brown297@email.com,San Antonio,IL,Standard,64778,753,2021-10-02
4192,Lisa,Smith,52,F,lisa.smith55@email.com,Phoenix,NY,Basic,96868,733,2021-06-06
4193,Charles,Rodriguez,27,F,charles.rodriguez189@email.com,Jacksonville,NY,Standard,174862,758,2021-05-04
4194,Elizabeth,Garcia,34,M,elizabeth.garcia209@email.com,Philadelphia,IL,Standard,120062,609,2021-12-03
4195,William,Johnson,63,M,william.johnson10@email.com,San Diego,FL,Standard,135625,847,2021-11-10
4196,Mary,Jones,61,M,mary.jones407@email.com,Houston,WA,Standard,112219,617,2021-06-03
4197,Thomas,Thomas,29,F,thomas.thomas18@email.com,San Antonio,PA,Standard,145316,833,2022-02-12
4198,Jessica,Williams,50,M,jessica.williams94@email.com,Chicago,CA,Premium,124562,612,2021-07-07
4199,Joseph,Davis,25,F,joseph.davis265@email.com,San Antonio,CA,Basic,40477,730,2022-02-02
4200,Michael,Taylor,49,F,michael.taylor448@email.com,Phoenix,AZ,Standard,101965,710,2023-12-22
4201,Charles,Garcia,65,M,charles.garcia169@email.com,San Jose,CA,Standard,110716,748,2022-06-13
4202,Patricia,Garcia,44,M,patricia.garcia254@email.com,Jacksonville,OH,Basic,49740,713,2023-05-02
4203,Karen,Smith,27,M,karen.smith546@email.com,San Antonio,IL,Basic,92540,669,2021-05-29
4204,Linda,Wilson,19,F,linda.wilson338@email.com,Jacksonville,FL,Standard,103501,703,2023-03-14
4205,Jessica,Rodriguez,28,F,jessica.rodriguez532@email.com,Dallas,IL,Standard,118325,632,2022-06-02
4206,Jennifer,Jones,46,F,jennifer.jones33@email.com,Houston,AZ,Standard,54246,725,2022-05-06
4207,Jessica,Martinez,59,F,jessica.martinez155@email.com,Austin,NC,Premium,37900,554,2021-03-02
4208,Elizabeth,Wilson,42,F,elizabeth.wilson651@email.com,San Diego,PA,Standard,199635,761,2021-11-01
4209,Elizabeth,Jones,37,F,elizabeth.jones34@email.com,Jacksonville,NY,Standard,78341,556,2023-07-12
4210,Lisa,Brown,40,F,lisa.brown757@email.com,New York,AZ,Basic,59896,812,2023-04-05
4211,Richard,Wilson,71,M,richard.wilson841@email.com,New York,NY,Standard,30966,772,2023-05-30
4212,Thomas,Smith,63,F,thomas.smith962@email.com,Jacksonville,TX,Standard,179860,790,2022-09-27
4213,Richard,Martinez,42,F,richard.martinez569@email.com,Dallas,TX,Basic,30520,602,2024-01-01
4214,Barbara,Davis,26,F,barbara.davis174@email.com,San Jose,WA,Standard,136196,656,2023-06-20
4215,Daniel,Moore,65,M,daniel.moore926@email.com,Chicago,FL,Standard,75109,728,2021-08-04
4216,Elizabeth,Garcia,40,F,elizabeth.garcia575@email.com,Chicago,CA,Basic,101847,622,2022-07-22
4217,William,Moore,40,M,william.moore966@email.com,San Jose,TX,VIP,33441,574,2023-12-10
4218,Patricia,Wilson,23,M,patricia.wilson258@email.com,Jacksonville,AZ,Premium,159997,709,2023-03-31
4219,David,Brown,31,F,david.brown239@email.com,Houston,OH,Basic,124737,821,2023-12-09
4220,James,Smith,69,M,james.smith120@email.com,New York,IL,Standard,127145,801,2021-05-12
4221,Nancy,Miller,71,F,nancy.miller675@email.com,Chicago,NY,Standard,96716,828,2022-01-01
4222,Christopher,Smith,69,F,christopher.smith405@email.com,Austin,PA,Standard,154595,577,2021-01-20
4223,Linda,Wilson,69,F,linda.wilson823@email.com,San Antonio,FL,Standard,113330,766,2021-05-19
4224,Jennifer,Moore,18,F,jennifer.moore707@email.com,Jacksonville,OH,Standard,106029,674,2023-07-12
4225,Lisa,Smith,49,F,lisa.smith95@email.com,Chicago,FL,Standard,97529,657,2023-04-16
4226,David,Davis,74,M,david.davis740@email.com,Chicago,NY,Standard,75450,685,2021-04-07
4227,Michael,Johnson,22,M,michael.johnson896@email.com,Houston,WA,Basic,184080,640,2022-12-21
4228,William,Garcia,52,M,william.garcia227@email.com,New York,FL,Standard,159101,591,2021-08-17
4229,John,Wilson,39,M,john.wilson174@email.com,New York,CA,Basic,70417,731,2023-11-08
4230,Richard,Jones,25,F,richard.jones234@email.com,New York,OH,Standard,133648,578,2022-01-16
4231,Barbara,Taylor,64,F,barbara.taylor850@email.com,San Antonio,FL,Standard,138834,748,2021-02-19
4232,Elizabeth,Taylor,54,F,elizabeth.taylor943@email.com,New York,WA,Standard,146429,842,2023-02-05
4233,Nancy,Jones,23,F,nancy.jones519@email.com,San Antonio,AZ,VIP,79984,595,2021-09-25
4234,John,Jones,48,F,john.jones66@email.com,New York,CA,Standard,78889,600,2022-03-16
4235,David,Rodriguez,47,F,david.rodriguez376@email.com,Chicago,FL,Standard,168416,673,2023-06-30
4236,Lisa,Wilson,47,F,lisa.wilson67@email.com,Austin,PA,Standard,131224,796,2023-12-06
4237,Susan,Anderson,30,F,susan.anderson553@email.com,Chicago,WA,Standard,98694,693,2021-02-21
4238,William,Rodriguez,37,F,william.rodriguez405@email.com,Houston,OH,Standard,83469,616,2023-04-06
4239,Richard,Anderson,64,M,richard.anderson682@email.com,Houston,OH,Premium,63285,716,2023-05-09
4240,John,Moore,54,M,john.moore872@email.com,San Diego,PA,VIP,81897,749,2021-06-14
4241,Michael,Johnson,71,M,michael.johnson613@email.com,San Antonio,CA,Premium,99974,665,2022-08-11
4242,Barbara,Brown,71,M,barbara.brown136@email.com,San Jose,OH,Basic,73906,687,2021-08-13
4243,Joseph,Jones,24,M,joseph.jones531@email.com,Phoenix,CA,Standard,77202,826,2023-02-15
4244,Linda,Moore,22,F,linda.moore144@email.com,Houston,NY,Basic,158132,596,2021-05-07
4245,William,Anderson,47,F,william.anderson30@email.com,New York,CA,Basic,60815,551,2022-02-02
4246,Charles,Jones,27,F,charles.jones823@email.com,San Jose,NC,Standard,39176,728,2022-11-02
4247,Charles,Miller,52,F,charles.miller334@email.com,Dallas,NY,Standard,129887,653,2023-11-28
4248,Christopher,Moore,56,F,christopher.moore914@email.com,San Jose,NY,Basic,50422,708,2021-05-12
4249,Charles,Johnson,59,F,charles.johnson868@email.com,Dallas,AZ,Premium,37373,744,2022-12-20
4250,William,Jones,44,F,william.jones992@email.com,Dallas,NC,Basic,174402,730,2021-05-12
4251,John,Wilson,65,M,john.wilson923@email.com,Chicago,PA,Basic,66418,788,2022-09-16
4252,Robert,Brown,63,F,robert.brown989@email.com,Houston,TX,Standard,113863,752,2022-07-09
4253,Susan,Miller,26,F,susan.miller434@email.com,New York,OH,Premium,80587,599,2021-05-27
4254,William,Smith,18,M,william.smith105@email.com,San Antonio,IL,Basic,71145,727,2023-02-24
4255,Richard,Taylor,54,M,richard.taylor469@email.com,San Diego,NC,Basic,58555,669,2023-11-05
4256,Elizabeth,Garcia,61,F,elizabeth.garcia312@email.com,Austin,NY,VIP,98228,617,2023-05-10
4257,Linda,Williams,48,M,linda.williams759@email.com,Jacksonville,WA,VIP,130367,814,2022-08-14
4258,Elizabeth,Wilson,18,M,elizabeth.wilson456@email.com,San Antonio,TX,VIP,189680,770,2021-10-19
4259,Elizabeth,Jones,42,M,elizabeth.jones570@email.com,Los Angeles,WA,Basic,36845,790,2021-11-05
4260,Linda,Rodriguez,36,M,linda.rodriguez858@email.com,Chicago,IL,Standard,58564,619,2022-06-24
4261,James,Moore,72,F,james.moore313@email.com,San Antonio,IL,Basic,111363,692,2021-02-11
4262,Jennifer,Brown,46,M,jennifer.brown792@email.com,Houston,FL,Premium,143694,752,2021-02-05
4263,Elizabeth,Williams,24,F,elizabeth.williams914@email.com,Philadelphia,AZ,Standard,169467,589,2022-05-24
4264,Mary,Taylor,41,M,mary.taylor251@email.com,San Diego,TX,Standard,157915,582,2023-09-27
4265,James,Williams,70,M,james.williams908@email.com,Phoenix,AZ,Standard,183665,610,2023-08-06
4266,Daniel,Miller,20,M,daniel.miller686@email.com,San Diego,AZ,Standard,90329,624,2022-12-23
4267,Linda,Moore,47,M,linda.moore814@email.com,San Diego,AZ,Basic,130061,731,2022-10-20
4268,Barbara,Smith,32,M,barbara.smith152@email.com,Dallas,IL,Premium,41582,677,2021-05-04
4269,Thomas,Jones,19,M,thomas.jones244@email.com,Houston,TX,Premium,36465,783,2023-07-01
4270,John,Anderson,18,M,john.anderson338@email.com,Jacksonville,NC,Basic,163158,847,2022-11-10
4271,Michael,Thomas,27,M,michael.thomas536@email.com,Chicago,WA,Standard,131062,609,2021-08-27
4272,Barbara,Jones,51,F,barbara.jones316@email.com,Houston,FL,Basic,123461,749,2022-02-14
4273,Daniel,Taylor,70,M,daniel.taylor97@email.com,Jacksonville,WA,Standard,167274,821,2022-06-17
4274,Elizabeth,Thomas,65,M,elizabeth.thomas915@email.com,Philadelphia,PA,Standard,137170,827,2022-11-12
4275,Thomas,Garcia,60,M,thomas.garcia258@email.com,Chicago,NY,Standard,97470,685,2022-08-29
4276,Elizabeth,Jones,59,F,elizabeth.jones645@email.com,New York,AZ,Standard,199559,827,2021-03-26
4277,Susan,Garcia,48,M,susan.garcia250@email.com,Jacksonville,NC,Premium,83809,668,2023-11-26
4278,Sarah,Martinez,61,M,sarah.martinez269@email.com,Philadelphia,IL,Standard,180400,826,2023-11-05
4279,Jennifer,Davis,63,M,jennifer.davis644@email.com,Austin,NY,Basic,80074,751,2023-08-18
4280,Robert,Taylor,58,F,robert.taylor137@email.com,Philadelphia,TX,Premium,97944,796,2022-07-03
4281,Barbara,Garcia,63,F,barbara.garcia311@email.com,Los Angeles,CA,Premium,179299,837,2021-02-20
4282,Elizabeth,Thomas,61,F,elizabeth.thomas542@email.com,Los Angeles,AZ,Basic,117328,803,2021-11-19
4283,John,Miller,26,F,john.miller26@email.com,San Antonio,CA,Basic,116831,561,2023-04-02
4284,Jessica,Rodriguez,70,F,jessica.rodriguez395@email.com,Philadelphia,NC,Standard,127222,698,2022-09-27
4285,Thomas,Wilson,63,F,thomas.wilson650@email.com,Phoenix,OH,Standard,91789,805,2021-09-10
4286,Karen,Thomas,24,M,karen.thomas808@email.com,San Diego,FL,Standard,135009,597,2021-03-30
4287,Sarah,Garcia,49,M,sarah.garcia679@email.com,Phoenix,WA,Standard,99900,785,2021-08-14
4288,Karen,Davis,45,F,karen.davis682@email.com,San Jose,AZ,VIP,141565,647,2023-05-24
4289,Elizabeth,Moore,46,M,elizabeth.moore740@email.com,Jacksonville,PA,Standard,103577,555,2021-08-17
4290,Charles,Miller,41,M,charles.miller681@email.com,Chicago,PA,Basic,59989,828,2021-03-09
4291,Karen,Wilson,70,F,karen.wilson279@email.com,Houston,AZ,Standard,143704,653,2021-10-24
4292,Christopher,Brown,33,F,christopher.brown413@email.com,Chicago,FL,Standard,44908,640,2022-04-19
4293,Sarah,Garcia,53,M,sarah.garcia280@email.com,Houston,OH,Premium,104993,842,2022-08-28
4294,Karen,Martinez,39,M,karen.martinez693@email.com,Jacksonville,OH,Standard,76525,558,2023-06-22
4295,Nancy,Jones,59,F,nancy.jones893@email.com,Houston,WA,Standard,106164,578,2021-02-26
4296,Nancy,Wilson,51,M,nancy.wilson829@email.com,San Diego,NC,Premium,145715,615,2021-06-07
4297,Linda,Brown,45,F,linda.brown625@email.com,San Antonio,NY,Standard,197223,673,2022-03-20
4298,John,Davis,67,F,john.davis116@email.com,Jacksonville,NY,Standard,72474,751,2021-05-07
4299,Daniel,Johnson,41,F,daniel.johnson895@email.com,Phoenix,IL,Basic,126140,568,2021-07-03
4300,David,Moore,63,M,david.moore960@email.com,Phoenix,WA,Standard,63625,562,2022-02-12
4301,Barbara,Thomas,51,M,barbara.thomas491@email.com,San Diego,OH,Basic,138480,571,2021-10-13
4302,Richard,Moore,41,F,richard.moore204@email.com,San Jose,OH,Standard,83344,559,2023-06-12
4303,Elizabeth,Taylor,66,M,elizabeth.taylor429@email.com,San Jose,CA,Basic,157548,552,2021-08-23
4304,Jessica,Rodriguez,25,M,jessica.rodriguez988@email.com,Jacksonville,PA,VIP,38993,650,2023-10-16
4305,William,Brown,31,F,william.brown876@email.com,Los Angeles,WA,Standard,88361,787,2023-04-12
4306,Patricia,Martinez,36,M,patricia.martinez629@email.com,Austin,WA,Premium,188105,792,2023-11-01
4307,Sarah,Moore,55,F,sarah.moore553@email.com,San Antonio,FL,Premium,70809,611,2022-12-08
4308,James,Martinez,26,M,james.martinez545@email.com,Chicago,IL,Standard,143497,793,2021-09-11
4309,Michael,Davis,49,M,michael.davis971@email.com,Phoenix,NY,Standard,185040,565,2023-03-22
4310,Linda,Taylor,33,F,linda.taylor572@email.com,Phoenix,AZ,Standard,147251,755,2022-07-31
4311,Joseph,Jones,19,M,joseph.jones802@email.com,Jacksonville,AZ,Premium,120148,557,2021-01-11
4312,James,Wilson,36,M,james.wilson781@email.com,Los Angeles,OH,Standard,157278,811,2022-01-01
4313,Thomas,Martinez,21,M,thomas.martinez212@email.com,Austin,OH,VIP,38819,720,2023-05-07
4314,Charles,Miller,35,F,charles.miller627@email.com,Chicago,NC,Premium,82193,823,2023-07-19
4315,John,Garcia,18,M,john.garcia89@email.com,Dallas,PA,Basic,144670,655,2023-11-07
4316,Joseph,Martinez,49,M,joseph.martinez613@email.com,Jacksonville,CA,Standard,94125,686,2022-02-19
4317,Linda,Jones,23,M,linda.jones307@email.com,Jacksonville,PA,Standard,109113,815,2021-01-11
4318,Daniel,Wilson,40,M,daniel.wilson660@email.com,Phoenix,AZ,Standard,194039,700,2021-06-26
4319,Jennifer,Wilson,29,M,jennifer.wilson953@email.com,New York,TX,Standard,119175,804,2022-11-26
4320,David,Wilson,30,M,david.wilson458@email.com,San Diego,IL,Standard,114595,806,2023-09-26
4321,Sarah,Martinez,70,M,sarah.martinez259@email.com,Austin,NC,Standard,157296,726,2022-09-15
4322,Christopher,Miller,45,M,christopher.miller140@email.com,Phoenix,NC,Basic,91709,828,2023-08-12
4323,Sarah,Thomas,22,F,sarah.thomas902@email.com,San Antonio,CA,Standard,110314,696,2022-06-10
4324,Patricia,Davis,19,M,patricia.davis656@email.com,San Antonio,NY,VIP,174243,822,2021-11-02
4325,John,Wilson,62,F,john.wilson807@email.com,Philadelphia,AZ,Premium,107526,692,2021-09-08
4326,Christopher,Rodriguez,55,F,christopher.rodriguez722@email.com,Philadelphia,NC,Basic,179281,746,2023-09-15
4327,Jennifer,Thomas,65,M,jennifer.thomas743@email.com,Phoenix,OH,Basic,80020,802,2023-01-16
4328,David,Rodriguez,50,F,david.rodriguez197@email.com,Jacksonville,NY,Premium,62620,586,2021-04-05
4329,Lisa,Davis,20,F,lisa.davis245@email.com,New York,WA,Basic,133422,757,2023-05-22
4330,William,Miller,72,M,william.miller455@email.com,New York,FL,Standard,129990,765,2023-01-25
4331,Patricia,Wilson,29,F,patricia.wilson736@email.com,Philadelphia,OH,Standard,70180,796,2022-10-31
4332,Jessica,Rodriguez,51,M,jessica.rodriguez741@email.com,Jacksonville,WA,Standard,137873,697,2021-04-07
4333,Joseph,Taylor,47,F,joseph.taylor359@email.com,San Antonio,TX,Standard,134434,758,2022-06-04
4334,John,Wilson,33,M,john.wilson114@email.com,New York,AZ,VIP,72315,552,2023-09-13
4335,William,Thomas,70,M,william.thomas309@email.com,Austin,NC,Standard,87176,628,2021-12-17
4336,Jessica,Smith,27,M,jessica.smith292@email.com,San Antonio,NY,Standard,35060,691,2021-01-03
4337,Susan,Taylor,41,F,susan.taylor270@email.com,New York,NY,Standard,163811,687,2022-03-21
4338,Richard,Moore,68,F,richard.moore593@email.com,Dallas,FL,Basic,68263,763,2021-10-10
4339,Thomas,Davis,30,M,thomas.davis933@email.com,Houston,PA,VIP,100107,766,2023-11-19
4340,Thomas,Davis,61,F,thomas.davis231@email.com,Chicago,FL,Standard,108328,779,2023-08-04
4341,John,Smith,39,M,john.smith161@email.com,New York,CA,Standard,173016,810,2023-03-08
4342,Robert,Taylor,46,F,robert.taylor703@email.com,Jacksonville,NC,Standard,65316,566,2021-04-21
4343,Elizabeth,Wilson,55,F,elizabeth.wilson909@email.com,New York,TX,Standard,37152,627,2022-05-22
4344,Mary,Garcia,34,F,mary.garcia841@email.com,Houston,PA,Basic,151994,659,2021-02-20
4345,Jessica,Anderson,50,F,jessica.anderson301@email.com,New York,FL,Premium,82731,621,2021-03-25
4346,Sarah,Williams,44,M,sarah.williams209@email.com,Dallas,WA,Premium,148620,640,2022-10-09
4347,Linda,Williams,18,M,linda.williams645@email.com,Chicago,NC,Standard,44745,843,2022-07-28
4348,Richard,Davis,46,M,richard.davis235@email.com,Phoenix,FL,Standard,174433,770,2021-09-02
4349,Richard,Wilson,74,M,richard.wilson57@email.com,Philadelphia,IL,Standard,151312,604,2021-06-23
4350,Robert,Johnson,46,M,robert.johnson370@email.com,San Diego,NC,VIP,186214,624,2022-10-09
4351,Michael,Miller,56,M,michael.miller942@email.com,San Diego,CA,Standard,165567,691,2021-08-07
4352,Michael,Brown,47,M,michael.brown558@email.com,Houston,OH,Standard,114063,569,2021-10-17
4353,William,Jones,49,F,william.jones459@email.com,New York,NY,Basic,144188,774,2022-02-10
4354,Joseph,Brown,30,M,joseph.brown386@email.com,Los Angeles,PA,Standard,183856,767,2021-03-15
4355,Jessica,Brown,47,M,jessica.brown326@email.com,Jacksonville,IL,Basic,110198,814,2023-08-30
4356,James,Martinez,64,F,james.martinez623@email.com,Austin,OH,Standard,154174,801,2021-02-01
4357,Patricia,Taylor,61,M,patricia.taylor70@email.com,Chicago,WA,Standard,143383,673,2023-06-17
4358,John,Moore,24,M,john.moore978@email.com,Phoenix,OH,Basic,37335,633,2023-08-09
4359,Nancy,Rodriguez,40,F,nancy.rodriguez978@email.com,Chicago,NC,Standard,184720,628,2023-06-06
4360,Robert,Smith,51,M,robert.smith796@email.com,Los Angeles,FL,Standard,58428,682,2022-10-02
4361,Lisa,Garcia,35,M,lisa.garcia683@email.com,Jacksonville,NC,Standard,155185,586,2023-01-21
4362,Charles,Davis,71,F,charles.davis942@email.com,Austin,WA,Standard,93428,810,2021-07-26
4363,Daniel,Wilson,64,F,daniel.wilson471@email.com,Austin,WA,Basic,198029,707,2023-01-28
4364,Nancy,Brown,24,F,nancy.brown700@email.com,San Antonio,CA,Basic,162418,845,2021-07-12
4365,Christopher,Williams,24,M,christopher.williams111@email.com,Phoenix,CA,Standard,34001,757,2022-07-22
4366,Thomas,Jones,43,F,thomas.jones351@email.com,New York,CA,Premium,64702,703,2023-03-08
4367,Joseph,Martinez,36,F,joseph.martinez716@email.com,San Antonio,IL,Basic,106854,668,2021-03-20
4368,Susan,Johnson,55,F,susan.johnson961@email.com,San Jose,TX,Standard,81204,624,2022-04-07
4369,Jennifer,Miller,59,M,jennifer.miller819@email.com,Los Angeles,AZ,Premium,186737,621,2022-01-01
4370,Sarah,Martinez,51,F,sarah.martinez149@email.com,New York,FL,Premium,38763,686,2022-08-29
4371,Mary,Johnson,21,M,mary.johnson893@email.com,San Jose,CA,Premium,142081,680,2021-04-19
4372,Mary,Brown,25,F,mary.brown962@email.com,Austin,NC,VIP,165111,759,2021-10-10
4373,Michael,Miller,43,M,michael.miller116@email.com,San Antonio,FL,Standard,69099,697,2023-03-28
4374,Jennifer,Taylor,71,F,jennifer.taylor197@email.com,Austin,WA,Basic,115664,675,2021-04-01
4375,Charles,Martinez,36,M,charles.martinez785@email.com,San Jose,NC,Basic,91101,806,2022-01-22
4376,Patricia,Miller,41,M,patricia.miller479@email.com,San Antonio,NY,Premium,37746,821,2022-05-11
4377,Linda,Moore,68,F,linda.moore629@email.com,San Jose,NC,VIP,176685,806,2023-03-24
4378,Jennifer,Davis,47,M,jennifer.davis962@email.com,Chicago,NC,Basic,61789,614,2022-02-11
4379,Susan,Taylor,62,F,susan.taylor239@email.com,Philadelphia,CA,Standard,197016,599,2022-10-21
4380,Robert,Miller,72,M,robert.miller409@email.com,Philadelphia,WA,Basic,70484,791,2023-12-28
4381,Daniel,Martinez,40,M,daniel.martinez187@email.com,Jacksonville,NY,Premium,97104,670,2022-01-27
4382,James,Davis,32,F,james.davis216@email.com,Houston,WA,Basic,142513,635,2021-08-12
4383,Daniel,Rodriguez,38,F,daniel.rodriguez953@email.com,Houston,IL,Standard,80659,814,2021-08-31
4384,Lisa,Wilson,18,M,lisa.wilson802@email.com,New York,PA,Premium,123519,592,2023-01-04
4385,David,Brown,30,M,david.brown293@email.com,Philadelphia,OH,Standard,42409,684,2021-10-03
4386,Lisa,Brown,62,M,lisa.brown530@email.com,San Antonio,FL,Basic,138282,849,2023-06-21
4387,Joseph,Brown,66,F,joseph.brown172@email.com,Phoenix,NC,Basic,190299,584,2023-07-11
4388,Joseph,Thomas,61,M,joseph.thomas375@email.com,Austin,IL,Basic,196046,782,2022-03-28
4389,Lisa,Moore,62,F,lisa.moore112@email.com,Dallas,TX,Standard,140738,837,2023-11-05
4390,David,Jones,31,F,david.jones551@email.com,Houston,OH,Standard,78899,696,2023-03-26
4391,Mary,Taylor,26,F,mary.taylor378@email.com,San Antonio,FL,Standard,109727,576,2022-03-08
4392,Patricia,Jones,59,M,patricia.jones236@email.com,Philadelphia,NC,Basic,53664,817,2021-08-19
4393,Thomas,Rodriguez,44,F,thomas.rodriguez868@email.com,Dallas,NC,VIP,165996,728,2021-07-15
4394,Barbara,Rodriguez,44,F,barbara.rodriguez755@email.com,Los Angeles,TX,Premium,137846,783,2022-06-15
4395,Richard,Jones,60,F,richard.jones516@email.com,San Diego,FL,Basic,33606,576,2021-03-05
4396,Lisa,Rodriguez,30,F,lisa.rodriguez409@email.com,Jacksonville,PA,Standard,98327,725,2023-04-18
4397,Sarah,Davis,39,M,sarah.davis467@email.com,Jacksonville,NY,Standard,42587,643,2021-08-16
4398,Joseph,Davis,39,F,joseph.davis609@email.com,San Jose,AZ,Premium,123043,694,2022-06-29
4399,Elizabeth,Jones,62,F,elizabeth.jones346@email.com,San Jose,NC,Standard,150658,788,2023-04-09
4400,Charles,Johnson,31,M,charles.johnson733@email.com,Houston,NC,Basic,189417,743,2023-08-29
4401,Christopher,Thomas,71,F,christopher.thomas345@email.com,Phoenix,CA,Basic,180357,787,2023-11-19
4402,Thomas,Wilson,69,F,thomas.wilson320@email.com,San Antonio,TX,Basic,186477,848,2022-11-09
4403,Lisa,Williams,18,F,lisa.williams744@email.com,Austin,CA,Basic,131271,812,2023-11-16
4404,Michael,Jones,70,F,michael.jones602@email.com,Houston,OH,Standard,137834,837,2022-12-16
4405,Susan,Anderson,71,F,susan.anderson360@email.com,San Jose,AZ,Premium,114177,768,2023-08-04
4406,Nancy,Wilson,46,F,nancy.wilson982@email.com,Chicago,PA,Standard,197130,796,2022-11-12
4407,Daniel,Smith,22,M,daniel.smith195@email.com,San Diego,FL,Premium,99012,801,2023-11-11
4408,Thomas,Anderson,35,F,thomas.anderson458@email.com,Dallas,NY,Basic,159847,614,2022-05-18
4409,Lisa,Anderson,42,F,lisa.anderson84@email.com,Los Angeles,NY,VIP,187111,703,2021-11-23
4410,Richard,Smith,44,F,richard.smith540@email.com,Phoenix,WA,Standard,90763,576,2021-04-05
4411,James,Brown,45,M,james.brown307@email.com,Houston,NC,VIP,168855,580,2023-09-26
4412,John,Moore,57,F,john.moore664@email.com,Chicago,AZ,Basic,54444,724,2022-06-02
4413,Daniel,Rodriguez,30,F,daniel.rodriguez803@email.com,San Antonio,IL,VIP,143837,760,2023-04-07
4414,Robert,Brown,24,M,robert.brown312@email.com,Chicago,NY,Basic,128399,771,2022-08-31
4415,Linda,Rodriguez,51,M,linda.rodriguez763@email.com,Chicago,NC,Standard,32719,820,2022-04-10
4416,Patricia,Martinez,54,M,patricia.martinez165@email.com,Austin,NC,Standard,87240,748,2023-06-20
4417,Elizabeth,Brown,48,M,elizabeth.brown355@email.com,San Antonio,NC,Standard,168769,554,2022-06-10
4418,Barbara,Davis,56,M,barbara.davis90@email.com,San Antonio,WA,Standard,116400,580,2022-11-13
4419,Nancy,Moore,34,M,nancy.moore772@email.com,New York,CA,Standard,176270,802,2022-12-01
4420,Elizabeth,Thomas,61,F,elizabeth.thomas57@email.com,Los Angeles,TX,Standard,37425,756,2023-08-17
4421,Robert,Garcia,20,M,robert.garcia298@email.com,Houston,OH,Basic,84248,738,2023-08-05
4422,James,Rodriguez,19,M,james.rodriguez226@email.com,Los Angeles,TX,Basic,113731,646,2022-10-01
4423,Robert,Johnson,28,F,robert.johnson206@email.com,Austin,NY,VIP,89435,745,2023-03-17
4424,Mary,Rodriguez,29,M,mary.rodriguez409@email.com,Chicago,PA,Basic,79339,737,2021-02-20
4425,Susan,Garcia,24,M,susan.garcia31@email.com,Philadelphia,WA,Standard,93426,581,2023-12-20
4426,Richard,Smith,27,F,richard.smith609@email.com,Houston,WA,Premium,75616,694,2022-01-17
4427,Richard,Martinez,53,M,richard.martinez892@email.com,Dallas,FL,Basic,169293,684,2021-08-19
4428,Barbara,Smith,33,M,barbara.smith690@email.com,San Antonio,OH,Basic,182679,837,2023-01-02
4429,Thomas,Jones,29,F,thomas.jones314@email.com,Chicago,NY,Basic,121461,568,2021-07-11
4430,Patricia,Davis,31,M,patricia.davis187@email.com,Philadelphia,IL,Standard,48851,731,2022-02-13
4431,David,Jones,35,F,david.jones312@email.com,Phoenix,OH,Standard,112694,790,2023-02-05
4432,David,Anderson,42,F,david.anderson50@email.com,Phoenix,WA,Basic,189010,725,2023-05-06
4433,Linda,Johnson,33,F,linda.johnson648@email.com,Phoenix,FL,Basic,36029,599,2024-01-01
4434,Christopher,Brown,37,M,christopher.brown310@email.com,Austin,NC,Standard,40869,848,2021-12-13
4435,Nancy,Smith,54,M,nancy.smith473@email.com,Jacksonville,TX,Basic,104133,663,2021-06-05
4436,Nancy,Anderson,56,M,nancy.anderson957@email.com,San Jose,WA,VIP,147115,795,2023-11-02
4437,Jessica,Miller,45,M,jessica.miller12@email.com,Chicago,PA,Premium,48986,719,2021-06-07
4438,Jennifer,Anderson,25,F,jennifer.anderson371@email.com,Chicago,OH,Premium,32407,760,2021-12-12
4439,Susan,Anderson,38,F,susan.anderson500@email.com,Jacksonville,CA,Standard,187693,680,2021-08-03
4440,Susan,Anderson,21,F,susan.anderson429@email.com,Houston,PA,Basic,197652,725,2021-12-22
4441,Jessica,Smith,70,M,jessica.smith73@email.com,Jacksonville,WA,Premium,143594,576,2022-05-12
4442,Christopher,Miller,54,M,christopher.miller671@email.com,Austin,PA,Standard,138483,634,2021-01-25
4443,William,Smith,62,M,william.smith533@email.com,Houston,CA,Premium,34544,849,2021-08-06
4444,Thomas,Taylor,68,M,thomas.taylor358@email.com,Los Angeles,WA,Standard,144316,627,2023-01-31
4445,William,Anderson,74,F,william.anderson652@email.com,Jacksonville,NC,VIP,155309,749,2021-10-05
4446,Patricia,Wilson,19,F,patricia.wilson723@email.com,Austin,WA,Basic,59706,783,2023-08-26
4447,Patricia,Johnson,68,M,patricia.johnson156@email.com,Austin,AZ,Basic,185124,604,2021-07-18
4448,Barbara,Garcia,50,M,barbara.garcia610@email.com,San Antonio,NC,Basic,184530,744,2021-12-15
4449,Elizabeth,Jones,44,M,elizabeth.jones248@email.com,Houston,OH,Standard,60887,667,2023-06-22
4450,Mary,Martinez,40,M,mary.martinez838@email.com,Jacksonville,CA,Basic,195121,798,2022-07-02
4451,William,Wilson,51,F,william.wilson868@email.com,Philadelphia,AZ,Premium,154642,824,2022-12-15
4452,Jessica,Jones,47,F,jessica.jones792@email.com,San Diego,TX,Standard,35898,848,2022-06-01
4453,Elizabeth,Garcia,71,F,elizabeth.garcia879@email.com,Chicago,FL,Basic,164925,733,2022-02-26
4454,Linda,Miller,62,M,linda.miller231@email.com,Jacksonville,WA,Standard,162778,679,2023-03-22
4455,Charles,Anderson,28,M,charles.anderson541@email.com,Los Angeles,PA,Basic,143837,750,2023-04-24
4456,Charles,Martinez,33,F,charles.martinez697@email.com,San Diego,IL,Standard,141996,687,2022-04-17
4457,John,Williams,22,M,john.williams509@email.com,San Antonio,FL,VIP,186792,562,2023-11-11
4458,Linda,Moore,69,M,linda.moore871@email.com,San Antonio,PA,Standard,193201,744,2021-02-16
4459,Mary,Brown,19,F,mary.brown834@email.com,Los Angeles,WA,VIP,53690,740,2021-03-01
4460,Michael,Wilson,21,F,michael.wilson577@email.com,Phoenix,NC,Standard,197947,804,2023-10-07
4461,Daniel,Smith,73,M,daniel.smith350@email.com,Austin,WA,Basic,75641,828,2021-09-11
4462,Christopher,Williams,54,M,christopher.williams846@email.com,Austin,FL,Standard,124402,756,2022-09-13
4463,Jessica,Taylor,48,M,jessica.taylor120@email.com,Jacksonville,FL,Standard,135328,741,2023-07-23
4464,Thomas,Rodriguez,67,F,thomas.rodriguez763@email.com,San Diego,CA,Standard,151454,758,2022-11-09
4465,Barbara,Brown,50,M,barbara.brown866@email.com,Philadelphia,IL,Basic,120621,828,2021-09-15
4466,David,Miller,42,M,david.miller265@email.com,Los Angeles,FL,Basic,92039,750,2021-01-02
4467,Richard,Jones,37,M,richard.jones336@email.com,Houston,NY,Standard,119554,807,2021-05-17
4468,Barbara,Brown,43,F,barbara.brown859@email.com,Phoenix,WA,Standard,117523,598,2023-02-23
4469,Susan,Taylor,54,F,susan.taylor614@email.com,Austin,NC,Premium,145170,783,2023-04-30
4470,Robert,Smith,55,M,robert.smith482@email.com,Dallas,IL,Premium,163753,803,2021-10-28
4471,Michael,Garcia,54,F,michael.garcia937@email.com,Chicago,WA,Standard,87950,839,2022-05-17
4472,Mary,Davis,52,F,mary.davis367@email.com,Austin,FL,Basic,177072,846,2021-01-13
4473,Jennifer,Davis,59,M,jennifer.davis662@email.com,San Diego,AZ,Basic,175246,777,2023-07-07
4474,James,Smith,40,F,james.smith858@email.com,Philadelphia,IL,Basic,116002,711,2021-06-30
4475,Joseph,Thomas,57,F,joseph.thomas781@email.com,Dallas,NC,Basic,181529,692,2022-08-29
4476,Robert,Wilson,48,F,robert.wilson68@email.com,Los Angeles,PA,Premium,131603,748,2023-08-04
4477,Daniel,Taylor,33,F,daniel.taylor287@email.com,Chicago,IL,Basic,41848,756,2021-04-21
4478,Michael,Rodriguez,53,M,michael.rodriguez163@email.com,Houston,TX,Standard,74303,849,2021-06-08
4479,Charles,Wilson,19,F,charles.wilson948@email.com,Austin,OH,Basic,50129,709,2021-03-13
4480,Barbara,Brown,31,F,barbara.brown300@email.com,Chicago,FL,Basic,161223,830,2021-10-26
4481,Linda,Martinez,74,M,linda.martinez729@email.com,Los Angeles,OH,Standard,38735,749,2021-11-29
4482,Barbara,Wilson,52,M,barbara.wilson967@email.com,San Jose,FL,Standard,40002,646,2022-12-10
4483,John,Moore,54,F,john.moore777@email.com,Jacksonville,OH,Basic,129013,579,2022-03-10
4484,Karen,Garcia,58,M,karen.garcia434@email.com,San Antonio,FL,Basic,45114,632,2023-07-05
4485,James,Miller,71,F,james.miller772@email.com,San Jose,NC,Basic,79957,783,2023-08-28
4486,James,Smith,49,F,james.smith265@email.com,Phoenix,NC,Basic,75711,777,2022-01-21
4487,Daniel,Moore,37,F,daniel.moore133@email.com,San Diego,OH,Premium,153990,830,2021-08-04
4488,Charles,Johnson,33,M,charles.johnson55@email.com,San Antonio,CA,Standard,111546,774,2023-09-25
4489,Susan,Wilson,37,M,susan.wilson997@email.com,Houston,FL,Standard,166703,571,2022-06-04
4490,David,Smith,69,M,david.smith840@email.com,Jacksonville,PA,Basic,121473,622,2021-09-21
4491,Patricia,Brown,18,F,patricia.brown666@email.com,Los Angeles,FL,Standard,170888,699,2023-11-13
4492,Jennifer,Johnson,62,F,jennifer.johnson972@email.com,San Jose,NY,Premium,87484,664,2021-12-10
4493,Patricia,Anderson,54,M,patricia.anderson503@email.com,Jacksonville,CA,Standard,132665,844,2021-07-28
4494,John,Johnson,59,M,john.johnson447@email.com,San Antonio,FL,Basic,46053,825,2022-06-04
4495,Mary,Moore,65,M,mary.moore491@email.com,Los Angeles,IL,VIP,187815,766,2022-06-05
4496,Daniel,Wilson,37,M,daniel.wilson406@email.com,San Antonio,NY,Standard,181111,651,2022-02-18
4497,Joseph,Taylor,72,F,joseph.taylor187@email.com,San Antonio,AZ,Basic,115712,677,2021-11-19
4498,Mary,Wilson,54,F,mary.wilson425@email.com,Dallas,FL,Standard,69218,728,2021-11-23
4499,David,Anderson,59,F,david.anderson490@email.com,Chicago,NY,Basic,197686,760,2021-08-18
4500,Richard,Rodriguez,52,F,richard.rodriguez312@email.com,Jacksonville,NC,Premium,110418,745,2023-11-11
4501,Elizabeth,Rodriguez,31,M,elizabeth.rodriguez913@email.com,Jacksonville,PA,Premium,199495,689,2022-12-31
4502,Lisa,Thomas,35,M,lisa.thomas848@email.com,Phoenix,WA,Premium,56670,831,2023-10-19
4503,William,Davis,69,F,william.davis680@email.com,New York,CA,Basic,119649,844,2022-09-03
4504,Daniel,Johnson,24,F,daniel.johnson403@email.com,New York,OH,Standard,57997,605,2022-09-15
4505,Karen,Moore,21,M,karen.moore442@email.com,Los Angeles,NY,VIP,104550,635,2021-01-02
4506,Joseph,Moore,68,F,joseph.moore157@email.com,Jacksonville,TX,Standard,32106,604,2021-11-05
4507,James,Williams,69,M,james.williams527@email.com,San Diego,FL,Basic,99039,680,2021-12-09
4508,Mary,Williams,25,F,mary.williams247@email.com,Austin,TX,Premium,190679,630,2021-05-22
4509,Lisa,Wilson,51,F,lisa.wilson657@email.com,San Antonio,CA,Basic,160314,754,2022-06-04
4510,Karen,Johnson,34,F,karen.johnson937@email.com,San Diego,CA,Standard,148114,631,2023-01-06
4511,Jessica,Thomas,73,M,jessica.thomas223@email.com,Los Angeles,PA,Basic,31663,701,2021-06-14
4512,Lisa,Taylor,30,F,lisa.taylor427@email.com,Jacksonville,IL,Standard,36810,679,2021-04-07
4513,Barbara,Garcia,58,M,barbara.garcia633@email.com,Dallas,CA,Standard,189583,775,2021-06-11
4514,Barbara,Taylor,28,F,barbara.taylor45@email.com,San Antonio,AZ,Basic,195860,770,2023-12-28
4515,Daniel,Moore,50,M,daniel.moore267@email.com,New York,CA,Basic,118822,622,2021-04-09
4516,Richard,Smith,70,M,richard.smith981@email.com,Jacksonville,NY,Standard,96288,676,2022-01-23
4517,Jennifer,Brown,72,M,jennifer.brown400@email.com,Chicago,AZ,Basic,30454,848,2021-06-07
4518,Charles,Rodriguez,64,F,charles.rodriguez760@email.com,Phoenix,CA,VIP,87381,761,2022-04-01
4519,Robert,Smith,48,F,robert.smith422@email.com,Houston,WA,Standard,119988,820,2023-09-16
4520,Jennifer,Thomas,64,M,jennifer.thomas436@email.com,Houston,CA,Premium,74999,720,2021-01-01
4521,Linda,Rodriguez,59,M,linda.rodriguez687@email.com,Dallas,TX,Basic,199470,753,2021-11-24
4522,William,Garcia,54,M,william.garcia573@email.com,San Jose,NC,VIP,165038,665,2022-07-29
4523,Jessica,Williams,22,F,jessica.williams872@email.com,New York,NC,Standard,194011,781,2021-05-23
4524,Linda,Brown,52,F,linda.brown774@email.com,San Diego,WA,Basic,180884,674,2023-10-03
4525,Daniel,Davis,39,F,daniel.davis521@email.com,Houston,IL,Basic,85202,634,2022-03-05
4526,Lisa,Miller,28,M,lisa.miller887@email.com,Austin,CA,Standard,168859,745,2022-01-23
4527,William,Smith,64,M,william.smith469@email.com,Phoenix,IL,Standard,122275,781,2023-08-29
4528,Mary,Williams,20,F,mary.williams661@email.com,San Antonio,PA,Standard,84620,716,2021-02-20
4529,Charles,Davis,25,F,charles.davis668@email.com,Phoenix,NC,Basic,106272,798,2022-02-21
4530,Sarah,Rodriguez,59,F,sarah.rodriguez294@email.com,Dallas,FL,Standard,53365,794,2023-10-25
4531,Nancy,Taylor,60,M,nancy.taylor576@email.com,Austin,CA,Standard,92920,737,2021-10-19
4532,Joseph,Smith,45,M,joseph.smith871@email.com,Philadelphia,WA,VIP,161648,825,2022-11-29
4533,Thomas,Davis,27,F,thomas.davis719@email.com,Phoenix,IL,Standard,34869,709,2021-05-04
4534,Jennifer,Rodriguez,59,F,jennifer.rodriguez430@email.com,New York,WA,Standard,33805,806,2023-09-24
4535,Richard,Rodriguez,64,F,richard.rodriguez806@email.com,San Jose,FL,Basic,41500,791,2023-05-02
4536,John,Davis,48,M,john.davis181@email.com,Jacksonville,NC,Standard,47636,743,2023-11-16
4537,Nancy,Martinez,69,F,nancy.martinez453@email.com,Austin,WA,Basic,195747,826,2022-08-01
4538,Mary,Miller,21,M,mary.miller979@email.com,Jacksonville,IL,Standard,62803,808,2022-11-02
4539,Elizabeth,Smith,61,F,elizabeth.smith664@email.com,Houston,NC,Standard,39373,809,2021-03-11
4540,Robert,Taylor,68,M,robert.taylor809@email.com,San Antonio,CA,Premium,165085,557,2022-10-18
4541,David,Smith,47,M,david.smith794@email.com,San Diego,CA,Premium,169199,721,2022-07-09
4542,Patricia,Miller,31,F,patricia.miller429@email.com,Dallas,TX,Standard,157150,830,2023-07-15
4543,Jessica,Anderson,49,M,jessica.anderson311@email.com,Chicago,NY,Basic,166631,670,2023-08-18
4544,Jennifer,Garcia,34,F,jennifer.garcia60@email.com,San Diego,OH,VIP,122022,713,2023-06-27
4545,Barbara,Taylor,47,M,barbara.taylor117@email.com,Chicago,FL,Standard,54377,559,2022-02-13
4546,William,Wilson,60,M,william.wilson630@email.com,Phoenix,WA,Basic,113612,620,2021-03-22
4547,Robert,Garcia,46,F,robert.garcia664@email.com,Chicago,NY,Basic,65843,777,2022-06-18
4548,Michael,Brown,61,F,michael.brown187@email.com,Chicago,NC,Basic,160907,578,2022-03-31
4549,Richard,Brown,47,M,richard.brown821@email.com,San Jose,AZ,Premium,105823,698,2023-06-23
4550,Patricia,Martinez,24,F,patricia.martinez558@email.com,Los Angeles,NY,Basic,58774,818,2023-07-14
4551,Richard,Davis,57,F,richard.davis444@email.com,Jacksonville,FL,Standard,159344,619,2021-05-25
4552,Thomas,Garcia,48,F,thomas.garcia67@email.com,Philadelphia,WA,Standard,178658,841,2021-08-14
4553,Charles,Thomas,18,F,charles.thomas399@email.com,Austin,WA,Standard,85842,683,2021-05-19
4554,Karen,Moore,63,F,karen.moore173@email.com,Houston,PA,Standard,189391,597,2023-07-06
4555,Joseph,Williams,27,F,joseph.williams17@email.com,Phoenix,WA,Basic,47806,782,2022-01-16
4556,Nancy,Rodriguez,19,F,nancy.rodriguez822@email.com,San Jose,PA,Basic,37360,789,2022-12-27
4557,Karen,Moore,41,F,karen.moore242@email.com,San Antonio,AZ,Standard,192373,710,2023-04-11
4558,Susan,Rodriguez,65,M,susan.rodriguez621@email.com,San Jose,CA,Premium,61864,630,2021-03-21
4559,Elizabeth,Moore,70,M,elizabeth.moore320@email.com,San Jose,AZ,Premium,62321,699,2023-05-25
4560,Charles,Moore,58,F,charles.moore695@email.com,San Jose,TX,Standard,81701,683,2022-11-06
4561,William,Taylor,33,M,william.taylor360@email.com,San Jose,PA,Standard,110345,553,2022-11-03
4562,Patricia,Thomas,39,M,patricia.thomas837@email.com,Dallas,NC,Standard,65203,588,2023-11-14
4563,Karen,Williams,64,M,karen.williams28@email.com,San Diego,WA,Standard,59521,785,2022-01-01
4564,Michael,Taylor,19,M,michael.taylor809@email.com,San Diego,NY,Standard,182090,573,2024-01-01
4565,Charles,Thomas,30,M,charles.thomas218@email.com,Philadelphia,CA,Standard,121145,559,2021-08-16
4566,Lisa,Wilson,48,F,lisa.wilson867@email.com,Houston,TX,Premium,94407,694,2022-07-01
4567,Linda,Garcia,44,M,linda.garcia516@email.com,San Jose,WA,Basic,170878,620,2023-04-05
4568,Jessica,Rodriguez,28,M,jessica.rodriguez693@email.com,Chicago,NC,Standard,153690,820,2022-11-26
4569,Linda,Thomas,45,F,linda.thomas837@email.com,Houston,IL,Basic,78759,690,2022-06-25
4570,Christopher,Smith,41,M,christopher.smith957@email.com,Philadelphia,FL,VIP,159367,744,2023-04-08
4571,Jessica,Wilson,74,M,jessica.wilson27@email.com,Los Angeles,NY,Standard,153933,657,2023-07-01
4572,Nancy,Anderson,45,M,nancy.anderson777@email.com,Philadelphia,CA,VIP,150767,584,2021-11-30
4573,Lisa,Thomas,67,M,lisa.thomas489@email.com,Chicago,NC,Standard,144280,768,2023-05-01
4574,Lisa,Davis,42,F,lisa.davis496@email.com,Houston,WA,Standard,145367,580,2021-11-01
4575,Nancy,Jones,18,M,nancy.jones240@email.com,San Jose,TX,Standard,179676,611,2021-01-04
4576,Daniel,Thomas,58,F,daniel.thomas682@email.com,Phoenix,PA,Basic,178803,821,2023-12-11
4577,Michael,Garcia,51,F,michael.garcia778@email.com,Los Angeles,NC,VIP,179637,823,2021-10-09
4578,Elizabeth,Thomas,38,F,elizabeth.thomas342@email.com,Phoenix,IL,Basic,150858,612,2021-06-26
4579,Lisa,Brown,22,M,lisa.brown767@email.com,Philadelphia,AZ,Standard,107985,741,2021-07-20
4580,Patricia,Miller,64,F,patricia.miller726@email.com,Phoenix,FL,Standard,177190,660,2021-09-27
4581,Elizabeth,Moore,74,F,elizabeth.moore63@email.com,Phoenix,PA,Standard,80717,574,2023-11-26
4582,James,Moore,53,M,james.moore296@email.com,San Jose,FL,Standard,107232,825,2021-11-03
4583,Sarah,Thomas,36,M,sarah.thomas827@email.com,Austin,NC,Premium,90628,575,2022-12-08
4584,Richard,Brown,60,F,richard.brown636@email.com,San Antonio,NC,VIP,82613,564,2021-09-29
4585,Mary,Rodriguez,49,F,mary.rodriguez141@email.com,Los Angeles,OH,Standard,174222,799,2023-05-13
4586,Michael,Smith,44,F,michael.smith344@email.com,Chicago,TX,Standard,171112,683,2023-01-12
4587,Elizabeth,Davis,19,M,elizabeth.davis263@email.com,New York,PA,Standard,160588,769,2021-09-04
4588,Charles,Miller,24,M,charles.miller400@email.com,Austin,NY,Standard,70657,803,2023-11-06
4589,William,Taylor,35,M,william.taylor276@email.com,San Jose,TX,VIP,30963,729,2021-02-19
4590,Joseph,Garcia,58,F,joseph.garcia647@email.com,Los Angeles,CA,Standard,75240,639,2022-05-19
4591,Mary,Taylor,40,F,mary.taylor840@email.com,New York,AZ,Premium,112985,669,2022-10-04
4592,Mary,Anderson,37,F,mary.anderson722@email.com,Jacksonville,IL,Basic,63419,706,2022-03-10
4593,Charles,Martinez,60,M,charles.martinez328@email.com,Los Angeles,PA,Basic,52646,644,2022-01-16
4594,Linda,Smith,31,F,linda.smith312@email.com,Jacksonville,TX,Basic,155743,567,2021-01-23
4595,Lisa,Moore,40,M,lisa.moore349@email.com,Dallas,IL,Standard,81190,638,2022-05-14
4596,Jennifer,Anderson,46,M,jennifer.anderson982@email.com,Philadelphia,FL,Standard,195654,724,2021-10-28
4597,Lisa,Taylor,36,M,lisa.taylor345@email.com,New York,TX,Standard,123736,616,2022-03-16
4598,Christopher,Garcia,43,F,christopher.garcia861@email.com,San Antonio,IL,Standard,142381,586,2023-06-24
4599,Christopher,Davis,67,M,christopher.davis499@email.com,Austin,IL,Basic,173062,635,2021-04-24
4600,James,Garcia,69,M,james.garcia989@email.com,Houston,NC,Standard,160092,827,2023-06-01
4601,Michael,Garcia,28,F,michael.garcia137@email.com,San Jose,CA,Premium,47276,616,2021-05-20
4602,John,Rodriguez,18,M,john.rodriguez577@email.com,Chicago,IL,VIP,177623,656,2021-03-11
4603,Robert,Thomas,22,M,robert.thomas337@email.com,San Diego,WA,Standard,52781,759,2022-06-09
4604,Karen,Thomas,65,F,karen.thomas963@email.com,Dallas,AZ,Standard,138791,841,2021-11-06
4605,John,Martinez,54,F,john.martinez751@email.com,Jacksonville,PA,Basic,106506,587,2021-01-22
4606,John,Davis,52,M,john.davis438@email.com,Dallas,PA,Standard,113899,675,2023-07-19
4607,David,Anderson,73,M,david.anderson272@email.com,Dallas,FL,Premium,49835,572,2022-02-27
4608,Charles,Garcia,44,M,charles.garcia9@email.com,Los Angeles,FL,Basic,171896,618,2023-04-02
4609,William,Johnson,26,F,william.johnson350@email.com,Los Angeles,TX,Premium,119758,724,2022-08-07
4610,Robert,Martinez,67,F,robert.martinez67@email.com,Dallas,CA,Premium,100922,633,2021-01-04
4611,William,Anderson,66,M,william.anderson633@email.com,Philadelphia,TX,Standard,94066,663,2022-12-08
4612,Elizabeth,Brown,69,M,elizabeth.brown744@email.com,Chicago,NC,VIP,122225,735,2022-01-22
4613,Barbara,Miller,57,F,barbara.miller220@email.com,New York,PA,Premium,169371,792,2023-01-21
4614,Susan,Martinez,73,M,susan.martinez711@email.com,Los Angeles,TX,Standard,114765,685,2021-01-30
4615,Robert,Johnson,62,F,robert.johnson703@email.com,Los Angeles,WA,Standard,71337,701,2023-05-30
4616,Sarah,Smith,26,F,sarah.smith27@email.com,Jacksonville,FL,VIP,31633,712,2023-06-04
4617,William,Wilson,31,F,william.wilson893@email.com,San Antonio,WA,Basic,194929,620,2021-07-05
4618,Karen,Garcia,21,M,karen.garcia457@email.com,Philadelphia,PA,Basic,156946,751,2023-12-09
4619,Mary,Wilson,66,F,mary.wilson424@email.com,Los Angeles,OH,Standard,106981,657,2021-06-06
4620,Nancy,Taylor,20,F,nancy.taylor795@email.com,San Antonio,PA,Premium,101715,594,2023-03-16
4621,Nancy,Moore,30,M,nancy.moore718@email.com,Phoenix,AZ,Basic,167985,734,2021-11-24
4622,Daniel,Jones,31,M,daniel.jones680@email.com,Dallas,CA,Standard,124866,562,2023-08-19
4623,Barbara,Miller,65,F,barbara.miller948@email.com,Los Angeles,NY,Standard,166721,768,2022-02-26
4624,Jennifer,Garcia,53,M,jennifer.garcia423@email.com,New York,PA,Premium,198016,693,2022-02-20
4625,James,Davis,21,F,james.davis688@email.com,Phoenix,NC,Basic,120363,606,2023-12-13
4626,Sarah,Davis,62,F,sarah.davis890@email.com,Phoenix,NY,Standard,196285,799,2021-10-08
4627,Susan,Rodriguez,48,M,susan.rodriguez273@email.com,Jacksonville,AZ,Standard,192460,719,2023-06-05
4628,Daniel,Thomas,66,M,daniel.thomas793@email.com,Houston,NY,Standard,52609,668,2021-10-30
4629,William,Wilson,60,F,william.wilson920@email.com,Chicago,WA,VIP,108896,685,2023-04-11
4630,Barbara,Williams,57,F,barbara.williams152@email.com,Jacksonville,FL,VIP,62216,820,2022-03-24
4631,Patricia,Wilson,26,M,patricia.wilson464@email.com,San Diego,NC,Standard,197367,721,2021-04-23
4632,William,Wilson,38,F,william.wilson715@email.com,Los Angeles,NY,Standard,56716,685,2022-04-08
4633,John,Rodriguez,42,M,john.rodriguez841@email.com,New York,TX,Standard,139778,667,2023-05-06
4634,Joseph,Davis,35,M,joseph.davis494@email.com,Dallas,AZ,Basic,79264,710,2022-04-02
4635,Jennifer,Martinez,37,M,jennifer.martinez803@email.com,San Diego,OH,VIP,145793,820,2022-06-24
4636,Patricia,Moore,43,M,patricia.moore412@email.com,Houston,CA,Standard,152414,661,2022-04-08
4637,Christopher,Thomas,64,M,christopher.thomas882@email.com,Phoenix,WA,Basic,157474,845,2021-08-26
4638,Lisa,Brown,19,F,lisa.brown417@email.com,Chicago,CA,Basic,103686,580,2021-07-12
4639,Joseph,Garcia,39,F,joseph.garcia229@email.com,San Antonio,IL,Standard,42470,815,2022-08-04
4640,Karen,Martinez,24,F,karen.martinez717@email.com,Philadelphia,PA,Premium,36937,551,2021-05-28
4641,Joseph,Miller,63,F,joseph.miller148@email.com,San Diego,TX,Standard,91298,738,2022-08-15
4642,Karen,Moore,38,M,karen.moore684@email.com,Phoenix,FL,Premium,183561,702,2021-03-23
4643,John,Garcia,22,F,john.garcia153@email.com,Phoenix,AZ,Basic,38784,702,2022-02-13
4644,William,Rodriguez,71,F,william.rodriguez565@email.com,Chicago,WA,Standard,84735,826,2023-04-24
4645,Mary,Anderson,64,F,mary.anderson671@email.com,Jacksonville,AZ,Basic,165474,785,2022-08-12
4646,Patricia,Moore,47,F,patricia.moore871@email.com,San Antonio,AZ,Premium,58202,695,2022-04-17
4647,Richard,Martinez,67,F,richard.martinez486@email.com,San Antonio,NY,Basic,162423,602,2021-02-15
4648,Barbara,Anderson,36,M,barbara.anderson918@email.com,San Jose,PA,Premium,66078,843,2021-08-02
4649,Robert,Jones,18,F,robert.jones910@email.com,Phoenix,IL,Basic,120223,772,2023-03-02
4650,Robert,Jones,74,F,robert.jones687@email.com,Dallas,NC,Basic,199843,697,2023-03-10
4651,John,Miller,43,M,john.miller2@email.com,New York,FL,Basic,121354,666,2023-11-10
4652,Michael,Jones,27,M,michael.jones734@email.com,Los Angeles,NY,Standard,161399,793,2022-02-10
4653,Susan,Garcia,68,M,susan.garcia562@email.com,San Jose,NY,Basic,151380,690,2023-01-16
4654,Mary,Rodriguez,58,F,mary.rodriguez581@email.com,Austin,NC,Standard,142219,753,2023-07-21
4655,Mary,Thomas,67,M,mary.thomas860@email.com,San Antonio,FL,Standard,149433,818,2022-06-24
4656,Elizabeth,Smith,64,M,elizabeth.smith126@email.com,Phoenix,TX,Basic,47404,704,2022-07-10
4657,Daniel,Johnson,74,F,daniel.johnson438@email.com,Chicago,WA,Standard,161924,587,2021-08-25
4658,Michael,Anderson,51,F,michael.anderson392@email.com,Philadelphia,PA,Premium,43125,573,2022-11-09
4659,Barbara,Anderson,29,M,barbara.anderson312@email.com,Los Angeles,FL,Basic,85049,681,2022-02-25
4660,Patricia,Brown,69,M,patricia.brown181@email.com,Houston,IL,Basic,108086,622,2022-06-29
4661,William,Jones,58,M,william.jones274@email.com,Dallas,FL,VIP,133839,676,2022-07-11
4662,Michael,Miller,53,F,michael.miller935@email.com,San Diego,NY,Premium,55956,686,2022-10-25
4663,James,Williams,36,M,james.williams751@email.com,New York,IL,Premium,170097,626,2021-02-25
4664,Barbara,Moore,52,M,barbara.moore178@email.com,San Diego,FL,Basic,117192,712,2023-04-10
4665,John,Miller,74,M,john.miller201@email.com,Philadelphia,TX,Basic,135575,626,2021-07-28
4666,Jennifer,Jones,41,F,jennifer.jones625@email.com,Philadelphia,NY,Basic,175544,765,2023-02-22
4667,Lisa,Martinez,63,F,lisa.martinez284@email.com,San Diego,WA,Basic,116771,744,2023-09-25
4668,William,Wilson,43,F,william.wilson220@email.com,San Jose,NY,Basic,35970,574,2023-10-21
4669,Charles,Williams,53,M,charles.williams353@email.com,New York,IL,Standard,195673,619,2021-07-05
4670,Joseph,Thomas,56,M,joseph.thomas5@email.com,Jacksonville,WA,Standard,74142,555,2023-02-21
4671,David,Brown,57,M,david.brown46@email.com,Phoenix,PA,Standard,87852,776,2023-02-11
4672,Michael,Rodriguez,64,M,michael.rodriguez866@email.com,Austin,FL,Standard,199047,739,2023-07-04
4673,John,Brown,31,F,john.brown446@email.com,New York,AZ,Standard,170677,643,2022-01-21
4674,Karen,Johnson,33,M,karen.johnson994@email.com,New York,WA,Standard,138242,740,2023-12-15
4675,Nancy,Anderson,45,M,nancy.anderson341@email.com,Los Angeles,NY,Standard,151485,635,2021-03-13
4676,William,Brown,30,F,william.brown286@email.com,Dallas,TX,Basic,121304,825,2021-07-05
4677,Charles,Thomas,18,M,charles.thomas739@email.com,San Jose,PA,Standard,170962,577,2023-05-07
4678,Karen,Taylor,19,M,karen.taylor379@email.com,Dallas,OH,Basic,117564,840,2023-07-25
4679,Michael,Garcia,42,M,michael.garcia417@email.com,New York,NC,Premium,177670,681,2021-12-21
4680,James,Thomas,23,F,james.thomas299@email.com,San Jose,NY,Standard,145367,684,2021-08-01
4681,Patricia,Thomas,48,F,patricia.thomas626@email.com,New York,TX,Standard,75856,812,2021-06-29
4682,Patricia,Rodriguez,25,F,patricia.rodriguez604@email.com,Jacksonville,CA,Standard,131339,612,2021-11-07
4683,Thomas,Taylor,65,M,thomas.taylor492@email.com,San Jose,TX,Standard,167165,756,2023-09-14
4684,Elizabeth,Garcia,63,F,elizabeth.garcia247@email.com,Phoenix,OH,Standard,140831,568,2021-06-26
4685,David,Anderson,66,F,david.anderson932@email.com,San Jose,AZ,Basic,148324,660,2023-10-12
4686,Karen,Moore,67,F,karen.moore128@email.com,New York,WA,Premium,36726,727,2022-10-16
4687,Karen,Taylor,47,F,karen.taylor58@email.com,Chicago,WA,Basic,49747,812,2022-11-05
4688,Sarah,Williams,37,F,sarah.williams333@email.com,Dallas,TX,Basic,71339,673,2023-02-22
4689,Sarah,Thomas,47,F,sarah.thomas428@email.com,Dallas,NC,Basic,92067,588,2022-12-13
4690,Patricia,Rodriguez,66,M,patricia.rodriguez595@email.com,Houston,OH,Premium,185433,705,2021-04-29
4691,John,Jones,49,F,john.jones330@email.com,Austin,OH,VIP,101093,836,2022-06-30
4692,Nancy,Miller,56,F,nancy.miller573@email.com,Houston,NY,Basic,194426,714,2022-08-12
4693,Charles,Johnson,48,F,charles.johnson68@email.com,San Jose,NC,Standard,108657,681,2021-12-11
4694,Nancy,Taylor,33,M,nancy.taylor199@email.com,San Diego,IL,Standard,88802,740,2022-07-31
4695,John,Davis,59,M,john.davis906@email.com,Houston,PA,Premium,99244,817,2021-08-24
4696,Lisa,Rodriguez,37,M,lisa.rodriguez515@email.com,San Antonio,PA,Premium,191015,815,2022-05-15
4697,Patricia,Smith,54,F,patricia.smith380@email.com,Chicago,WA,Basic,138136,684,2021-04-30
4698,Robert,Moore,20,F,robert.moore364@email.com,Dallas,FL,Standard,115128,622,2021-10-15
4699,William,Brown,58,F,william.brown27@email.com,San Jose,PA,Basic,142259,849,2023-08-25
4700,Richard,Thomas,30,M,richard.thomas250@email.com,Austin,NY,VIP,86894,619,2024-01-01
4701,Sarah,Martinez,21,F,sarah.martinez645@email.com,Houston,NC,Basic,47984,631,2021-03-08
4702,Mary,Miller,69,M,mary.miller492@email.com,Austin,PA,Standard,182005,626,2023-07-29
4703,Michael,Moore,47,M,michael.moore174@email.com,New York,PA,Standard,45857,721,2023-04-21
4704,Susan,Brown,70,M,susan.brown277@email.com,Los Angeles,AZ,Premium,139182,643,2023-12-18
4705,Lisa,Jones,45,M,lisa.jones430@email.com,Philadelphia,IL,Basic,31253,647,2022-11-29
4706,Robert,Martinez,56,M,robert.martinez964@email.com,Los Angeles,IL,Standard,157361,644,2023-07-21
4707,Robert,Rodriguez,23,F,robert.rodriguez29@email.com,Jacksonville,WA,Standard,149387,646,2022-08-09
4708,Richard,Anderson,21,M,richard.anderson556@email.com,Dallas,AZ,Basic,104967,737,2021-09-21
4709,David,Anderson,28,F,david.anderson348@email.com,San Jose,CA,Standard,48918,839,2022-05-20
4710,Joseph,Garcia,64,F,joseph.garcia943@email.com,San Jose,TX,VIP,76261,676,2023-03-28
4711,Richard,Garcia,54,F,richard.garcia410@email.com,Chicago,TX,Standard,179457,724,2022-12-23
4712,Susan,Wilson,23,F,susan.wilson112@email.com,Dallas,TX,Standard,125926,835,2021-09-14
4713,Jessica,Rodriguez,54,F,jessica.rodriguez81@email.com,Houston,FL,Basic,68320,823,2023-04-23
4714,Karen,Smith,61,M,karen.smith872@email.com,Jacksonville,NC,Basic,59151,600,2022-12-28
4715,Thomas,Williams,47,F,thomas.williams955@email.com,Jacksonville,AZ,Basic,56280,597,2021-11-07
4716,Mary,Moore,31,M,mary.moore652@email.com,Phoenix,NY,Standard,143434,651,2022-10-06
4717,Mary,Davis,70,M,mary.davis433@email.com,Phoenix,CA,Standard,193142,727,2022-08-26
4718,Sarah,Brown,54,F,sarah.brown891@email.com,San Antonio,AZ,Standard,164618,560,2021-05-24
4719,William,Miller,50,M,william.miller349@email.com,San Diego,FL,Standard,78311,635,2021-10-10
4720,Christopher,Brown,18,M,christopher.brown907@email.com,Los Angeles,PA,Premium,110145,588,2021-11-09
4721,James,Williams,57,F,james.williams423@email.com,New York,FL,Basic,128835,650,2021-03-07
4722,Susan,Davis,37,F,susan.davis106@email.com,Houston,FL,Basic,158588,557,2021-09-10
4723,Thomas,Wilson,73,F,thomas.wilson510@email.com,Jacksonville,OH,Basic,192539,565,2022-06-09
4724,Lisa,Anderson,24,F,lisa.anderson302@email.com,San Jose,OH,Premium,59827,714,2021-02-05
4725,Charles,Taylor,35,M,charles.taylor748@email.com,New York,AZ,Standard,176491,702,2022-07-20
4726,Sarah,Rodriguez,43,F,sarah.rodriguez779@email.com,Philadelphia,NC,Standard,118939,586,2021-06-14
4727,Mary,Miller,31,M,mary.miller434@email.com,San Jose,AZ,Basic,148846,623,2022-03-30
4728,Daniel,Garcia,41,M,daniel.garcia178@email.com,Houston,PA,Premium,199405,685,2021-07-09
4729,Daniel,Miller,64,F,daniel.miller545@email.com,Philadelphia,AZ,Basic,179285,590,2022-09-08
4730,Charles,Jones,68,M,charles.jones828@email.com,Jacksonville,WA,Standard,145074,571,2021-12-07
4731,Mary,Brown,39,M,mary.brown331@email.com,Austin,CA,Basic,106337,817,2022-07-09
4732,Lisa,Brown,20,F,lisa.brown260@email.com,Austin,NY,Standard,160928,836,2023-08-25
4733,Thomas,Thomas,26,M,thomas.thomas451@email.com,New York,NC,Standard,49915,724,2022-11-14
4734,Nancy,Jones,39,F,nancy.jones906@email.com,Houston,IL,Basic,130828,612,2021-05-08
4735,Michael,Anderson,36,M,michael.anderson372@email.com,Chicago,WA,Standard,113348,828,2021-11-13
4736,Richard,Johnson,67,F,richard.johnson566@email.com,Dallas,FL,Basic,130046,795,2023-12-19
4737,Charles,Taylor,21,F,charles.taylor384@email.com,San Diego,NY,Basic,36536,731,2022-12-01
4738,Charles,Williams,65,M,charles.williams985@email.com,Phoenix,FL,VIP,77093,559,2023-06-22
4739,Sarah,Wilson,34,F,sarah.wilson574@email.com,Los Angeles,FL,Standard,124171,620,2022-05-09
4740,Daniel,Anderson,69,F,daniel.anderson349@email.com,Austin,AZ,Standard,115226,677,2021-11-15
4741,James,Williams,27,M,james.williams972@email.com,New York,TX,Standard,131453,641,2023-05-11
4742,Michael,Williams,18,M,michael.williams426@email.com,Los Angeles,TX,Premium,182186,772,2023-09-02
4743,Sarah,Rodriguez,54,F,sarah.rodriguez786@email.com,Dallas,IL,Basic,183235,740,2021-12-08
4744,Patricia,Wilson,19,M,patricia.wilson304@email.com,San Antonio,OH,Premium,82715,810,2023-06-03
4745,James,Rodriguez,54,M,james.rodriguez826@email.com,Philadelphia,TX,Basic,69623,742,2021-10-20
4746,Robert,Wilson,32,M,robert.wilson423@email.com,Chicago,WA,VIP,119011,781,2023-09-24
4747,Linda,Davis,58,M,linda.davis58@email.com,San Diego,AZ,Basic,39439,830,2022-08-21
4748,Jessica,Taylor,35,F,jessica.taylor343@email.com,New York,WA,Standard,104377,842,2023-08-29
4749,Christopher,Rodriguez,32,F,christopher.rodriguez36@email.com,Dallas,CA,VIP,175839,816,2021-07-13
4750,Robert,Jones,29,M,robert.jones355@email.com,Austin,NY,VIP,133900,741,2022-09-30
4751,Richard,Wilson,41,F,richard.wilson981@email.com,Los Angeles,WA,Standard,193524,811,2023-04-06
4752,Sarah,Martinez,21,F,sarah.martinez467@email.com,Dallas,TX,Standard,83235,569,2021-09-18
4753,Elizabeth,Brown,40,F,elizabeth.brown117@email.com,Austin,WA,VIP,45330,800,2021-07-07
4754,Elizabeth,Jones,32,F,elizabeth.jones645@email.com,Philadelphia,TX,Basic,195125,684,2023-06-06
4755,John,Brown,67,F,john.brown936@email.com,Houston,CA,Standard,32695,758,2023-09-20
4756,Robert,Moore,61,M,robert.moore389@email.com,Jacksonville,NY,Premium,52901,754,2022-07-14
4757,Mary,Davis,25,M,mary.davis812@email.com,New York,NC,VIP,39529,714,2021-05-30
4758,William,Wilson,37,F,william.wilson46@email.com,Austin,IL,Basic,188377,655,2023-06-12
4759,Patricia,Martinez,45,F,patricia.martinez868@email.com,New York,CA,Standard,58376,797,2022-03-07
4760,Joseph,Wilson,46,M,joseph.wilson517@email.com,Dallas,IL,Basic,53684,770,2023-10-16
4761,Linda,Garcia,66,F,linda.garcia121@email.com,Dallas,CA,Basic,170428,682,2021-12-07
4762,Thomas,Jones,49,F,thomas.jones286@email.com,Jacksonville,PA,Standard,151306,610,2022-12-12
4763,William,Williams,37,F,william.williams247@email.com,Philadelphia,OH,Standard,86873,749,2021-05-06
4764,Daniel,Rodriguez,65,M,daniel.rodriguez254@email.com,Los Angeles,PA,VIP,120866,795,2022-05-09
4765,Christopher,Garcia,40,F,christopher.garcia632@email.com,Dallas,IL,Standard,156950,558,2022-12-16
4766,Jennifer,Moore,26,F,jennifer.moore227@email.com,Phoenix,NY,VIP,183327,829,2023-10-12
4767,Linda,Martinez,69,F,linda.martinez882@email.com,San Jose,IL,Standard,104540,813,2021-09-27
4768,Robert,Wilson,59,M,robert.wilson628@email.com,Austin,OH,Basic,165100,628,2022-12-31
4769,Mary,Smith,50,M,mary.smith520@email.com,Philadelphia,WA,Basic,89394,633,2022-02-12
4770,Karen,Rodriguez,37,M,karen.rodriguez590@email.com,San Jose,NC,Basic,168095,763,2023-02-28
4771,Thomas,Moore,32,F,thomas.moore242@email.com,San Jose,PA,Basic,174843,779,2023-05-06
4772,Christopher,Johnson,27,M,christopher.johnson276@email.com,San Jose,TX,Basic,153197,716,2021-10-12
4773,Lisa,Moore,50,M,lisa.moore433@email.com,Houston,AZ,Standard,47020,747,2023-12-19
4774,Elizabeth,Wilson,33,F,elizabeth.wilson674@email.com,Phoenix,WA,Standard,154654,575,2023-12-09
4775,Thomas,Taylor,29,F,thomas.taylor842@email.com,Houston,NC,Premium,44393,609,2022-12-22
4776,Jennifer,Taylor,42,F,jennifer.taylor839@email.com,Chicago,PA,Standard,45424,590,2022-10-02
4777,William,Wilson,28,M,william.wilson875@email.com,New York,NY,Basic,59729,813,2021-02-27
4778,Mary,Thomas,68,M,mary.thomas747@email.com,Dallas,WA,VIP,69559,682,2023-10-11
4779,Daniel,Thomas,22,F,daniel.thomas651@email.com,Los Angeles,FL,Standard,54416,669,2022-06-06
4780,Christopher,Miller,50,M,christopher.miller805@email.com,Philadelphia,IL,Standard,159202,594,2022-03-05
4781,Nancy,Wilson,31,M,nancy.wilson671@email.com,San Jose,FL,Basic,51752,743,2022-08-03
4782,Charles,Miller,72,M,charles.miller481@email.com,Phoenix,AZ,VIP,173631,832,2021-11-03
4783,Jessica,Johnson,51,F,jessica.johnson823@email.com,Los Angeles,NY,Standard,39084,806,2022-07-06
4784,Susan,Smith,38,F,susan.smith440@email.com,San Diego,IL,Standard,172648,647,2021-12-25
4785,Mary,Taylor,37,M,mary.taylor204@email.com,San Diego,TX,Basic,107177,572,2022-04-15
4786,Christopher,Wilson,26,M,christopher.wilson458@email.com,Dallas,TX,Standard,93434,840,2023-03-18
4787,Lisa,Rodriguez,42,F,lisa.rodriguez269@email.com,Phoenix,OH,Standard,198417,569,2021-05-30
4788,Patricia,Garcia,18,M,patricia.garcia921@email.com,Chicago,NC,Standard,155064,588,2023-01-09
4789,Robert,Martinez,33,F,robert.martinez95@email.com,Los Angeles,TX,Basic,194909,737,2021-10-24
4790,Joseph,Jones,68,M,joseph.jones663@email.com,Phoenix,OH,Basic,66302,605,2021-06-16
4791,Susan,Miller,62,F,susan.miller39@email.com,Los Angeles,TX,Premium,160560,747,2021-05-12
4792,Barbara,Brown,61,M,barbara.brown940@email.com,Dallas,AZ,Basic,47039,590,2023-12-28
4793,Sarah,Moore,73,F,sarah.moore3@email.com,Phoenix,IL,VIP,142243,704,2021-03-17
4794,Jessica,Martinez,34,F,jessica.martinez129@email.com,Philadelphia,WA,Premium,154480,600,2022-11-20
4795,Nancy,Brown,27,F,nancy.brown121@email.com,San Diego,NC,Standard,147931,829,2021-05-26
4796,Patricia,Garcia,60,F,patricia.garcia42@email.com,Houston,IL,Basic,51931,787,2023-05-17
4797,Nancy,Jones,64,F,nancy.jones871@email.com,Austin,PA,Standard,50482,614,2021-06-02
4798,Sarah,Taylor,48,M,sarah.taylor7@email.com,Phoenix,IL,Basic,179366,712,2023-06-30
4799,Charles,Taylor,67,F,charles.taylor461@email.com,San Antonio,NC,Standard,109462,648,2021-12-27
4800,Daniel,Davis,62,M,daniel.davis401@email.com,San Diego,PA,Standard,185697,682,2021-05-20
4801,Daniel,Anderson,70,M,daniel.anderson658@email.com,San Diego,PA,Standard,33668,741,2021-01-06
4802,Karen,Anderson,39,M,karen.anderson341@email.com,Dallas,WA,Premium,191686,697,2022-09-22
4803,Jennifer,Miller,39,M,jennifer.miller726@email.com,Los Angeles,WA,Basic,90220,566,2022-05-19
4804,Mary,Thomas,54,M,mary.thomas155@email.com,Chicago,TX,Basic,183124,781,2023-01-04
4805,Linda,Garcia,24,M,linda.garcia224@email.com,New York,NC,VIP,147043,639,2022-02-16
4806,John,Wilson,72,M,john.wilson563@email.com,New York,NC,Basic,68511,573,2021-12-23
4807,Mary,Brown,73,F,mary.brown343@email.com,Chicago,WA,VIP,168311,691,2022-05-21
4808,Lisa,Martinez,53,M,lisa.martinez712@email.com,Houston,CA,Standard,61832,810,2023-06-27
4809,Charles,Smith,66,M,charles.smith485@email.com,Philadelphia,NC,Basic,134479,618,2023-02-26
4810,Jennifer,Rodriguez,25,F,jennifer.rodriguez335@email.com,Chicago,AZ,Basic,129646,618,2023-01-28
4811,Joseph,Jones,73,M,joseph.jones824@email.com,New York,PA,Premium,199410,667,2021-11-02
4812,David,Smith,60,M,david.smith71@email.com,San Diego,AZ,Premium,46539,748,2022-07-21
4813,Patricia,Wilson,47,F,patricia.wilson270@email.com,Philadelphia,NC,Basic,56316,758,2021-12-19
4814,Susan,Garcia,42,M,susan.garcia738@email.com,New York,NC,Standard,51844,553,2022-11-29
4815,Karen,Thomas,30,M,karen.thomas942@email.com,Houston,FL,VIP,153921,574,2021-02-10
4816,Jessica,Martinez,37,F,jessica.martinez353@email.com,Houston,PA,Basic,89993,711,2022-11-04
4817,Jennifer,Johnson,43,M,jennifer.johnson148@email.com,Dallas,OH,Basic,56583,627,2021-06-01
4818,Joseph,Thomas,32,M,joseph.thomas995@email.com,Houston,CA,Basic,110007,603,2023-09-23
4819,Karen,Miller,67,M,karen.miller400@email.com,San Antonio,AZ,Standard,188039,846,2022-11-13
4820,Sarah,Davis,61,F,sarah.davis224@email.com,San Jose,AZ,Standard,163739,646,2022-04-22
4821,Patricia,Johnson,60,F,patricia.johnson880@email.com,Jacksonville,NY,Standard,60506,765,2023-09-27
4822,Linda,Moore,20,M,linda.moore416@email.com,New York,AZ,Basic,154160,630,2023-05-15
4823,Elizabeth,Johnson,67,F,elizabeth.johnson346@email.com,San Antonio,PA,Basic,66265,624,2022-05-17
4824,Robert,Thomas,45,M,robert.thomas476@email.com,Chicago,FL,Basic,146101,803,2021-05-29
4825,Christopher,Moore,28,F,christopher.moore193@email.com,Dallas,FL,Standard,50246,735,2021-02-14
4826,Mary,Brown,57,M,mary.brown75@email.com,Los Angeles,NC,Standard,190036,820,2023-01-11
4827,John,Rodriguez,73,F,john.rodriguez132@email.com,Houston,TX,Basic,101992,639,2022-03-13
4828,Christopher,Wilson,28,M,christopher.wilson383@email.com,Houston,NC,Standard,77536,811,2022-01-09
4829,Daniel,Miller,67,F,daniel.miller166@email.com,Phoenix,IL,Standard,42551,780,2021-10-20
4830,Linda,Davis,53,F,linda.davis207@email.com,New York,NC,Basic,176523,765,2023-02-17
4831,Lisa,Anderson,35,M,lisa.anderson672@email.com,Chicago,FL,Basic,164798,714,2021-04-15
4832,Mary,Martinez,26,F,mary.martinez650@email.com,San Jose,CA,Standard,56410,707,2022-12-16
4833,Karen,Williams,56,M,karen.williams477@email.com,San Antonio,WA,VIP,79982,749,2023-07-06
4834,Richard,Moore,52,M,richard.moore230@email.com,Chicago,NC,Basic,161843,704,2023-02-19
4835,Barbara,Anderson,52,M,barbara.anderson241@email.com,Dallas,AZ,Standard,47174,691,2021-02-04
4836,Elizabeth,Miller,47,F,elizabeth.miller975@email.com,Philadelphia,NY,Basic,131077,679,2022-02-24
4837,Michael,Thomas,73,F,michael.thomas192@email.com,Philadelphia,NC,Basic,152020,637,2021-02-25
4838,Patricia,Taylor,63,F,patricia.taylor241@email.com,Los Angeles,OH,Premium,140867,797,2021-08-16
4839,Jennifer,Jones,29,F,jennifer.jones491@email.com,San Jose,WA,Basic,185912,551,2022-01-06
4840,Karen,Johnson,66,F,karen.johnson190@email.com,Los Angeles,TX,Basic,194063,597,2023-06-28
4841,Jennifer,Williams,51,M,jennifer.williams711@email.com,San Jose,IL,VIP,180965,825,2023-08-09
4842,Richard,Moore,25,M,richard.moore604@email.com,San Antonio,NC,VIP,52861,713,2021-08-05
4843,Karen,Garcia,59,F,karen.garcia28@email.com,San Antonio,CA,Standard,176575,785,2023-11-18
4844,William,Rodriguez,28,F,william.rodriguez845@email.com,Houston,WA,Standard,113184,567,2021-03-27
4845,Linda,Martinez,26,F,linda.martinez35@email.com,San Diego,AZ,Standard,177378,817,2021-05-09
4846,Robert,Garcia,35,M,robert.garcia774@email.com,Phoenix,IL,Premium,161811,566,2022-06-20
4847,Richard,Wilson,38,F,richard.wilson468@email.com,Jacksonville,OH,Standard,83236,809,2022-10-17
4848,Karen,Anderson,67,F,karen.anderson908@email.com,San Antonio,AZ,Standard,197063,739,2021-08-22
4849,Elizabeth,Rodriguez,18,M,elizabeth.rodriguez450@email.com,Chicago,CA,Basic,128545,841,2023-03-12
4850,Charles,Moore,73,F,charles.moore576@email.com,San Diego,WA,Standard,70801,584,2021-04-28
4851,Linda,Smith,51,M,linda.smith77@email.com,Phoenix,PA,Basic,147991,733,2023-01-23
4852,Barbara,Williams,38,F,barbara.williams442@email.com,Jacksonville,NC,Standard,163003,685,2021-01-18
4853,Joseph,Davis,49,F,joseph.davis322@email.com,Dallas,AZ,Basic,30940,740,2021-09-21
4854,Thomas,Williams,27,F,thomas.williams813@email.com,Chicago,NY,Standard,77105,561,2023-04-29
4855,Susan,Smith,73,M,susan.smith893@email.com,Philadelphia,NY,Standard,80318,770,2023-05-07
4856,Susan,Miller,56,M,susan.miller153@email.com,New York,WA,Standard,118177,718,2021-03-16
4857,Mary,Moore,18,M,mary.moore820@email.com,Houston,TX,Basic,169858,715,2022-06-22
4858,Karen,Garcia,23,M,karen.garcia422@email.com,San Jose,IL,Standard,163887,743,2021-08-04
4859,Mary,Wilson,74,M,mary.wilson271@email.com,Philadelphia,NY,Standard,61627,556,2021-05-25
4860,Sarah,Johnson,68,M,sarah.johnson846@email.com,Dallas,FL,VIP,179253,757,2023-08-21
4861,Joseph,Anderson,57,F,joseph.anderson490@email.com,Los Angeles,NC,Basic,96688,841,2022-02-03
4862,Sarah,Johnson,21,F,sarah.johnson3@email.com,Chicago,IL,VIP,184251,722,2021-11-08
4863,Nancy,Miller,49,F,nancy.miller650@email.com,New York,NC,Standard,140565,579,2023-07-24
4864,Christopher,Jones,29,F,christopher.jones475@email.com,San Jose,PA,Standard,39795,819,2022-07-10
4865,Lisa,Smith,65,M,lisa.smith480@email.com,Los Angeles,OH,VIP,44021,740,2021-01-21
4866,Patricia,Jones,43,F,patricia.jones411@email.com,Philadelphia,TX,VIP,161359,845,2022-02-22
4867,Robert,Smith,50,F,robert.smith125@email.com,Chicago,PA,VIP,145872,806,2022-03-12
4868,Robert,Smith,70,F,robert.smith427@email.com,Phoenix,OH,Basic,43400,844,2021-05-31
4869,Patricia,Martinez,44,M,patricia.martinez263@email.com,Los Angeles,IL,Standard,45841,820,2023-06-30
4870,Charles,Rodriguez,73,F,charles.rodriguez636@email.com,Austin,AZ,Standard,120021,572,2022-04-11
4871,Thomas,Brown,60,F,thomas.brown868@email.com,New York,WA,Basic,87412,841,2021-10-02
4872,Joseph,Garcia,57,M,joseph.garcia540@email.com,San Diego,PA,Standard,146186,815,2021-08-27
4873,Thomas,Anderson,74,M,thomas.anderson909@email.com,San Antonio,NC,Standard,154367,805,2021-07-11
4874,Robert,Brown,21,F,robert.brown685@email.com,Los Angeles,WA,Basic,137628,829,2023-08-26
4875,Thomas,Moore,57,M,thomas.moore630@email.com,Austin,TX,Standard,191911,641,2023-04-24
4876,Richard,Moore,30,F,richard.moore870@email.com,Jacksonville,NY,Basic,104504,551,2023-10-29
4877,Daniel,Moore,32,M,daniel.moore424@email.com,New York,NY,Standard,91682,737,2022-04-11
4878,Michael,Wilson,40,F,michael.wilson917@email.com,Dallas,WA,Basic,58938,762,2022-11-18
4879,Robert,Martinez,23,M,robert.martinez304@email.com,Dallas,CA,Standard,47075,815,2021-12-17
4880,Thomas,Jones,47,F,thomas.jones957@email.com,New York,CA,Standard,59395,575,2021-01-23
4881,Thomas,Taylor,66,M,thomas.taylor873@email.com,Chicago,OH,Basic,165346,744,2021-07-28
4882,William,Jones,29,F,william.jones943@email.com,Chicago,PA,VIP,166549,596,2023-09-03
4883,David,Rodriguez,69,F,david.rodriguez548@email.com,Dallas,PA,Basic,139696,734,2022-08-21
4884,Daniel,Wilson,27,M,daniel.wilson752@email.com,Austin,CA,Basic,97725,790,2023-01-07
4885,Linda,Garcia,41,M,linda.garcia404@email.com,San Jose,IL,Standard,88340,566,2022-01-25
4886,Linda,Jones,37,M,linda.jones697@email.com,Austin,OH,Standard,120627,806,2023-03-27
4887,Barbara,Garcia,21,F,barbara.garcia46@email.com,New York,AZ,Basic,65954,736,2023-11-27
4888,Thomas,Davis,21,M,thomas.davis35@email.com,Los Angeles,TX,Basic,75869,715,2023-10-11
4889,Daniel,Smith,55,M,daniel.smith278@email.com,Philadelphia,IL,Basic,84027,687,2023-07-07
4890,Elizabeth,Smith,32,M,elizabeth.smith764@email.com,San Antonio,OH,Basic,63434,639,2023-09-06
4891,Thomas,Smith,27,M,thomas.smith759@email.com,New York,NC,Standard,194066,845,2023-06-16
4892,Sarah,Brown,43,M,sarah.brown367@email.com,Houston,NC,Basic,62572,824,2023-11-08
4893,David,Garcia,28,F,david.garcia825@email.com,Dallas,IL,Standard,111244,817,2023-07-17
4894,Thomas,Miller,31,M,thomas.miller446@email.com,Chicago,NC,Standard,160707,774,2022-01-22
4895,Jennifer,Thomas,45,F,jennifer.thomas772@email.com,Houston,CA,Premium,194494,679,2022-04-17
4896,Richard,Davis,21,F,richard.davis187@email.com,San Diego,FL,Standard,90102,777,2021-09-25
4897,Linda,Taylor,37,F,linda.taylor897@email.com,Chicago,NY,Basic,167805,674,2021-10-01
4898,Christopher,Jones,71,M,christopher.jones562@email.com,Phoenix,OH,Standard,41678,773,2021-12-07
4899,Patricia,Rodriguez,59,F,patricia.rodriguez56@email.com,Los Angeles,NC,VIP,114800,801,2021-08-19
4900,James,Williams,72,M,james.williams976@email.com,Los Angeles,OH,VIP,156369,598,2021-04-06
4901,Daniel,Taylor,33,F,daniel.taylor675@email.com,San Antonio,CA,Standard,89380,690,2021-05-02
4902,Robert,Williams,45,M,robert.williams184@email.com,Dallas,TX,Standard,67163,751,2022-10-13
4903,Elizabeth,Smith,74,M,elizabeth.smith750@email.com,New York,CA,Basic,111161,778,2022-02-20
4904,Jennifer,Brown,21,F,jennifer.brown89@email.com,Philadelphia,NY,Standard,65261,647,2021-12-22
4905,Robert,Martinez,60,F,robert.martinez214@email.com,San Diego,NY,Standard,169591,800,2021-10-30
4906,Robert,Taylor,42,F,robert.taylor373@email.com,San Antonio,AZ,Premium,128424,718,2021-11-03
4907,Thomas,Wilson,23,F,thomas.wilson119@email.com,Los Angeles,CA,VIP,173447,598,2022-04-29
4908,Susan,Thomas,66,F,susan.thomas299@email.com,Los Angeles,PA,Standard,155037,730,2023-04-16
4909,Nancy,Anderson,64,M,nancy.anderson293@email.com,San Diego,CA,Basic,66088,789,2021-04-19
4910,Elizabeth,Garcia,59,F,elizabeth.garcia930@email.com,San Antonio,FL,Basic,76115,773,2023-06-01
4911,John,Taylor,45,F,john.taylor984@email.com,San Antonio,OH,Standard,89707,846,2023-02-13
4912,James,Johnson,47,F,james.johnson511@email.com,San Diego,NY,Basic,152673,636,2023-11-01
4913,Thomas,Rodriguez,48,M,thomas.rodriguez735@email.com,San Diego,OH,Basic,90543,579,2023-01-05
4914,John,Anderson,25,F,john.anderson604@email.com,Houston,NC,Standard,97625,612,2021-05-18
4915,Christopher,Miller,63,F,christopher.miller737@email.com,San Diego,NC,Standard,198609,700,2021-02-10
4916,David,Garcia,32,M,david.garcia345@email.com,Houston,NY,VIP,149915,647,2022-10-15
4917,Lisa,Smith,61,M,lisa.smith218@email.com,Chicago,FL,Standard,109896,557,2023-09-01
4918,David,Johnson,70,F,david.johnson434@email.com,Houston,CA,Standard,52149,669,2022-06-13
4919,Mary,Anderson,57,M,mary.anderson366@email.com,San Antonio,NY,Basic,78531,623,2021-05-28
4920,Elizabeth,Rodriguez,47,M,elizabeth.rodriguez101@email.com,Austin,OH,Standard,116315,583,2022-11-18
4921,Jennifer,Martinez,18,F,jennifer.martinez35@email.com,San Antonio,OH,Standard,98410,809,2022-06-15
4922,Nancy,Martinez,25,F,nancy.martinez416@email.com,San Antonio,NY,Standard,73142,677,2023-05-29
4923,Barbara,Taylor,57,M,barbara.taylor178@email.com,San Jose,TX,Standard,110402,622,2021-01-07
4924,Thomas,Garcia,70,F,thomas.garcia992@email.com,San Antonio,WA,Premium,131074,797,2021-06-15
4925,Patricia,Brown,64,F,patricia.brown793@email.com,San Antonio,NY,Standard,184941,842,2021-06-20
4926,Michael,Wilson,65,F,michael.wilson389@email.com,San Antonio,FL,Standard,48524,830,2022-06-02
4927,Nancy,Taylor,54,F,nancy.taylor781@email.com,Jacksonville,NY,Premium,190843,768,2022-08-11
4928,Thomas,Rodriguez,42,F,thomas.rodriguez592@email.com,Houston,FL,Standard,48112,750,2023-09-16
4929,Barbara,Smith,42,F,barbara.smith460@email.com,San Jose,PA,VIP,73566,759,2022-01-29
4930,Mary,Smith,18,M,mary.smith416@email.com,Houston,FL,Premium,116133,828,2021-08-20
4931,Daniel,Garcia,33,M,daniel.garcia352@email.com,Jacksonville,OH,Premium,72969,598,2021-04-20
4932,William,Davis,24,F,william.davis681@email.com,San Antonio,TX,Premium,38955,562,2022-11-06
4933,Jennifer,Brown,44,F,jennifer.brown251@email.com,San Jose,OH,Premium,195160,755,2023-01-04
4934,Barbara,Rodriguez,33,F,barbara.rodriguez383@email.com,Jacksonville,FL,Standard,92567,556,2023-11-13
4935,Jessica,Rodriguez,40,M,jessica.rodriguez901@email.com,Los Angeles,OH,Standard,196117,631,2023-12-19
4936,Thomas,Smith,31,F,thomas.smith340@email.com,Jacksonville,FL,Standard,159576,603,2022-12-06
4937,James,Williams,29,M,james.williams508@email.com,Chicago,OH,Basic,197814,647,2022-12-04
4938,Patricia,Garcia,33,M,patricia.garcia407@email.com,Austin,PA,Standard,143583,595,2022-12-16
4939,Jennifer,Davis,27,M,jennifer.davis943@email.com,San Diego,AZ,VIP,166382,618,2021-04-23
4940,Richard,Jones,65,F,richard.jones592@email.com,Jacksonville,AZ,Standard,51096,691,2023-08-02
4941,Patricia,Wilson,32,F,patricia.wilson833@email.com,Houston,NY,Basic,117477,702,2023-04-04
4942,Christopher,Anderson,33,M,christopher.anderson649@email.com,Philadelphia,FL,Standard,50095,679,2022-12-16
4943,Karen,Martinez,31,F,karen.martinez957@email.com,San Jose,IL,Basic,170486,792,2021-11-02
4944,Elizabeth,Thomas,37,M,elizabeth.thomas161@email.com,Chicago,OH,VIP,188027,787,2023-03-30
4945,Sarah,Garcia,48,M,sarah.garcia2@email.com,Los Angeles,NY,Premium,54252,649,2021-09-16
4946,Linda,Wilson,38,F,linda.wilson652@email.com,Houston,OH,Standard,116703,699,2022-03-15
4947,Jennifer,Anderson,40,F,jennifer.anderson129@email.com,Jacksonville,NY,Standard,188881,833,2023-01-11
4948,John,Anderson,21,M,john.anderson312@email.com,Austin,WA,VIP,72006,830,2023-08-03
4949,Charles,Miller,23,M,charles.miller387@email.com,Los Angeles,NC,Standard,106993,593,2021-11-19
4950,Lisa,Johnson,53,M,lisa.johnson584@email.com,Houston,IL,Standard,80156,647,2022-01-02
4951,John,Smith,61,M,john.smith488@email.com,Jacksonville,PA,Premium,188049,752,2022-10-04
4952,Thomas,Williams,57,F,thomas.williams141@email.com,Los Angeles,NY,Premium,82052,694,2022-03-13
4953,William,Williams,49,F,william.williams287@email.com,Philadelphia,FL,Standard,74439,598,2023-01-13
4954,Barbara,Martinez,62,F,barbara.martinez657@email.com,San Antonio,PA,Standard,173224,588,2022-01-19
4955,James,Anderson,43,M,james.anderson133@email.com,Chicago,IL,Premium,133040,811,2022-11-01
4956,Daniel,Brown,57,F,daniel.brown582@email.com,San Diego,NC,Standard,49454,702,2023-02-06
4957,Richard,Jones,32,M,richard.jones57@email.com,San Diego,NC,Basic,159019,815,2022-11-18
4958,Jessica,Williams,49,F,jessica.williams623@email.com,Dallas,OH,Basic,118239,568,2021-05-02
4959,Michael,Wilson,37,F,michael.wilson453@email.com,Dallas,OH,Basic,149178,826,2021-09-14
4960,David,Anderson,32,F,david.anderson392@email.com,Dallas,OH,Basic,123058,798,2022-12-13
4961,Daniel,Smith,48,F,daniel.smith234@email.com,Los Angeles,PA,Standard,164393,755,2021-07-27
4962,Robert,Martinez,32,M,robert.martinez529@email.com,Houston,IL,Standard,77589,713,2021-10-14
4963,Lisa,Rodriguez,63,M,lisa.rodriguez448@email.com,Philadelphia,CA,Premium,63604,819,2021-03-10
4964,Patricia,Martinez,62,F,patricia.martinez809@email.com,Jacksonville,NC,Standard,101108,569,2021-03-24
4965,Thomas,Thomas,35,M,thomas.thomas522@email.com,New York,WA,Standard,38805,653,2023-04-03
4966,Charles,Williams,54,F,charles.williams511@email.com,Houston,PA,Premium,115918,690,2023-12-16
4967,David,Wilson,47,F,david.wilson723@email.com,Austin,NC,Standard,154595,696,2022-08-18
4968,Christopher,Moore,36,F,christopher.moore797@email.com,San Jose,OH,Standard,70733,682,2022-03-17
4969,David,Rodriguez,70,F,david.rodriguez898@email.com,Phoenix,NC,Basic,66097,600,2023-04-19
4970,Michael,Davis,46,F,michael.davis603@email.com,Chicago,AZ,VIP,146453,722,2023-03-04
4971,Lisa,Garcia,52,M,lisa.garcia491@email.com,Los Angeles,CA,Basic,58847,833,2021-09-22
4972,John,Smith,73,F,john.smith993@email.com,Dallas,TX,Standard,92548,722,2022-03-20
4973,Linda,Smith,57,M,linda.smith898@email.com,Chicago,CA,Standard,153892,769,2022-04-26
4974,Michael,Martinez,40,M,michael.martinez565@email.com,Los Angeles,WA,Standard,76879,660,2021-07-09
4975,Nancy,Brown,53,F,nancy.brown664@email.com,Los Angeles,FL,Basic,37828,836,2022-05-15
4976,Thomas,Rodriguez,43,F,thomas.rodriguez384@email.com,Phoenix,AZ,Premium,51592,837,2023-01-18
4977,Elizabeth,Smith,47,M,elizabeth.smith278@email.com,San Antonio,OH,VIP,166716,665,2022-11-17
4978,Thomas,Williams,65,F,thomas.williams296@email.com,Philadelphia,CA,Basic,155337,556,2022-06-05
4979,Elizabeth,Taylor,52,M,elizabeth.taylor987@email.com,Dallas,WA,Standard,166462,595,2022-01-09
4980,Elizabeth,Garcia,70,F,elizabeth.garcia915@email.com,Houston,FL,Standard,97896,768,2023-07-27
4981,Jennifer,Smith,27,M,jennifer.smith615@email.com,Philadelphia,WA,Basic,96681,656,2021-07-29
4982,Daniel,Anderson,47,F,daniel.anderson538@email.com,San Antonio,OH,Basic,96973,637,2021-10-04
4983,David,Jones,26,M,david.jones825@email.com,Chicago,TX,Premium,147045,712,2023-08-05
4984,Jessica,Garcia,31,F,jessica.garcia484@email.com,Chicago,CA,Basic,75880,688,2021-03-15
4985,David,Davis,46,F,david.davis946@email.com,Phoenix,FL,Basic,46706,643,2021-11-25
4986,John,Jones,61,M,john.jones982@email.com,Dallas,AZ,Standard,59656,688,2022-12-26
4987,Nancy,Garcia,30,F,nancy.garcia225@email.com,San Antonio,NC,Standard,107058,724,2021-01-14
4988,Robert,Brown,70,F,robert.brown806@email.com,Jacksonville,AZ,VIP,50220,664,2023-06-05
4989,Charles,Moore,72,M,charles.moore309@email.com,Chicago,WA,Standard,113985,690,2023-06-07
4990,Charles,Smith,53,M,charles.smith534@email.com,Chicago,OH,Standard,104137,626,2023-03-05
4991,Thomas,Williams,54,F,thomas.williams873@email.com,Austin,CA,Premium,159176,812,2021-03-31
4992,Joseph,Moore,50,M,joseph.moore126@email.com,Philadelphia,IL,Basic,105013,798,2023-08-23
4993,Jennifer,Rodriguez,37,M,jennifer.rodriguez566@email.com,Austin,TX,Standard,75506,617,2021-05-02
4994,James,Rodriguez,33,F,james.rodriguez596@email.com,Chicago,IL,Basic,50938,666,2022-04-13
4995,Susan,Miller,41,M,susan.miller378@email.com,Houston,PA,Standard,119672,598,2022-07-07
4996,William,Jones,69,F,william.jones796@email.com,Los Angeles,WA,Standard,112719,837,2021-08-21
4997,John,Moore,42,M,john.moore483@email.com,Chicago,AZ,Basic,109909,730,2021-01-11
4998,Jennifer,Thomas,67,F,jennifer.thomas581@email.com,Houston,PA,Basic,186879,643,2023-06-23
4999,Susan,Anderson,61,F,susan.anderson627@email.com,San Antonio,TX,Standard,151286,553,2021-01-19
5000,Joseph,Garcia,64,F,joseph.garcia705@email.com,San Jose,OH,VIP,175454,639,2023-09-10
